time,XRP open,XRP high,XRP low,XRP close,XRP volume,XRP quoteVolume
2019-03-20 00:00:00+00:00,0.314,0.321,0.311,0.317,1415590.16603294,443474.16032461793
2019-03-21 00:00:00+00:00,0.317,0.317,0.303,0.309,782117.87490359,242264.1160461387
2019-03-22 00:00:00+00:00,0.309,0.312,0.306,0.31,570221.35711726,176435.8095721675
2019-03-23 00:00:00+00:00,0.309,0.311,0.308,0.31,158172.05993248,48949.63606462756
2019-03-24 00:00:00+00:00,0.309,0.309,0.304,0.306,465113.08225406,142803.24209113797
2019-03-25 00:00:00+00:00,0.306,0.306,0.298,0.3,1104694.73805542,332288.61878703895
2019-03-26 00:00:00+00:00,0.301,0.302,0.292,0.3,733784.47043561,217659.20745051114
2019-03-27 00:00:00+00:00,0.3,0.31,0.299,0.31,386346.96434798,118321.41703246442
2019-03-28 00:00:00+00:00,0.309,0.309,0.303,0.305,677440.96591358,207423.2397058777
2019-03-29 00:00:00+00:00,0.305,0.309,0.304,0.307,754216.98348223,230845.35041919578
2019-03-30 00:00:00+00:00,0.307,0.317,0.307,0.31,888264.90841883,277803.4148484335
2019-03-31 00:00:00+00:00,0.31,0.311,0.307,0.308,901210.46604283,278131.93844521476
2019-04-01 00:00:00+00:00,0.308,0.314,0.307,0.313,1326367.92419953,412973.41120733105
2019-04-02 00:00:00+00:00,0.312,0.36,0.311,0.354,8395918.47381016,2802071.28853194
2019-04-03 00:00:00+00:00,0.354,0.375,0.329,0.343,8921748.9637548,3219231.908687665
2019-04-04 00:00:00+00:00,0.343,0.349,0.325,0.33,2760095.9182364,935661.6202103802
2019-04-05 00:00:00+00:00,0.331,0.378,0.331,0.363,4433684.94435379,1617293.9659576134
2019-04-06 00:00:00+00:00,0.363,0.365,0.347,0.352,1951946.41862409,694090.047475464
2019-04-07 00:00:00+00:00,0.352,0.366,0.35,0.363,1403525.14162276,505209.3965235893
2019-04-08 00:00:00+00:00,0.362,0.371,0.348,0.358,1712161.27092236,612904.0285310892
2019-04-09 00:00:00+00:00,0.356,0.357,0.349,0.349,1029149.45963556,363550.0986961373
2019-04-10 00:00:00+00:00,0.35,0.361,0.349,0.355,798637.31368522,284268.984071545
2019-04-11 00:00:00+00:00,0.355,0.355,0.323,0.328,3142657.98032104,1045142.5963779656
2019-04-12 00:00:00+00:00,0.329,0.331,0.318,0.325,1445504.84916073,471003.24278056197
2019-04-13 00:00:00+00:00,0.325,0.337,0.323,0.327,543577.43875927,177866.86745814426
2019-04-14 00:00:00+00:00,0.326,0.331,0.323,0.329,525480.55467279,171114.30420209258
2019-04-15 00:00:00+00:00,0.329,0.332,0.314,0.319,1713206.38606459,546290.580279099
2019-04-16 00:00:00+00:00,0.319,0.327,0.317,0.326,503040.96635625,162351.207636009
2019-04-17 00:00:00+00:00,0.327,0.342,0.321,0.335,1755409.492468,581716.7582301368
2019-04-18 00:00:00+00:00,0.335,0.348,0.335,0.337,1125374.96729032,381181.1796488728
2019-04-19 00:00:00+00:00,0.337,0.337,0.328,0.332,809043.28364231,268343.62960134074
2019-04-20 00:00:00+00:00,0.332,0.334,0.323,0.328,548902.01166529,181980.83984486538
2019-04-21 00:00:00+00:00,0.329,0.329,0.317,0.322,496880.87378599,159562.36405676845
2019-04-22 00:00:00+00:00,0.323,0.333,0.319,0.324,553716.16286783,180042.74965283924
2019-04-23 00:00:00+00:00,0.323,0.329,0.321,0.321,1136152.74055666,368872.1045593941
2019-04-24 00:00:00+00:00,0.32,0.322,0.292,0.3,3934061.49937736,1191554.0200582005
2019-04-25 00:00:00+00:00,0.301,0.307,0.28,0.287,3396458.0294826,986069.7298505375
2019-04-26 00:00:00+00:00,0.286,0.296,0.283,0.294,1949247.39894666,562775.5105827841
2019-04-27 00:00:00+00:00,0.294,0.297,0.29,0.292,658419.02506786,192486.30358804378
2019-04-28 00:00:00+00:00,0.292,0.295,0.288,0.291,416375.11694154,121129.9563445452
2019-04-29 00:00:00+00:00,0.291,0.293,0.284,0.287,498041.00231329,143419.7703697338
2019-04-30 00:00:00+00:00,0.289,0.308,0.287,0.306,1255707.19700918,379246.1860065847
2019-05-01 00:00:00+00:00,0.307,0.308,0.297,0.299,688316.96301625,206925.37550064526
2019-05-02 00:00:00+00:00,0.3,0.301,0.295,0.297,687226.35331618,204281.40793210905
2019-05-03 00:00:00+00:00,0.296,0.307,0.296,0.303,1685133.5665732,510102.9991701388
2019-05-04 00:00:00+00:00,0.3039,0.312,0.2948,0.299,1095292.76888825,326091.2014760503
2019-05-05 00:00:00+00:00,0.3,0.301,0.296,0.298,764740.79038161,227655.78644941343
2019-05-06 00:00:00+00:00,0.29701,0.30301,0.292,0.3,935804.94939688,277429.37880740187
2019-05-07 00:00:00+00:00,0.3,0.30378,0.293,0.293,595300.91349858,178316.45277407728
2019-05-08 00:00:00+00:00,0.29285,0.299,0.29101,0.29702,626934.18571325,185733.28629583694
2019-05-09 00:00:00+00:00,0.297,0.29963,0.29,0.294,560773.74577041,165338.44152369653
2019-05-10 00:00:00+00:00,0.29301,0.3,0.29,0.29787,573580.36254571,169897.92496544597
2019-05-11 00:00:00+00:00,0.29795,0.341,0.2979,0.32301,2829900.29213779,906786.0203379967
2019-05-12 00:00:00+00:00,0.3216,0.332,0.305,0.31,2306515.05377106,730810.7539693776
2019-05-13 00:00:00+00:00,0.30908,0.33223,0.30721,0.325,2652519.1333088,863449.6926344992
2019-05-14 00:00:00+00:00,0.32566,0.422,0.323,0.41,10139081.4521743,3907752.7776565664
2019-05-15 00:00:00+00:00,0.41,0.46999,0.40807,0.45999,6005749.28828734,2629006.6946421056
2019-05-16 00:00:00+00:00,0.45803,0.47978,0.39348,0.418,5975159.52431848,2595753.373115774
2019-05-17 00:00:00+00:00,0.419,0.42399,0.35801,0.389,6225197.49540991,2358985.678647158
2019-05-18 00:00:00+00:00,0.389,0.39401,0.365,0.373,1401556.60800899,530521.5377326891
2019-05-19 00:00:00+00:00,0.372,0.429,0.37101,0.4195,2841844.98692041,1156099.0909735202
2019-05-20 00:00:00+00:00,0.418,0.418,0.38,0.4,2065703.82218011,819293.5859009085
2019-05-21 00:00:00+00:00,0.4,0.408,0.38841,0.399,1078748.03989127,428352.547916788
2019-05-22 00:00:00+00:00,0.39899,0.41202,0.36678,0.372,4980858.74913723,1933788.44560598
2019-05-23 00:00:00+00:00,0.37,0.38499,0.362,0.381,1055266.49620311,393121.1435808833
2019-05-24 00:00:00+00:00,0.382,0.39599,0.373,0.384,938572.4833527,363653.2792481084
2019-05-25 00:00:00+00:00,0.38598,0.39696,0.38205,0.387,951012.21809728,369707.4229355005
2019-05-26 00:00:00+00:00,0.387,0.415,0.375,0.41,4504599.41699485,1828888.7695045983
2019-05-27 00:00:00+00:00,0.41,0.44682,0.406,0.433,2751319.1183078,1158789.882874897
2019-05-28 00:00:00+00:00,0.43301,0.46,0.41999,0.44921,3481692.77751672,1522773.7848253483
2019-05-29 00:00:00+00:00,0.44699,0.457,0.42046,0.443,2122571.71656756,939549.3541034337
2019-05-30 00:00:00+00:00,0.44301,0.474,0.401,0.419,4131568.74495463,1822249.4531870503
2019-05-31 00:00:00+00:00,0.4182,0.44095,0.408,0.438,1437034.75860793,610215.1400075644
2019-06-01 00:00:00+00:00,0.439,0.441,0.42,0.43,1015322.81380078,438746.50815654284
2019-06-02 00:00:00+00:00,0.429,0.44699,0.429,0.44599,1213603.57581553,533497.8228136296
2019-06-03 00:00:00+00:00,0.445,0.46368,0.41607,0.4167,2575828.14951348,1138814.6946196496
2019-06-04 00:00:00+00:00,0.41799,0.418,0.384,0.398,4144711.06001862,1665673.5865136934
2019-06-05 00:00:00+00:00,0.399,0.406,0.388,0.403,1918918.89895371,764862.8251845137
2019-06-06 00:00:00+00:00,0.4,0.428,0.392,0.42097,2261818.99512738,926904.4821288643
2019-06-07 00:00:00+00:00,0.42099,0.43199,0.416,0.42125,1474386.42615981,623800.0051000726
2019-06-08 00:00:00+00:00,0.42,0.422,0.404,0.41,2233446.14233299,913211.4286281735
2019-06-09 00:00:00+00:00,0.41083,0.41162,0.3737,0.38699,1698648.04797186,661258.4704712894
2019-06-10 00:00:00+00:00,0.385,0.40578,0.38101,0.4015,874429.81695805,345539.8734532837
2019-06-11 00:00:00+00:00,0.403,0.403,0.38399,0.394,1998354.74797746,776819.3140732948
2019-06-12 00:00:00+00:00,0.394,0.404,0.38601,0.402,1437666.65966872,569647.9342895118
2019-06-13 00:00:00+00:00,0.40199,0.41,0.397,0.39997,727137.61222133,292633.8217752572
2019-06-14 00:00:00+00:00,0.4,0.40535,0.392,0.405,1106058.43139236,439351.6656845263
2019-06-15 00:00:00+00:00,0.40499,0.4149,0.403,0.411,837815.42254888,342759.671331666
2019-06-16 00:00:00+00:00,0.41259,0.442,0.409,0.428,2150038.23723124,909251.0638809684
2019-06-17 00:00:00+00:00,0.428,0.46199,0.427,0.448,2529500.1641848,1121127.0412125208
2019-06-18 00:00:00+00:00,0.44702,0.45698,0.419,0.42603,1996087.10116497,871067.5797046175
2019-06-19 00:00:00+00:00,0.428,0.439,0.425,0.43455,1843263.2700314,793713.6051413551
2019-06-20 00:00:00+00:00,0.435,0.437,0.42,0.43001,1266863.96526345,543291.3253969902
2019-06-21 00:00:00+00:00,0.43001,0.45,0.43001,0.445,1786280.45048104,786091.4853731181
2019-06-22 00:00:00+00:00,0.445,0.507,0.44201,0.472,5182051.90286937,2431843.3777581
2019-06-23 00:00:00+00:00,0.475,0.48898,0.461,0.46501,1517949.79416624,722952.2527931245
2019-06-24 00:00:00+00:00,0.465,0.474,0.44565,0.47292,1427685.56472144,653911.9893455857
2019-06-25 00:00:00+00:00,0.474,0.475,0.45403,0.46598,1323511.56997732,616477.393273598
2019-06-26 00:00:00+00:00,0.467,0.492,0.43309,0.457,4881708.72313738,2296032.007683167
2019-06-27 00:00:00+00:00,0.45699,0.4649,0.38,0.40598,4197557.14169693,1754959.2241626447
2019-06-28 00:00:00+00:00,0.403,0.42252,0.397,0.42101,1747393.86624349,719213.4712720881
2019-06-29 00:00:00+00:00,0.422,0.427,0.401,0.424,1247247.17703815,519852.5710536843
2019-06-30 00:00:00+00:00,0.425,0.426,0.39141,0.39141,1649141.50971233,670777.083129614
2019-07-01 00:00:00+00:00,0.39141,0.418,0.387,0.40771,992755.09819836,394548.7913807761
2019-07-02 00:00:00+00:00,0.40589,0.407,0.381,0.39701,566822.34287709,222533.4901940788
2019-07-03 00:00:00+00:00,0.4,0.40799,0.396,0.40507,962159.67813996,385350.87241972
2019-07-04 00:00:00+00:00,0.40507,0.40594,0.38599,0.38699,774455.20748579,306183.5552909548
2019-07-05 00:00:00+00:00,0.386,0.3877,0.374,0.37999,1052168.22873757,399274.650172984
2019-07-06 00:00:00+00:00,0.38,0.41,0.38,0.38999,1105130.9891974,438515.28499432467
2019-07-07 00:00:00+00:00,0.39,0.4,0.38763,0.39801,379611.59989752,149601.34381108946
2019-07-08 00:00:00+00:00,0.39963,0.40495,0.393,0.40202,669782.05086927,267601.84899353696
2019-07-09 00:00:00+00:00,0.40201,0.40703,0.39004,0.394,912758.8285751,364469.1503050073
2019-07-10 00:00:00+00:00,0.3935,0.39699,0.352,0.361,2577646.21011397,941120.167192891
2019-07-11 00:00:00+00:00,0.361,0.362,0.319,0.327,2361796.84649758,795592.8570142762
2019-07-12 00:00:00+00:00,0.327,0.35,0.32,0.346,793116.91665574,269801.5610875993
2019-07-13 00:00:00+00:00,0.34499,0.34499,0.324,0.332,471730.87546869,156471.69985106526
2019-07-14 00:00:00+00:00,0.333,0.334,0.3,0.304,1155414.55583148,365161.85198852443
2019-07-15 00:00:00+00:00,0.305,0.32397,0.29,0.31499,2161425.72761432,664939.0153846412
2019-07-16 00:00:00+00:00,0.313,0.31997,0.284,0.295,2747223.46543415,823266.4315062485
2019-07-17 00:00:00+00:00,0.297,0.324,0.29317,0.31,2020332.75935854,618630.0237921557
2019-07-18 00:00:00+00:00,0.312,0.32604,0.304,0.32101,1087428.49788478,345479.3685198981
2019-07-19 00:00:00+00:00,0.32101,0.32291,0.31,0.32,971579.23457379,308013.9714398958
2019-07-20 00:00:00+00:00,0.321,0.342,0.32,0.334,1737692.50563877,573832.2128466207
2019-07-21 00:00:00+00:00,0.333,0.335,0.32199,0.33,389218.56253699,127776.34055366358
2019-07-22 00:00:00+00:00,0.33199,0.33298,0.316,0.32036,694945.08266091,224573.38372516268
2019-07-23 00:00:00+00:00,0.32039,0.32085,0.307,0.309,641334.60646785,200548.4213534798
2019-07-24 00:00:00+00:00,0.307,0.3182,0.303,0.31599,500487.37612771,155590.26766800598
2019-07-25 00:00:00+00:00,0.316,0.3235,0.31202,0.314,384693.55592951,122168.91672372313
2019-07-26 00:00:00+00:00,0.31316,0.32586,0.30802,0.32297,554791.28154673,176031.59214535137
2019-07-27 00:00:00+00:00,0.32224,0.329,0.30361,0.31,877787.71546005,276319.02757360553
2019-07-28 00:00:00+00:00,0.309,0.31429,0.29904,0.312,418413.19703641,128765.7809124536
2019-07-29 00:00:00+00:00,0.31199,0.314,0.30592,0.31,412408.15989646,127439.48441075598
2019-07-30 00:00:00+00:00,0.30927,0.3226,0.30639,0.319,510644.43618964,161200.15340911702
2019-07-31 00:00:00+00:00,0.319,0.32365,0.316,0.32,370537.57001324,118265.24121868193
2019-08-01 00:00:00+00:00,0.32,0.32,0.31202,0.31673,283378.36668608,89114.56142891622
2019-08-02 00:00:00+00:00,0.315,0.31811,0.30928,0.31256,353726.5253698,110939.82463902126
2019-08-03 00:00:00+00:00,0.31213,0.31777,0.31112,0.3163,212484.72095909,67039.50654213772
2019-08-04 00:00:00+00:00,0.3164,0.32307,0.31293,0.32,193564.55244326,61612.904649940756
2019-08-05 00:00:00+00:00,0.32,0.331,0.31966,0.32136,668920.01440805,217143.1035480051
2019-08-06 00:00:00+00:00,0.322,0.32483,0.30755,0.311,788879.15113063,248641.36363961606
2019-08-07 00:00:00+00:00,0.311,0.31599,0.307,0.311,505125.47819364,156736.46105733194
2019-08-08 00:00:00+00:00,0.311,0.3114,0.304,0.308,469628.83417678,144260.47136762954
2019-08-09 00:00:00+00:00,0.308,0.30808,0.29,0.29528,626822.00019658,187088.44172657552
2019-08-10 00:00:00+00:00,0.296,0.3058,0.29011,0.29885,304230.96548062,90412.58169872506
2019-08-11 00:00:00+00:00,0.299,0.306,0.295,0.30276,294327.03616618,88198.58582628165
2019-08-12 00:00:00+00:00,0.3023,0.30306,0.29814,0.30061,236764.11557143,71160.5972669555
2019-08-13 00:00:00+00:00,0.30084,0.30098,0.29199,0.29664,316193.42709076,93495.67914404962
2019-08-14 00:00:00+00:00,0.29664,0.29709,0.2542,0.26201,1470154.60484263,398648.84038667305
2019-08-15 00:00:00+00:00,0.263,0.26796,0.25005,0.264,722063.67016058,188035.27346477204
2019-08-16 00:00:00+00:00,0.26398,0.26574,0.255,0.26174,550582.25961027,143233.1216056096
2019-08-17 00:00:00+00:00,0.26174,0.26851,0.25969,0.26597,402677.31832217,106388.11200148817
2019-08-18 00:00:00+00:00,0.2648,0.2915,0.26366,0.28301,951974.3736463,267869.51633087883
2019-08-19 00:00:00+00:00,0.28285,0.29032,0.27662,0.28228,1253943.94577876,354347.9665833075
2019-08-20 00:00:00+00:00,0.28218,0.28218,0.2712,0.27443,352587.25888827,96928.76248189625
2019-08-21 00:00:00+00:00,0.27363,0.27425,0.25808,0.26597,1157639.72270951,304233.5349765348
2019-08-22 00:00:00+00:00,0.26625,0.27369,0.26146,0.271,362976.23012133,97299.09847116249
2019-08-23 00:00:00+00:00,0.27029,0.27862,0.26786,0.27631,214381.86095124,58769.89220220014
2019-08-24 00:00:00+00:00,0.27691,0.27715,0.264,0.27063,406078.14450185,110421.74469547375
2019-08-25 00:00:00+00:00,0.27232,0.27637,0.26648,0.26694,130821.3547193,35536.66560780134
2019-08-26 00:00:00+00:00,0.27164,0.28,0.267,0.26964,453433.23799024,124238.97525654397
2019-08-27 00:00:00+00:00,0.26964,0.26999,0.265,0.26851,253793.24834087,68150.33539805993
2019-08-28 00:00:00+00:00,0.26832,0.26832,0.24698,0.25616,937453.87412362,241112.51376748402
2019-08-29 00:00:00+00:00,0.255,0.26238,0.24741,0.25707,823444.67804807,208016.84321715252
2019-08-30 00:00:00+00:00,0.255,0.25683,0.253,0.25511,400037.86778053,102154.83773348494
2019-08-31 00:00:00+00:00,0.25518,0.26,0.25323,0.25759,699134.19297188,179278.76820856717
2019-09-01 00:00:00+00:00,0.2583,0.2583,0.2515,0.25611,1196622.36782456,305885.4587106866
2019-09-02 00:00:00+00:00,0.25599,0.26469,0.25411,0.26124,354217.0656196,91596.27789750941
2019-09-03 00:00:00+00:00,0.26125,0.267,0.25872,0.26594,1949778.10725825,514275.92118894256
2019-09-04 00:00:00+00:00,0.26226,0.26305,0.2561,0.25882,441516.09600752,114711.42031125176
2019-09-05 00:00:00+00:00,0.25853,0.25956,0.254,0.25683,325067.25454774,83307.79689752283
2019-09-06 00:00:00+00:00,0.25685,0.25929,0.2475,0.25001,1425318.87807898,362174.62070677005
2019-09-07 00:00:00+00:00,0.25072,0.263,0.2505,0.26154,413798.61542486,105994.2672415066
2019-09-08 00:00:00+00:00,0.26117,0.266,0.2566,0.26231,269198.63599682,70443.5742335171
2019-09-09 00:00:00+00:00,0.26239,0.2649,0.25662,0.25912,265626.37489927,69144.43059368234
2019-09-10 00:00:00+00:00,0.25912,0.26322,0.25338,0.25886,322279.4002696,83645.22906150745
2019-09-11 00:00:00+00:00,0.259,0.26006,0.25163,0.25561,320229.51293845,81579.69800352433
2019-09-12 00:00:00+00:00,0.25556,0.2565,0.251,0.25455,508435.43223566,129034.31252700399
2019-09-13 00:00:00+00:00,0.25455,0.25609,0.25285,0.25526,495947.86978517,126085.73855487833
2019-09-14 00:00:00+00:00,0.25555,0.266,0.25428,0.26231,390354.40929053,102077.54995402189
2019-09-15 00:00:00+00:00,0.26232,0.26443,0.25899,0.2595,162554.42364219,42577.26908787905
2019-09-16 00:00:00+00:00,0.26138,0.264,0.25701,0.26029,701736.09377091,183526.08343900635
2019-09-17 00:00:00+00:00,0.26158,0.29895,0.2606,0.2845,2994969.54365838,839241.4260585367
2019-09-18 00:00:00+00:00,0.28597,0.32601,0.28597,0.3126,3061799.6654752,950931.1706489798
2019-09-19 00:00:00+00:00,0.31365,0.31367,0.28304,0.30206,2005477.28249912,597164.1603846977
2019-09-20 00:00:00+00:00,0.30101,0.30101,0.28401,0.29346,836273.47032253,245463.10700043058
2019-09-21 00:00:00+00:00,0.293,0.29698,0.28699,0.28998,326333.19667855,94981.17324655452
2019-09-22 00:00:00+00:00,0.28937,0.28937,0.269,0.27792,860153.99837199,239411.72785643899
2019-09-23 00:00:00+00:00,0.27605,0.2862,0.26639,0.26639,854834.83628977,235566.08965085362
2019-09-24 00:00:00+00:00,0.26678,0.27219,0.216,0.234,3000625.87855734,735376.507815812
2019-09-25 00:00:00+00:00,0.234,0.24974,0.23293,0.24594,729795.47500001,175452.63980674505
2019-09-26 00:00:00+00:00,0.24479,0.24975,0.22901,0.245,1057061.58086259,254123.54078331118
2019-09-27 00:00:00+00:00,0.24282,0.24798,0.234,0.2424,550783.66391283,133095.31380228692
2019-09-28 00:00:00+00:00,0.243,0.24798,0.23869,0.24179,345788.79556405,83882.21771615733
2019-09-29 00:00:00+00:00,0.24225,0.24225,0.23508,0.242,299052.50766443,71230.48302873058
2019-09-30 00:00:00+00:00,0.23915,0.261,0.23575,0.25603,1660000.6244813,419335.5241102321
2019-10-01 00:00:00+00:00,0.25679,0.262,0.24578,0.25007,742896.54616356,189521.5659220497
2019-10-02 00:00:00+00:00,0.24986,0.255,0.2445,0.25478,593834.57415072,148531.95580404092
2019-10-03 00:00:00+00:00,0.25442,0.25446,0.242,0.24768,414483.62747994,102279.72816506734
2019-10-04 00:00:00+00:00,0.24747,0.25689,0.24589,0.25332,368674.67034131,92820.80988997911
2019-10-05 00:00:00+00:00,0.2522,0.25655,0.24787,0.253,412579.26887299,104280.96247509224
2019-10-06 00:00:00+00:00,0.253,0.25698,0.25121,0.25259,318204.89983235,80709.60006787656
2019-10-07 00:00:00+00:00,0.25523,0.281,0.25492,0.27656,1383077.97896849,378228.4783848075
2019-10-08 00:00:00+00:00,0.27511,0.286,0.27032,0.27713,776407.0839604,215547.519131449
2019-10-09 00:00:00+00:00,0.27701,0.288,0.2739,0.2827,819638.23203212,230982.72110148007
2019-10-10 00:00:00+00:00,0.2827,0.2827,0.26519,0.27101,486554.39095155,132928.92125854464
2019-10-11 00:00:00+00:00,0.27125,0.27662,0.26551,0.26644,517530.99792138,139496.55587897726
2019-10-12 00:00:00+00:00,0.26928,0.278,0.26928,0.273,246033.92188305,67372.67727097671
2019-10-13 00:00:00+00:00,0.27301,0.28196,0.27145,0.27769,238608.68693599,66129.35358805972
2019-10-14 00:00:00+00:00,0.27734,0.2985,0.2764,0.2985,1377874.5643839,399108.136839243
2019-10-15 00:00:00+00:00,0.29898,0.29901,0.2837,0.28806,900709.52413002,263610.6105927556
2019-10-16 00:00:00+00:00,0.28816,0.292,0.27849,0.28396,706912.18951125,201193.0733880298
2019-10-17 00:00:00+00:00,0.28347,0.30313,0.28001,0.30194,1261914.62448707,372757.5025164302
2019-10-18 00:00:00+00:00,0.30118,0.30214,0.28413,0.29404,793920.74287876,230747.45842928535
2019-10-19 00:00:00+00:00,0.29356,0.29899,0.288,0.29037,343324.81868099,100229.28099555692
2019-10-20 00:00:00+00:00,0.292,0.297,0.282,0.29337,622945.02783026,180231.24044476013
2019-10-21 00:00:00+00:00,0.29289,0.2945,0.28901,0.29329,209589.68854791,61268.13073471481
2019-10-22 00:00:00+00:00,0.29256,0.302,0.289,0.29183,723913.42877601,212996.83252630368
2019-10-23 00:00:00+00:00,0.29085,0.29169,0.2545,0.273,1868462.28637793,513410.8952853748
2019-10-24 00:00:00+00:00,0.273,0.28073,0.26602,0.27782,634888.76723579,173820.8076016294
2019-10-25 00:00:00+00:00,0.27548,0.30798,0.27545,0.29797,2463165.0431657,721804.174168448
2019-10-26 00:00:00+00:00,0.29949,0.31495,0.28423,0.294,2760797.63755832,834803.396649811
2019-10-27 00:00:00+00:00,0.29465,0.30267,0.29085,0.29902,1033159.58675355,307815.6867585851
2019-10-28 00:00:00+00:00,0.2998,0.30698,0.29402,0.29545,918480.45589194,273739.49819782935
2019-10-29 00:00:00+00:00,0.29617,0.30966,0.29512,0.30318,582054.62242171,175317.47798327755
2019-10-30 00:00:00+00:00,0.30201,0.3063,0.29076,0.295,474069.89750555,140475.215541902
2019-10-31 00:00:00+00:00,0.29715,0.298,0.28847,0.29471,722208.68041889,212205.7200718542
2019-11-01 00:00:00+00:00,0.29477,0.29497,0.2845,0.29222,609974.26238331,177437.89099546315
2019-11-02 00:00:00+00:00,0.293,0.29798,0.29188,0.29573,253045.64201118,74584.10605883648
2019-11-03 00:00:00+00:00,0.29594,0.2964,0.28907,0.29001,360657.96540303,105347.00307771622
2019-11-04 00:00:00+00:00,0.29005,0.3005,0.2895,0.29994,904720.11395519,267268.89579732035
2019-11-05 00:00:00+00:00,0.29998,0.30432,0.29503,0.30168,419073.27591636,126024.42611037425
2019-11-06 00:00:00+00:00,0.29986,0.313,0.297,0.31,873047.07018703,262578.1960320913
2019-11-07 00:00:00+00:00,0.31001,0.314,0.27505,0.29099,1484816.53648051,434451.1183473854
2019-11-08 00:00:00+00:00,0.28986,0.29094,0.271,0.27597,1030584.08931898,287722.4718906723
2019-11-09 00:00:00+00:00,0.2758,0.28157,0.275,0.27822,422791.90290841,117926.30163983763
2019-11-10 00:00:00+00:00,0.27945,0.28394,0.27714,0.27907,486577.3773766,136649.83983497822
2019-11-11 00:00:00+00:00,0.27907,0.28067,0.27,0.27348,580528.91965001,158940.4156416509
2019-11-12 00:00:00+00:00,0.27395,0.276,0.26702,0.27177,219569.28414763,59518.98374717222
2019-11-13 00:00:00+00:00,0.27218,0.275,0.26977,0.27232,262526.83211242,71481.87892036031
2019-11-14 00:00:00+00:00,0.27155,0.27228,0.263,0.26766,429052.74216751,114328.65010178844
2019-11-15 00:00:00+00:00,0.2679,0.2688,0.252,0.25989,564849.69988057,147073.43180899648
2019-11-16 00:00:00+00:00,0.25998,0.264,0.25925,0.26262,434975.84366768,113313.9571291911
2019-11-17 00:00:00+00:00,0.2622,0.26592,0.25895,0.26304,228638.62148076,60199.97807118249
2019-11-18 00:00:00+00:00,0.26325,0.26325,0.24094,0.25231,527496.25939676,133585.10656238458
2019-11-19 00:00:00+00:00,0.25253,0.25549,0.2435,0.25303,323137.99856622,80681.9877599884
2019-11-20 00:00:00+00:00,0.25313,0.25864,0.24719,0.249,786899.50729808,198384.55176109116
2019-11-21 00:00:00+00:00,0.24997,0.252,0.235,0.24364,900013.99628948,219174.95897484972
2019-11-22 00:00:00+00:00,0.2439,0.24555,0.222,0.23178,1181230.5101845,274427.5337339106
2019-11-23 00:00:00+00:00,0.23063,0.2359,0.22632,0.23385,1048895.82904486,239784.67281686378
2019-11-24 00:00:00+00:00,0.2342,0.2342,0.219,0.21905,299036.66011061,67911.66241083344
2019-11-25 00:00:00+00:00,0.21804,0.225,0.20032,0.21867,1671168.14993496,357817.600192098
2019-11-26 00:00:00+00:00,0.21799,0.2214,0.214,0.22099,886975.3500574,193252.9689203733
2019-11-27 00:00:00+00:00,0.2194,0.22991,0.21301,0.22458,1925883.72754575,429180.0062423044
2019-11-28 00:00:00+00:00,0.22458,0.22946,0.223,0.22386,616718.38257616,140066.1302430643
2019-11-29 00:00:00+00:00,0.22352,0.232,0.22352,0.23045,930544.16024392,212005.97134065875
2019-11-30 00:00:00+00:00,0.23031,0.23199,0.22403,0.2261,444286.06682479,100760.41399602026
2019-12-01 00:00:00+00:00,0.2256,0.2256,0.21891,0.22516,609249.1339766,135361.94227125298
2019-12-02 00:00:00+00:00,0.2252,0.22651,0.21762,0.22054,578081.18914602,128566.705668446
2019-12-03 00:00:00+00:00,0.21999,0.222,0.21864,0.21997,211223.23360065,46539.927097583735
2019-12-04 00:00:00+00:00,0.21952,0.225,0.21,0.2153,1013797.31017214,219776.42968151026
2019-12-05 00:00:00+00:00,0.21413,0.226,0.2125,0.22245,160660.58825149,34846.6783155242
2019-12-06 00:00:00+00:00,0.22146,0.22625,0.22,0.22625,260547.11435705,58101.31367718168
2019-12-07 00:00:00+00:00,0.22552,0.2284,0.224,0.22799,109297.94759425,24802.550802637772
2019-12-08 00:00:00+00:00,0.22701,0.232,0.22464,0.23,199198.25738186,45573.38690302
2019-12-09 00:00:00+00:00,0.2235,0.22357,0.22244,0.22357,12747.81406596,2844.4452641184585
2019-12-10 00:00:00+00:00,0.22489,0.2249,0.21905,0.22227,226487.58934652,50177.7210818206
2019-12-11 00:00:00+00:00,0.22326,0.22326,0.21987,0.221,189220.19267764,41914.95211583933
2019-12-12 00:00:00+00:00,0.22195,0.22195,0.217,0.219,270445.90839196,59419.04391993755
2019-12-13 00:00:00+00:00,0.21861,0.22183,0.2135,0.21937,830276.17335134,182458.01331287532
2019-12-14 00:00:00+00:00,0.22001,0.22278,0.215,0.216,806219.86760471,178632.11495729056
2019-12-15 00:00:00+00:00,0.21557,0.21905,0.21527,0.21755,79833.8265385,17397.441356600626
2019-12-16 00:00:00+00:00,0.21721,0.21727,0.203,0.20572,670072.74647182,139811.70036574887
2019-12-17 00:00:00+00:00,0.20535,0.2062,0.17713,0.182,2491072.04422413,475976.5471795817
2019-12-18 00:00:00+00:00,0.18296,0.2,0.17534,0.19583,1415179.33846605,266088.17985388625
2019-12-19 00:00:00+00:00,0.19688,0.19688,0.18465,0.18879,565323.01687614,106733.14099768519
2019-12-20 00:00:00+00:00,0.188,0.19751,0.184,0.195,711719.85725114,137014.7712926689
2019-12-21 00:00:00+00:00,0.1948,0.1949,0.19012,0.19123,694157.31096927,134064.00459748466
2019-12-22 00:00:00+00:00,0.191,0.19663,0.191,0.19601,188240.12545349,36635.622051226674
2019-12-23 00:00:00+00:00,0.19699,0.19824,0.189,0.19008,512719.97721481,99872.58643213891
2019-12-24 00:00:00+00:00,0.18928,0.19284,0.18802,0.19049,430660.66356971,81909.85394142728
2019-12-25 00:00:00+00:00,0.19111,0.19129,0.18608,0.18887,475373.98571519,89531.18088647415
2019-12-26 00:00:00+00:00,0.18888,0.19333,0.18617,0.18947,339513.99338407,64014.378501901054
2019-12-27 00:00:00+00:00,0.18891,0.18957,0.18413,0.18875,159972.33085674,30056.590595857837
2019-12-28 00:00:00+00:00,0.18979,0.19476,0.18979,0.19307,452371.26295898,87019.39657238156
2019-12-29 00:00:00+00:00,0.193,0.19799,0.19072,0.19724,362582.0758133,70977.91245033561
2019-12-30 00:00:00+00:00,0.19638,0.19719,0.19144,0.19231,72601.99910832,14159.320541923316
2019-12-31 00:00:00+00:00,0.1925,0.19334,0.18919,0.19334,202873.23934469,38764.808147449716
2020-01-01 00:00:00+00:00,0.1917,0.19489,0.19115,0.1915,178582.46328062,34620.32681289455
2020-01-02 00:00:00+00:00,0.191,0.1916,0.1851,0.18747,202221.34133313,38054.70595721018
2020-01-03 00:00:00+00:00,0.186,0.19377,0.184,0.19255,425434.75248815,81267.00336758302
2020-01-04 00:00:00+00:00,0.193,0.1935,0.19119,0.19221,106817.36052555,20551.55932932513
2020-01-05 00:00:00+00:00,0.19346,0.19781,0.1928,0.19405,188191.20193712,36838.29461893434
2020-01-06 00:00:00+00:00,0.19508,0.22397,0.1934,0.2227,1181200.25392354,250727.13194427287
2020-01-07 00:00:00+00:00,0.22295,0.22567,0.20777,0.214,949034.10936296,203793.05961075053
2020-01-08 00:00:00+00:00,0.21457,0.21876,0.20271,0.208,1068453.97427362,225223.91836500785
2020-01-09 00:00:00+00:00,0.20664,0.20877,0.20112,0.20271,270710.59100477,55086.91022190432
2020-01-10 00:00:00+00:00,0.20368,0.2125,0.20033,0.212,428603.92730358,88220.45188605027
2020-01-11 00:00:00+00:00,0.2123,0.2195,0.20848,0.2104,564301.26111628,121071.51099707492
2020-01-12 00:00:00+00:00,0.21015,0.2162,0.20965,0.2152,1090623.24401077,233542.98080496394
2020-01-13 00:00:00+00:00,0.2152,0.2152,0.21,0.21215,491074.22364955,103862.93232957153
2020-01-14 00:00:00+00:00,0.21208,0.2448,0.21208,0.23518,2830892.90466145,659226.7704949676
2020-01-15 00:00:00+00:00,0.2339,0.24396,0.2262,0.23252,1423927.77263172,333881.9657994301
2020-01-16 00:00:00+00:00,0.23365,0.23399,0.22202,0.2287,750811.16888457,170287.28779681242
2020-01-17 00:00:00+00:00,0.22972,0.24382,0.2262,0.24036,831772.94964274,195522.41121078446
2020-01-18 00:00:00+00:00,0.23882,0.25399,0.23133,0.24404,1230972.26240986,298925.4500620197
2020-01-19 00:00:00+00:00,0.24235,0.25116,0.22701,0.23565,1033916.81595105,246285.19998455088
2020-01-20 00:00:00+00:00,0.23595,0.236,0.22331,0.23297,438024.86617336,101044.32278437741
2020-01-21 00:00:00+00:00,0.23218,0.2411,0.22924,0.2375,417799.34379563,98441.1521064654
2020-01-22 00:00:00+00:00,0.23669,0.239,0.23283,0.23664,353106.47154083,83300.44703565781
2020-01-23 00:00:00+00:00,0.23594,0.23594,0.221,0.22475,567302.84756723,128544.92974288549
2020-01-24 00:00:00+00:00,0.22548,0.22575,0.21363,0.22122,354165.25005978,78706.5734412387
2020-01-25 00:00:00+00:00,0.22143,0.22276,0.21692,0.2201,270597.06313211,59326.223057928946
2020-01-26 00:00:00+00:00,0.2188,0.23216,0.2175,0.23069,338729.01008371,76795.80762602198
2020-01-27 00:00:00+00:00,0.231,0.23361,0.22536,0.23024,459578.04064055,105947.06223513639
2020-01-28 00:00:00+00:00,0.2315,0.24098,0.231,0.24045,683812.73649023,161272.3571489953
2020-01-29 00:00:00+00:00,0.24023,0.2419,0.235,0.235,661596.00313551,157558.7727795848
2020-01-30 00:00:00+00:00,0.23417,0.24667,0.23,0.24233,712050.24643183,170801.63256273078
2020-01-31 00:00:00+00:00,0.24297,0.24454,0.234,0.23873,288751.10659042,69096.53824112535
2020-02-01 00:00:00+00:00,0.23948,0.24284,0.23723,0.24054,403381.43200371,96945.77091536192
2020-02-02 00:00:00+00:00,0.24188,0.26129,0.23557,0.25066,1014030.76040095,256832.77357484895
2020-02-03 00:00:00+00:00,0.25033,0.25899,0.2463,0.2542,712996.250197,178928.55792316538
2020-02-04 00:00:00+00:00,0.2543,0.27053,0.247,0.2669,1303763.82364843,340993.7968025204
2020-02-05 00:00:00+00:00,0.267,0.28123,0.267,0.2781,1089477.07933296,300385.7358761392
2020-02-06 00:00:00+00:00,0.2781,0.2879,0.26852,0.28267,959355.77919164,268273.7016437048
2020-02-07 00:00:00+00:00,0.28293,0.288,0.27702,0.27858,1107240.38217542,310457.32023770246
2020-02-08 00:00:00+00:00,0.27858,0.2813,0.264,0.27793,1387284.05414487,384095.83669292496
2020-02-09 00:00:00+00:00,0.27687,0.28909,0.27678,0.2832,972637.74459455,273404.4978833086
2020-02-10 00:00:00+00:00,0.28278,0.28388,0.26779,0.2747,798618.10374028,218571.28789827126
2020-02-11 00:00:00+00:00,0.27342,0.28421,0.26742,0.28139,1078161.61796855,298290.64555213606
2020-02-12 00:00:00+00:00,0.28272,0.30963,0.28272,0.30511,2234757.84203987,659037.0213655096
2020-02-13 00:00:00+00:00,0.30486,0.33908,0.3,0.32759,5581070.24780993,1774284.8060524922
2020-02-14 00:00:00+00:00,0.32414,0.33983,0.311,0.33716,1902508.782036,620708.9478292611
2020-02-15 00:00:00+00:00,0.33765,0.34686,0.29547,0.30648,2064721.70078917,661688.4290184496
2020-02-16 00:00:00+00:00,0.30626,0.31984,0.2685,0.29552,2626511.49800757,760571.9703366199
2020-02-17 00:00:00+00:00,0.29254,0.29475,0.26915,0.28697,1607092.42353884,447855.6536649316
2020-02-18 00:00:00+00:00,0.28642,0.304,0.27607,0.29831,1518151.10368459,445463.140511223
2020-02-19 00:00:00+00:00,0.29654,0.308,0.27001,0.275,1686590.80246203,489050.6767545707
2020-02-20 00:00:00+00:00,0.274,0.281,0.262,0.27077,2064048.81017601,560363.2715856434
2020-02-21 00:00:00+00:00,0.27081,0.279,0.26848,0.27678,551908.03924469,151631.41187532185
2020-02-22 00:00:00+00:00,0.27416,0.278,0.27058,0.275,554110.961453,151844.45665267605
2020-02-23 00:00:00+00:00,0.2758,0.28522,0.2758,0.28406,509363.26432573,143403.10603030468
2020-02-24 00:00:00+00:00,0.28352,0.28516,0.264,0.271,1002538.73842103,276552.81854992575
2020-02-25 00:00:00+00:00,0.27028,0.2704,0.25107,0.252,1545885.41832269,401881.7527027242
2020-02-26 00:00:00+00:00,0.25162,0.25362,0.22231,0.2292,1955274.33259911,464116.2249392383
2020-02-27 00:00:00+00:00,0.2292,0.24789,0.224,0.23704,2042728.46295625,479470.74755063426
2020-02-28 00:00:00+00:00,0.23882,0.24384,0.2282,0.238,1464723.95775935,341406.4373283477
2020-02-29 00:00:00+00:00,0.23675,0.24231,0.229,0.229,306491.67859398,72376.80637034318
2020-03-01 00:00:00+00:00,0.22899,0.23628,0.224,0.2289,477542.40856158,110013.53887392102
2020-03-02 00:00:00+00:00,0.22646,0.24172,0.22603,0.239,571394.15169948,135145.54873749573
2020-03-03 00:00:00+00:00,0.24016,0.24017,0.22922,0.23404,724349.44808105,170673.22888467764
2020-03-04 00:00:00+00:00,0.233,0.23819,0.2296,0.2345,338325.93322026,79467.90782324626
2020-03-05 00:00:00+00:00,0.23599,0.24392,0.23566,0.23859,485233.1676918,116422.49057868299
2020-03-06 00:00:00+00:00,0.23994,0.246,0.23806,0.24506,669917.21946181,162600.61976942024
2020-03-07 00:00:00+00:00,0.24593,0.24594,0.23447,0.23632,731132.95702433,176221.24006960596
2020-03-08 00:00:00+00:00,0.236,0.243,0.20085,0.20384,2087751.04141377,456695.54605144105
2020-03-09 00:00:00+00:00,0.206,0.21174,0.198,0.20874,913183.50029687,187156.68494929446
2020-03-10 00:00:00+00:00,0.20937,0.21698,0.20541,0.21184,726504.03470672,152621.67707592834
2020-03-11 00:00:00+00:00,0.21251,0.21393,0.2,0.20739,497923.71218679,102724.17300298848
2020-03-12 00:00:00+00:00,0.20962,0.20999,0.13001,0.13414,7403606.84776199,1195381.4106359484
2020-03-13 00:00:00+00:00,0.13603,0.16803,0.10766,0.15908,7623480.09569692,1115620.2298934022
2020-03-14 00:00:00+00:00,0.15862,0.1604,0.14341,0.14605,2765796.38262004,422548.77761814283
2020-03-15 00:00:00+00:00,0.14572,0.16399,0.14431,0.15233,1205905.60398116,184183.34334936267
2020-03-16 00:00:00+00:00,0.151,0.15282,0.12835,0.141,3345966.37258037,468808.081642954
2020-03-17 00:00:00+00:00,0.14199,0.15281,0.1413,0.14729,1583006.16246299,233648.529062524
2020-03-18 00:00:00+00:00,0.14636,0.14989,0.141,0.14767,976059.6547628,141634.0271856726
2020-03-19 00:00:00+00:00,0.14841,0.1799,0.14472,0.1659,3624191.72404774,585125.5264519808
2020-03-20 00:00:00+00:00,0.16609,0.17591,0.1457,0.15678,5394021.49269427,883539.539602011
2020-03-21 00:00:00+00:00,0.15642,0.16199,0.1515,0.15813,1823792.77935636,286194.54680150497
2020-03-22 00:00:00+00:00,0.1571,0.16198,0.14652,0.14832,1793318.80140128,276400.4192846478
2020-03-23 00:00:00+00:00,0.14734,0.16208,0.14463,0.15928,2395962.33053054,369061.8253102022
2020-03-24 00:00:00+00:00,0.15928,0.1642,0.15768,0.16352,1939102.77154447,313151.7887962065
2020-03-25 00:00:00+00:00,0.16249,0.16584,0.15733,0.16211,2490318.4854843,401701.63400334516
2020-03-26 00:00:00+00:00,0.16315,0.1779,0.16004,0.1769,1716392.4322961,286433.0418102184
2020-03-27 00:00:00+00:00,0.17734,0.18797,0.17,0.17341,1929884.39001464,342471.8332901372
2020-03-28 00:00:00+00:00,0.17219,0.18003,0.16612,0.17534,4343725.09714888,746292.5564251544
2020-03-29 00:00:00+00:00,0.17689,0.17689,0.162,0.16307,2363492.11776114,391352.69944928616
2020-03-30 00:00:00+00:00,0.16384,0.17558,0.16384,0.17146,1393321.43471843,239994.98212102955
2020-03-31 00:00:00+00:00,0.17147,0.17841,0.17044,0.174,1032268.15355569,180700.0064066224
2020-04-01 00:00:00+00:00,0.17452,0.17635,0.16802,0.17511,1424444.11091638,245992.049089209
2020-04-02 00:00:00+00:00,0.177,0.18716,0.17465,0.17841,1844898.39677766,330379.5891748836
2020-04-03 00:00:00+00:00,0.17752,0.18297,0.17624,0.1791,1207787.63701012,216288.80989483182
2020-04-04 00:00:00+00:00,0.17841,0.18369,0.178,0.18092,573360.36483061,103534.59284314916
2020-04-05 00:00:00+00:00,0.18218,0.18218,0.17641,0.17935,585696.49702215,105066.60242577376
2020-04-06 00:00:00+00:00,0.1796,0.199,0.1796,0.199,1944375.96815732,371728.60686885566
2020-04-07 00:00:00+00:00,0.19891,0.20544,0.1891,0.19325,1970124.02984007,390320.0774148152
2020-04-08 00:00:00+00:00,0.19331,0.20299,0.19147,0.20241,1058641.30976881,210133.79237068884
2020-04-09 00:00:00+00:00,0.20211,0.20218,0.195,0.19941,770598.07890026,152877.72825186336
2020-04-10 00:00:00+00:00,0.19823,0.199,0.18064,0.18775,2159200.504793,408347.53364824865
2020-04-11 00:00:00+00:00,0.18851,0.19261,0.18569,0.18772,930604.61893179,175516.70858377675
2020-04-12 00:00:00+00:00,0.189,0.19692,0.18719,0.18947,983831.70304657,189829.4900636443
2020-04-13 00:00:00+00:00,0.189,0.18992,0.18065,0.18808,1323341.6027438,243886.76795625285
2020-04-14 00:00:00+00:00,0.18821,0.18954,0.18343,0.1864,774227.27570779,144902.009749487
2020-04-15 00:00:00+00:00,0.186,0.18995,0.18033,0.18039,666590.7650355,122869.91963844594
2020-04-16 00:00:00+00:00,0.18013,0.19349,0.1735,0.19194,1693096.39142316,312001.24790119834
2020-04-17 00:00:00+00:00,0.19142,0.192,0.18691,0.1888,1285747.51751278,242895.31065365995
2020-04-18 00:00:00+00:00,0.18918,0.197,0.189,0.19538,1060333.56924777,204393.16314532873
2020-04-19 00:00:00+00:00,0.19538,0.19621,0.18881,0.19,938437.35548766,181271.13764150516
2020-04-20 00:00:00+00:00,0.18908,0.1947,0.17879,0.18164,1431518.97252557,267842.22033545957
2020-04-21 00:00:00+00:00,0.1823,0.18678,0.1817,0.184,1642043.98103916,301483.2904936654
2020-04-22 00:00:00+00:00,0.18438,0.1898,0.18265,0.18894,935432.66438992,174282.94449031845
2020-04-23 00:00:00+00:00,0.18892,0.2,0.18553,0.19303,2082670.73219728,400871.09893515456
2020-04-24 00:00:00+00:00,0.19221,0.19736,0.19221,0.19299,543499.84995311,105564.47191454249
2020-04-25 00:00:00+00:00,0.1926,0.19751,0.19185,0.1948,980554.81734654,190757.69121039068
2020-04-26 00:00:00+00:00,0.19412,0.19799,0.19241,0.19707,1024987.09922156,200195.84912427518
2020-04-27 00:00:00+00:00,0.19668,0.19999,0.19473,0.1979,447196.73600427,88214.00403866339
2020-04-28 00:00:00+00:00,0.19726,0.21868,0.19544,0.21552,4383733.13335705,902492.944145399
2020-04-29 00:00:00+00:00,0.2155,0.23153,0.21406,0.22574,2791829.49419835,617484.7931628302
2020-04-30 00:00:00+00:00,0.22635,0.23594,0.20849,0.21142,2605445.88841346,580352.3664524708
2020-05-01 00:00:00+00:00,0.213,0.22446,0.21261,0.21841,785646.67954836,171483.82562711547
2020-05-02 00:00:00+00:00,0.21757,0.22599,0.21585,0.22361,594023.67722196,131190.74158274144
2020-05-03 00:00:00+00:00,0.22331,0.22682,0.21514,0.2197,1000151.41258068,220837.38386429797
2020-05-04 00:00:00+00:00,0.2197,0.22,0.20762,0.21862,1249107.18977804,266951.6266994684
2020-05-05 00:00:00+00:00,0.21844,0.22273,0.214,0.21599,785711.29464735,170578.69670531308
2020-05-06 00:00:00+00:00,0.21614,0.22297,0.211,0.21122,1004403.13867091,219433.44549594334
2020-05-07 00:00:00+00:00,0.21047,0.22198,0.21003,0.21866,1478295.12957728,320764.5786968514
2020-05-08 00:00:00+00:00,0.21891,0.22225,0.215,0.21863,1066848.04605068,233491.18606799023
2020-05-09 00:00:00+00:00,0.21727,0.22541,0.21555,0.2185,381931.28177037,84315.15941068307
2020-05-10 00:00:00+00:00,0.216,0.21614,0.17406,0.19597,3208850.74210931,623441.7522975176
2020-05-11 00:00:00+00:00,0.19758,0.2,0.185,0.19304,1013998.39914385,196341.1173031274
2020-05-12 00:00:00+00:00,0.19304,0.2,0.19108,0.19833,882392.06299494,174067.40776760818
2020-05-13 00:00:00+00:00,0.19698,0.20487,0.196,0.20201,1191152.97137163,238112.5641724956
2020-05-14 00:00:00+00:00,0.20194,0.20647,0.199,0.20458,856885.3272861,174094.6517198584
2020-05-15 00:00:00+00:00,0.2046,0.2046,0.19697,0.19729,519176.14543903,104440.63285963552
2020-05-16 00:00:00+00:00,0.197,0.20212,0.19675,0.20044,504875.91760375,100891.55247863015
2020-05-17 00:00:00+00:00,0.1995,0.20491,0.19924,0.20138,402111.89285789,81133.55063867461
2020-05-18 00:00:00+00:00,0.202,0.2079,0.2005,0.20544,824218.80982091,168328.46886221293
2020-05-19 00:00:00+00:00,0.20544,0.2065,0.20079,0.20477,533129.49171717,108306.80451979343
2020-05-20 00:00:00+00:00,0.20477,0.206,0.1971,0.20218,736271.10840713,149542.43419108854
2020-05-21 00:00:00+00:00,0.2022,0.203,0.18888,0.1939,789627.33196885,155133.28127401747
2020-05-22 00:00:00+00:00,0.1939,0.20294,0.19216,0.20049,354945.33304607,70608.524679111
2020-05-23 00:00:00+00:00,0.2005,0.20272,0.19818,0.19856,736532.81277162,147629.8761595767
2020-05-24 00:00:00+00:00,0.19851,0.20155,0.192,0.19414,296296.3123316,58628.560836938675
2020-05-25 00:00:00+00:00,0.19209,0.19688,0.18941,0.19593,486200.36376904,94383.89292695791
2020-05-26 00:00:00+00:00,0.19637,0.19637,0.192,0.19386,480543.44256524,93369.02476440709
2020-05-27 00:00:00+00:00,0.19396,0.2,0.19396,0.19758,498746.31891042,98306.89473380367
2020-05-28 00:00:00+00:00,0.19778,0.20099,0.195,0.2002,846533.19393586,167295.23757600097
2020-05-29 00:00:00+00:00,0.20089,0.20242,0.19629,0.1972,555011.16151495,110127.35228831723
2020-05-30 00:00:00+00:00,0.1972,0.20859,0.19605,0.2071,937821.41903328,191007.86804302558
2020-05-31 00:00:00+00:00,0.20656,0.21354,0.20038,0.20276,1242722.14511556,255902.68435507023
2020-06-01 00:00:00+00:00,0.20289,0.21389,0.20243,0.21126,685557.58503745,142836.07374026312
2020-06-02 00:00:00+00:00,0.21176,0.21443,0.19635,0.203,1416739.45686245,295642.5964083745
2020-06-03 00:00:00+00:00,0.20251,0.2048,0.20092,0.2038,347669.14866904,70743.86683989233
2020-06-04 00:00:00+00:00,0.20406,0.207,0.201,0.20434,564392.94224954,115291.59882962173
2020-06-05 00:00:00+00:00,0.204,0.20575,0.2015,0.203,240736.70651463,48971.35896158562
2020-06-06 00:00:00+00:00,0.2026,0.205,0.2012,0.20459,288587.00381534,58682.512637558364
2020-06-07 00:00:00+00:00,0.20339,0.20499,0.1985,0.20296,987243.46101483,199739.44026780312
2020-06-08 00:00:00+00:00,0.20383,0.2045,0.20124,0.20438,392279.91707078,79520.06241429067
2020-06-09 00:00:00+00:00,0.20438,0.2053,0.2005,0.20104,649781.68323435,131646.86154974223
2020-06-10 00:00:00+00:00,0.20205,0.204,0.19999,0.20299,431311.14636251,87045.25338548323
2020-06-11 00:00:00+00:00,0.20252,0.20356,0.1844,0.18821,1515994.02336733,292821.92938818294
2020-06-12 00:00:00+00:00,0.1871,0.19506,0.187,0.19241,1078375.76328372,206709.11003993126
2020-06-13 00:00:00+00:00,0.19249,0.19395,0.191,0.19298,217608.85935542,41855.68018394795
2020-06-14 00:00:00+00:00,0.19202,0.19249,0.189,0.19002,216631.74280045,41265.87596154224
2020-06-15 00:00:00+00:00,0.18943,0.19392,0.182,0.19292,475457.09894138,89349.17255720534
2020-06-16 00:00:00+00:00,0.19248,0.1945,0.19035,0.19193,397835.97167465,76461.9729292677
2020-06-17 00:00:00+00:00,0.1915,0.19886,0.18827,0.19355,584887.98034152,113253.18519798388
2020-06-18 00:00:00+00:00,0.19219,0.19298,0.188,0.18991,546862.2079025,104087.70085283092
2020-06-19 00:00:00+00:00,0.18905,0.18998,0.1865,0.18683,276015.73750184,52008.86773790169
2020-06-20 00:00:00+00:00,0.18734,0.18871,0.185,0.18804,319704.98974859,59693.73949543363
2020-06-21 00:00:00+00:00,0.18769,0.18848,0.18577,0.18578,175503.13901943,32859.487233847336
2020-06-22 00:00:00+00:00,0.18576,0.19083,0.18549,0.19056,581701.1659919,109698.67464148007
2020-06-23 00:00:00+00:00,0.1904,0.19045,0.18823,0.18861,386849.17661744,73210.6141560618
2020-06-24 00:00:00+00:00,0.18935,0.19014,0.18162,0.18378,612400.71207676,112804.28208967859
2020-06-25 00:00:00+00:00,0.1828,0.18388,0.17839,0.18155,760716.84266761,137720.3031976425
2020-06-26 00:00:00+00:00,0.181,0.18651,0.17829,0.18304,580549.88889056,105871.28865568913
2020-06-27 00:00:00+00:00,0.18229,0.18351,0.16925,0.175,944580.70152829,167456.44492347285
2020-06-28 00:00:00+00:00,0.17497,0.17979,0.17319,0.17688,457964.55665952,81037.36069253487
2020-06-29 00:00:00+00:00,0.17726,0.179,0.17488,0.17749,1012297.73917397,178101.03021368632
2020-06-30 00:00:00+00:00,0.17751,0.17788,0.175,0.175,194474.21440918,34304.593785453544
2020-07-01 00:00:00+00:00,0.17466,0.17899,0.174,0.17676,326112.37941612,57753.77931034831
2020-07-02 00:00:00+00:00,0.1766,0.1776,0.1725,0.17508,476733.77986166,83450.17204189645
2020-07-03 00:00:00+00:00,0.17482,0.17859,0.17467,0.17576,606689.19197683,106924.22118395883
2020-07-04 00:00:00+00:00,0.177,0.18,0.17644,0.17816,464471.45157491,82652.80476627898
2020-07-05 00:00:00+00:00,0.17855,0.17855,0.174,0.17651,546958.45110163,96381.58982546178
2020-07-06 00:00:00+00:00,0.17686,0.19,0.17601,0.18913,1028784.87338202,191100.4540557078
2020-07-07 00:00:00+00:00,0.18942,0.18955,0.1835,0.1848,671567.71247048,124687.6802167227
2020-07-08 00:00:00+00:00,0.1848,0.2064,0.184,0.20532,1668384.52356878,330872.62502869795
2020-07-09 00:00:00+00:00,0.20418,0.21149,0.19653,0.20208,1112476.76074918,226030.0889990437
2020-07-10 00:00:00+00:00,0.20188,0.20188,0.19286,0.19941,419805.99989467,82666.96929059956
2020-07-11 00:00:00+00:00,0.1998,0.20496,0.19832,0.20199,569118.37025673,114483.02510530548
2020-07-12 00:00:00+00:00,0.20164,0.20351,0.198,0.20042,385178.79466191,77454.03047360713
2020-07-13 00:00:00+00:00,0.2004,0.20628,0.1925,0.19892,1314164.73346018,263443.588153183
2020-07-14 00:00:00+00:00,0.19789,0.19981,0.19531,0.19974,377056.17569078,74645.25737680701
2020-07-15 00:00:00+00:00,0.19965,0.201,0.19623,0.1975,360265.27130262,71412.67255441878
2020-07-16 00:00:00+00:00,0.19666,0.19753,0.18936,0.19443,715467.98589108,137406.43620502373
2020-07-17 00:00:00+00:00,0.19357,0.19779,0.19146,0.19429,284539.71312186,55402.54098550711
2020-07-18 00:00:00+00:00,0.19473,0.20229,0.19415,0.1998,209471.39969076,41520.18560139629
2020-07-19 00:00:00+00:00,0.20137,0.20137,0.1959,0.20035,257620.08102254,50960.58678779594
2020-07-20 00:00:00+00:00,0.19985,0.19985,0.1925,0.19455,333275.06491999,65481.98640580136
2020-07-21 00:00:00+00:00,0.1953,0.201,0.1953,0.19977,617314.62463162,122767.84553673037
2020-07-22 00:00:00+00:00,0.19979,0.20474,0.196,0.20306,661087.60920273,132842.6475145096
2020-07-23 00:00:00+00:00,0.20372,0.21043,0.20203,0.20777,633741.38091943,131190.12280012682
2020-07-24 00:00:00+00:00,0.20842,0.20842,0.20253,0.20451,516990.45054075,106189.12503905983
2020-07-25 00:00:00+00:00,0.20426,0.2171,0.20426,0.21598,494234.35247922,103475.03699083216
2020-07-26 00:00:00+00:00,0.21614,0.22535,0.21515,0.21528,244902.39033596,53611.82514229344
2020-07-27 00:00:00+00:00,0.21763,0.22962,0.2106,0.22411,1180741.872088,260950.82638546606
2020-07-28 00:00:00+00:00,0.22548,0.23498,0.21863,0.23084,799055.75830203,182337.66780256556
2020-07-29 00:00:00+00:00,0.23145,0.25,0.23071,0.24321,1269590.75136589,307164.45301910513
2020-07-30 00:00:00+00:00,0.24233,0.24942,0.238,0.24493,1828476.82240347,446231.42477368517
2020-07-31 00:00:00+00:00,0.24579,0.26063,0.24235,0.26004,985172.65646851,246404.44124424164
2020-08-01 00:00:00+00:00,0.2601,0.2994,0.2573,0.293,2259752.600329,626017.1276967126
2020-08-02 00:00:00+00:00,0.29354,0.32592,0.25724,0.2875,4412602.18713643,1303438.5646490064
2020-08-03 00:00:00+00:00,0.28747,0.32,0.28502,0.31069,1980948.62818318,606306.705463342
2020-08-04 00:00:00+00:00,0.31288,0.31845,0.29087,0.30073,1700765.56001653,519721.7808406228
2020-08-05 00:00:00+00:00,0.30178,0.30784,0.29168,0.30214,978651.19716702,294665.8561756709
2020-08-06 00:00:00+00:00,0.30389,0.31045,0.29738,0.30417,363966.34910697,110837.83819183186
2020-08-07 00:00:00+00:00,0.30182,0.31,0.2819,0.29384,666581.45261492,199274.70884768668
2020-08-08 00:00:00+00:00,0.29434,0.2986,0.2904,0.29301,143054.85783476,42044.70713562098
2020-08-09 00:00:00+00:00,0.296,0.29838,0.2832,0.28799,240746.13736837,70012.70277026315
2020-08-10 00:00:00+00:00,0.28887,0.29999,0.287,0.29482,366841.20975761,108266.93148315005
2020-08-11 00:00:00+00:00,0.29438,0.30698,0.27004,0.284,837342.92225929,243041.615420135
2020-08-12 00:00:00+00:00,0.28203,0.28651,0.2735,0.28263,374345.60064934,105390.57928190535
2020-08-13 00:00:00+00:00,0.2825,0.29566,0.273,0.2954,519593.47681515,146960.5442838642
2020-08-14 00:00:00+00:00,0.2969,0.30786,0.29063,0.30016,1146239.35759847,342035.99518498755
2020-08-15 00:00:00+00:00,0.301,0.305,0.29689,0.29958,498348.1247546,150326.0365119464
2020-08-16 00:00:00+00:00,0.2982,0.30436,0.29228,0.304,307317.62017795,91637.25739103294
2020-08-17 00:00:00+00:00,0.30465,0.32727,0.298,0.31507,1434633.13853513,453245.28629883286
2020-08-18 00:00:00+00:00,0.31468,0.32114,0.29848,0.30308,719416.04962782,220255.27443688258
2020-08-19 00:00:00+00:00,0.3037,0.30515,0.2796,0.28951,623407.56201184,180885.4991498154
2020-08-20 00:00:00+00:00,0.29004,0.29431,0.28497,0.293,510839.86124197,148376.63524420635
2020-08-21 00:00:00+00:00,0.29227,0.295,0.27733,0.2789,573113.80261985,165100.66280485946
2020-08-22 00:00:00+00:00,0.27829,0.286,0.274,0.286,442159.61797226,123323.95256924166
2020-08-23 00:00:00+00:00,0.288,0.288,0.27904,0.28611,233728.61672106,66069.7552685994
2020-08-24 00:00:00+00:00,0.284,0.29186,0.283,0.28945,170991.83407031,49185.69563125516
2020-08-25 00:00:00+00:00,0.28988,0.28988,0.27023,0.27704,766438.17197421,213982.5812015144
2020-08-26 00:00:00+00:00,0.27541,0.28072,0.27442,0.27673,238461.31025547,66066.5527013298
2020-08-27 00:00:00+00:00,0.2772,0.27898,0.25484,0.26384,1969726.00000276,525528.1019752854
2020-08-28 00:00:00+00:00,0.265,0.273,0.26066,0.27188,561037.48650029,150696.9384056389
2020-08-29 00:00:00+00:00,0.27215,0.27658,0.26955,0.27401,1054731.5023466,288591.06427817803
2020-08-30 00:00:00+00:00,0.27382,0.284,0.27382,0.283,649518.6773653,181557.13028045115
2020-08-31 00:00:00+00:00,0.28306,0.286,0.27451,0.28155,1221486.95314028,344150.48741836724
2020-09-01 00:00:00+00:00,0.28155,0.299,0.27607,0.2957,2069476.10868573,600046.3108422474
2020-09-02 00:00:00+00:00,0.2955,0.3035,0.26471,0.27676,2434892.68816243,690525.4503919394
2020-09-03 00:00:00+00:00,0.276,0.3207,0.241,0.24523,2975448.65938084,784962.3754082853
2020-09-04 00:00:00+00:00,0.2455,0.26558,0.2415,0.25525,1686404.33447593,422568.35534110636
2020-09-05 00:00:00+00:00,0.25474,0.25999,0.2316,0.2375,2109400.53369827,512965.14102680347
2020-09-06 00:00:00+00:00,0.23766,0.24342,0.22898,0.24092,564888.97863737,133091.11253641083
2020-09-07 00:00:00+00:00,0.24272,0.24296,0.2305,0.2419,549147.60941781,130522.62493141784
2020-09-08 00:00:00+00:00,0.2428,0.2435,0.2315,0.23625,593849.86810777,141441.89928150145
2020-09-09 00:00:00+00:00,0.23625,0.24285,0.2334,0.23864,524285.57063069,124721.30687816448
2020-09-10 00:00:00+00:00,0.2395,0.24868,0.2395,0.24272,570825.08754123,139361.48109976886
2020-09-11 00:00:00+00:00,0.24342,0.24448,0.2375,0.24326,532192.78794654,128686.28324269934
2020-09-12 00:00:00+00:00,0.24293,0.2485,0.24095,0.24806,595932.43861478,145023.4440026229
2020-09-13 00:00:00+00:00,0.24798,0.25349,0.238,0.2422,376112.07272814,92703.45359979596
2020-09-14 00:00:00+00:00,0.2407,0.2485,0.23948,0.24599,536000.01450761,131062.3765818082
2020-09-15 00:00:00+00:00,0.24599,0.24912,0.24233,0.24295,1494843.1783406,367701.8727854424
2020-09-16 00:00:00+00:00,0.24316,0.25031,0.2345,0.24697,813853.12153698,197621.4526175943
2020-09-17 00:00:00+00:00,0.24742,0.25797,0.2465,0.25253,673418.93018642,169028.69318400035
2020-09-18 00:00:00+00:00,0.25275,0.2552,0.24656,0.2497,310921.72969993,77917.83961774467
2020-09-19 00:00:00+00:00,0.2505,0.25444,0.24799,0.25153,436889.36372988,109834.47235557709
2020-09-20 00:00:00+00:00,0.25082,0.25082,0.24267,0.246,556342.1399284,136833.44764620188
2020-09-21 00:00:00+00:00,0.24624,0.24778,0.2295,0.231,1082695.99337967,257037.75946519722
2020-09-22 00:00:00+00:00,0.2305,0.23449,0.22934,0.23343,612560.46521535,142311.40137101998
2020-09-23 00:00:00+00:00,0.2329,0.23495,0.22049,0.22112,623772.81739438,142441.60420053714
2020-09-24 00:00:00+00:00,0.22013,0.23387,0.219,0.23302,1117771.32213383,254251.14980447254
2020-09-25 00:00:00+00:00,0.23357,0.2448,0.23,0.2415,885994.82547519,211816.58188535576
2020-09-26 00:00:00+00:00,0.24174,0.2455,0.2381,0.24174,659503.63147935,159580.25189765787
2020-09-27 00:00:00+00:00,0.24171,0.24481,0.23773,0.24288,386539.622894,93359.49466400991
2020-09-28 00:00:00+00:00,0.2435,0.2481,0.24,0.24176,492635.41869832,120817.15368451508
2020-09-29 00:00:00+00:00,0.241,0.24646,0.23888,0.24374,253207.94830397,61264.57773908291
2020-09-30 00:00:00+00:00,0.24296,0.24296,0.238,0.24164,341756.31281736,82298.82992733904
2020-10-01 00:00:00+00:00,0.24217,0.2445,0.23468,0.23768,556385.08662241,133969.3984228481
2020-10-02 00:00:00+00:00,0.23705,0.23921,0.22881,0.23409,424901.81543134,98672.63486484591
2020-10-03 00:00:00+00:00,0.23427,0.23499,0.23296,0.23298,140376.0660087,32849.5789050425
2020-10-04 00:00:00+00:00,0.23286,0.24999,0.23194,0.24767,1092135.49701972,264285.91483798734
2020-10-05 00:00:00+00:00,0.24808,0.25433,0.24669,0.25023,755731.76462544,189087.25719852277
2020-10-06 00:00:00+00:00,0.25098,0.259,0.241,0.24511,1221508.73247774,306602.98603288294
2020-10-07 00:00:00+00:00,0.24433,0.25155,0.241,0.24804,498906.99934708,123158.226783058
2020-10-08 00:00:00+00:00,0.24889,0.253,0.242,0.25133,1157316.73406974,287411.9022395152
2020-10-09 00:00:00+00:00,0.25195,0.25682,0.24968,0.2538,750860.31696577,189477.24535709448
2020-10-10 00:00:00+00:00,0.25338,0.26083,0.25329,0.25498,1004852.21970058,258465.8782312156
2020-10-11 00:00:00+00:00,0.25589,0.259,0.2539,0.25559,764001.14697596,195824.54039692128
2020-10-12 00:00:00+00:00,0.25568,0.258,0.2495,0.25572,476296.29009388,121208.93097457114
2020-10-13 00:00:00+00:00,0.25629,0.26,0.253,0.25659,366385.47257866,93777.0823943888
2020-10-14 00:00:00+00:00,0.25556,0.25848,0.2465,0.24955,578641.15885441,146979.367922556
2020-10-15 00:00:00+00:00,0.24937,0.25043,0.2435,0.24563,470122.70907156,115896.39361277726
2020-10-16 00:00:00+00:00,0.24542,0.24773,0.238,0.24041,746867.60643406,180105.09900201357
2020-10-17 00:00:00+00:00,0.2406,0.243,0.239,0.24036,294853.24061028,71173.80065636338
2020-10-18 00:00:00+00:00,0.2407,0.2436,0.24066,0.24238,180422.75889005,43654.87312397473
2020-10-19 00:00:00+00:00,0.24205,0.24959,0.24031,0.2459,482232.27100796,118599.78120143054
2020-10-20 00:00:00+00:00,0.24551,0.25,0.24203,0.24359,363094.55620171,89343.3180420332
2020-10-21 00:00:00+00:00,0.24497,0.25579,0.24427,0.25167,902498.5941729,226018.32516129292
2020-10-22 00:00:00+00:00,0.25167,0.2637,0.25167,0.2575,1141983.73582015,296456.8475574581
2020-10-23 00:00:00+00:00,0.25698,0.2595,0.25012,0.25194,530054.27376959,135818.41801047037
2020-10-24 00:00:00+00:00,0.25492,0.258,0.2533,0.25668,702582.45423922,179628.14774304847
2020-10-25 00:00:00+00:00,0.25549,0.25763,0.25156,0.25332,996900.69674212,253170.74901975592
2020-10-26 00:00:00+00:00,0.25365,0.25906,0.244,0.24923,1709057.54695874,434115.2369573027
2020-10-27 00:00:00+00:00,0.2484,0.25424,0.24824,0.25379,1803534.45827662,454720.6625562923
2020-10-28 00:00:00+00:00,0.25175,0.25645,0.24402,0.2475,1632646.37194308,409342.2220359807
2020-10-29 00:00:00+00:00,0.24558,0.247,0.2405,0.24293,469033.59970127,114234.89835476104
2020-10-30 00:00:00+00:00,0.24211,0.24398,0.2314,0.23987,946219.18775907,226320.85656050668
2020-10-31 00:00:00+00:00,0.2394,0.24349,0.2375,0.2407,443180.49634654,106614.0907296958
2020-11-01 00:00:00+00:00,0.2397,0.24166,0.2367,0.24019,207519.33629155,49760.998284845875
2020-11-02 00:00:00+00:00,0.24072,0.2431,0.2339,0.235,404409.06280017,95604.48492911109
2020-11-03 00:00:00+00:00,0.23428,0.2439,0.22874,0.23983,796481.15130975,188636.1693317193
2020-11-04 00:00:00+00:00,0.24,0.24076,0.233,0.238,1201980.75522234,285403.35621420416
2020-11-05 00:00:00+00:00,0.23829,0.24706,0.23753,0.2456,1234932.02913532,298489.4022611531
2020-11-06 00:00:00+00:00,0.24541,0.26197,0.24541,0.25944,1285225.77277236,327847.18664345983
2020-11-07 00:00:00+00:00,0.25944,0.26767,0.245,0.2499,1964024.26068823,508759.67521627975
2020-11-08 00:00:00+00:00,0.24903,0.25739,0.24723,0.25426,997096.02376007,253632.9429548527
2020-11-09 00:00:00+00:00,0.25435,0.256,0.246,0.25046,683924.06414161,171804.6537308477
2020-11-10 00:00:00+00:00,0.25001,0.26478,0.24852,0.25494,1458790.06485928,374216.2254990722
2020-11-11 00:00:00+00:00,0.25279,0.26047,0.25279,0.25706,550003.04362709,141474.45989880987
2020-11-12 00:00:00+00:00,0.2554,0.25786,0.25313,0.25497,631106.17609315,161354.2859394704
2020-11-13 00:00:00+00:00,0.25523,0.266,0.25457,0.26516,1385324.10355635,361154.1654440107
2020-11-14 00:00:00+00:00,0.26616,0.278,0.26143,0.26866,1222167.40653286,329983.33312239224
2020-11-15 00:00:00+00:00,0.27,0.27695,0.265,0.26981,801467.81388961,217620.15139718412
2020-11-16 00:00:00+00:00,0.26985,0.28909,0.26782,0.28891,1782816.84539577,501398.5694300278
2020-11-17 00:00:00+00:00,0.29,0.30569,0.28999,0.30305,3170793.15332612,943717.4936589305
2020-11-18 00:00:00+00:00,0.30341,0.30812,0.2825,0.29461,2633304.70260135,777115.4332366447
2020-11-19 00:00:00+00:00,0.2938,0.30622,0.2846,0.304,2166598.01945423,645415.3875022467
2020-11-20 00:00:00+00:00,0.30281,0.33053,0.29785,0.32981,2841945.30132967,892763.4850443373
2020-11-21 00:00:00+00:00,0.3301,0.47,0.32991,0.46241,12692612.13033459,5164904.579662138
2020-11-22 00:00:00+00:00,0.46678,0.49588,0.40562,0.44758,10566045.30903412,4713035.610206144
2020-11-23 00:00:00+00:00,0.45056,0.62098,0.43051,0.61726,8456567.52938735,4516143.307244371
2020-11-24 00:00:00+00:00,0.61726,0.80602,0.556,0.69393,14435515.19291383,9691880.696310332
2020-11-25 00:00:00+00:00,0.69999,0.7064,0.69666,0.69805,91511.9686618,64371.60451306269
2020-11-26 00:00:00+00:00,0.626,0.644,0.61628,0.63996,81501.08960292,51650.57064807104
2020-11-27 00:00:00+00:00,0.53498,0.535,0.52266,0.52563,16120.571285,8495.326354841683
2020-11-28 00:00:00+00:00,0.56212,0.56841,0.55389,0.55449,81178.56528344,45546.48392534809
2020-11-29 00:00:00+00:00,0.63028,0.63028,0.61674,0.618,18682.7290932,11631.63405265659
2020-11-30 00:00:00+00:00,0.60964,0.61826,0.60887,0.61792,164902.61575239,100872.90042270835
2020-12-01 00:00:00+00:00,0.6647,0.67,0.65333,0.6575,114460.33089977,75854.95668578031
2020-12-02 00:00:00+00:00,0.61009,0.61009,0.60348,0.604,33606.52091787,20327.292246997433
2020-12-03 00:00:00+00:00,0.632,0.63797,0.632,0.63241,29686.39906026,18876.702116903998
2020-12-04 00:00:00+00:00,0.63124,0.63124,0.629,0.63,14258.94560164,8988.748148192884
2020-12-05 00:00:00+00:00,0.5536,0.55774,0.5495,0.55774,51220.60611777,28250.230099966393
2020-12-06 00:00:00+00:00,0.58552,0.595,0.58552,0.593,59613.30117198,35401.96182345943
2020-12-07 00:00:00+00:00,0.62324,0.62324,0.61605,0.61605,33813.21974736,20924.88172500045
2020-12-08 00:00:00+00:00,0.60663,0.60663,0.60508,0.60529,21341.12146005,12918.50426792084
2020-12-09 00:00:00+00:00,0.55828,0.5585,0.55161,0.55161,77911.21656504,43218.657999880736
2020-12-10 00:00:00+00:00,0.58586,0.58701,0.5785,0.5797,19025.99458978,11051.771726963003
2020-12-11 00:00:00+00:00,0.573,0.574,0.5645,0.566,36622.90299045,20842.45069935284
2020-12-12 00:00:00+00:00,0.541,0.54435,0.486,0.50698,5978048.44148537,3076519.330276583
2020-12-13 00:00:00+00:00,0.508,0.51196,0.506,0.506,390309.53651968,198374.08275649894
2020-12-14 00:00:00+00:00,0.51102,0.51299,0.51102,0.51299,1139.35823716,583.722945232143
2020-12-15 00:00:00+00:00,0.49991,0.5005,0.4995,0.50032,6490.11004099,3246.568170964279
2020-12-16 00:00:00+00:00,0.46894,0.46894,0.4609,0.4609,42609.25248012,19765.279822218516
2020-12-17 00:00:00+00:00,0.57,0.659,0.53858,0.57813,13773257.81210673,8185208.3899652045
2020-12-18 00:00:00+00:00,0.578,0.57907,0.5577,0.55771,262339.03457087,148168.5093868706
2020-12-19 00:00:00+00:00,0.58504,0.60492,0.56742,0.57724,2450874.85423168,1439829.3037661682
2020-12-20 00:00:00+00:00,0.57724,0.58504,0.53165,0.55728,2617850.99964616,1484923.9362462831
2020-12-21 00:00:00+00:00,0.535,0.535,0.51,0.515,1001082.05636704,523326.4980352172
2020-12-22 00:00:00+00:00,0.5155,0.52235,0.404,0.44853,12663016.76154199,5836273.865728717
2020-12-23 00:00:00+00:00,0.44606,0.44815,0.211,0.25413,26277854.47628078,8387453.221682116
2020-12-24 00:00:00+00:00,0.26057,0.375,0.24201,0.33731,16221525.10436599,4708693.880809141
2020-12-25 00:00:00+00:00,0.34168,0.385,0.28001,0.31909,20903500.29659629,7050498.45664504
2020-12-26 00:00:00+00:00,0.31694,0.325,0.282,0.29483,5978878.14692447,1803172.5340023157
2020-12-27 00:00:00+00:00,0.29413,0.30868,0.2655,0.283,7489701.51498254,2161733.470305651
2020-12-28 00:00:00+00:00,0.28249,0.306,0.23421,0.24745,8657740.16374112,2343870.478675426
2020-12-29 00:00:00+00:00,0.24745,0.25,0.172,0.22131,27830854.50385332,6001476.933341514
2020-12-30 00:00:00+00:00,0.22001,0.235,0.19111,0.22384,8916074.0764298,1901965.2066037771
2020-12-31 00:00:00+00:00,0.21114,0.23,0.202,0.21956,3768181.47264421,809947.8526350734
2021-01-01 00:00:00+00:00,0.22018,0.25,0.21601,0.24415,4274541.11144296,991579.8407303245
2021-01-02 00:00:00+00:00,0.23712,0.23812,0.20001,0.21799,6855409.29136766,1515604.4835183555
2021-01-03 00:00:00+00:00,0.21602,0.21799,0.21155,0.217,23745.59020333,5130.3473095604295
2021-01-04 00:00:00+00:00,0.22499,0.227,0.22153,0.22454,67067.3699033,14938.795369567546
2021-01-05 00:00:00+00:00,0.23599,0.23978,0.23336,0.23978,139686.71342494,32989.36247812681
2021-01-06 00:00:00+00:00,0.225,0.22616,0.22301,0.22554,91824.51303284,20573.64339300564
2021-01-07 00:00:00+00:00,0.24996,0.24996,0.24625,0.248,26255.70652704,6500.757636065185
2021-01-08 00:00:00+00:00,0.323,0.349,0.323,0.334,223398.34306367,75520.25116783404
2021-01-09 00:00:00+00:00,0.32162,0.32665,0.31151,0.31151,688361.10013666,220846.55703178476
2021-01-10 00:00:00+00:00,0.326,0.33348,0.326,0.33348,119160.26418719,39496.49091310011
2021-01-11 00:00:00+00:00,0.31299,0.31588,0.304,0.30912,94729.12886316,29323.861877092993
2021-01-12 00:00:00+00:00,0.288,0.288,0.284,0.284,22775.78168468,6520.416040549654
2021-01-13 00:00:00+00:00,0.29162,0.29689,0.28802,0.28948,575124.50002862,169582.43608602445
2021-01-14 00:00:00+00:00,0.30615,0.30911,0.30269,0.30339,91435.46134609,27900.8098310707
2021-01-15 00:00:00+00:00,0.2976,0.2983,0.29514,0.29601,22164.43042052,6584.298514528364
2021-01-16 00:00:00+00:00,0.28062,0.2829,0.279,0.281,32144.99420439,9022.378211234072
2021-01-17 00:00:00+00:00,0.27903,0.282,0.272,0.282,70979.1769664,19544.794621226378
2021-01-18 00:00:00+00:00,0.278,0.27885,0.276,0.27701,47928.21645518,13280.679072122663
2021-01-19 00:00:00+00:00,0.28612,0.28612,0.283,0.283,4402.257809,1251.610562406356
2021-01-20 00:00:00+00:00,0.294,0.29403,0.2918,0.29403,10152.19150195,2983.372931466361
2021-01-21 00:00:00+00:00,0.297,0.298,0.296,0.296,4502.12247862,1338.4154835563027
2021-01-22 00:00:00+00:00,0.2665,0.267,0.265,0.265,33328.39342378,8867.793659947056
2021-01-23 00:00:00+00:00,0.271,0.2738,0.271,0.2738,4363.76806659,1187.805106967902
2021-01-24 00:00:00+00:00,0.27028,0.27099,0.27,0.27099,14466.82790232,3911.8289435899223
2021-01-25 00:00:00+00:00,0.27307,0.2757,0.27304,0.2757,12813.00787284,3521.752055687981
2021-01-26 00:00:00+00:00,0.2675,0.26823,0.26554,0.26803,15573.55820215,4154.3943416713455
2021-01-27 00:00:00+00:00,0.26883,0.26883,0.26883,0.26883,815.83567461,219.3211044054063
2021-01-28 00:00:00+00:00,0.25037,0.25037,0.24842,0.24842,5028.07742674,1252.1278520981932
2021-01-29 00:00:00+00:00,0.26601,0.26984,0.266,0.26863,52920.10154876,14141.565241813392
2021-01-30 00:00:00+00:00,0.28301,0.28797,0.28301,0.28797,89963.26012402,25688.680444623355
2021-01-31 00:00:00+00:00,0.445,0.448,0.416,0.42699,259185.2969298,111499.43951236646
2021-02-01 00:00:00+00:00,0.497,0.497,0.4721,0.478,159338.72257884,76781.00514280942
2021-02-02 00:00:00+00:00,0.371,0.37337,0.347,0.348,393355.45821712,140238.39602317192
2021-02-03 00:00:00+00:00,0.37301,0.38877,0.373,0.384,95403.56031301,36402.82644172627
2021-02-04 00:00:00+00:00,0.39809,0.39809,0.395,0.39622,30894.8035406,12252.685924296859
2021-02-05 00:00:00+00:00,0.445,0.459,0.444,0.459,261191.51501979,118791.66348694959
2021-02-06 00:00:00+00:00,0.452,0.45699,0.42741,0.44317,3763181.14265761,1661350.3106332736
2021-02-07 00:00:00+00:00,0.44475,0.45,0.39787,0.41944,4002715.83385265,1703625.6930123193
2021-02-08 00:00:00+00:00,0.41776,0.46699,0.413,0.451,5152923.22079708,2260635.6324659484
2021-02-09 00:00:00+00:00,0.45148,0.49495,0.44846,0.475,4506437.6294234,2112535.1159827206
2021-02-10 00:00:00+00:00,0.47792,0.5478,0.451,0.50533,6321203.77217215,3182624.8794246884
2021-02-11 00:00:00+00:00,0.5065,0.53427,0.50001,0.52994,3339140.40030217,1730635.1692959457
2021-02-12 00:00:00+00:00,0.529,0.61999,0.52,0.61398,5345474.88802015,3066045.3807434286
2021-02-13 00:00:00+00:00,0.61391,0.6431,0.546,0.635,5644464.37326066,3425836.0857111937
2021-02-14 00:00:00+00:00,0.637,0.64,0.56,0.593,3543604.06325371,2119772.5139579517
2021-02-15 00:00:00+00:00,0.595,0.604,0.50901,0.5495,4348953.67252839,2434570.865040272
2021-02-16 00:00:00+00:00,0.549,0.58028,0.4832,0.52093,3886830.89564573,2063377.0573415635
2021-02-17 00:00:00+00:00,0.52552,0.55695,0.498,0.53304,3701216.3866394,1957260.9105765633
2021-02-18 00:00:00+00:00,0.53833,0.55915,0.51827,0.53259,2246950.46649871,1208525.6707234364
2021-02-19 00:00:00+00:00,0.53599,0.58,0.51413,0.56374,2376791.9825674,1311965.332107644
2021-02-20 00:00:00+00:00,0.5635,0.5825,0.46983,0.512,5344242.36659289,2897450.3694709544
2021-02-21 00:00:00+00:00,0.5096,0.55728,0.505,0.54417,2015888.44903264,1087001.1970791142
2021-02-22 00:00:00+00:00,0.54565,0.65,0.515,0.56776,10196582.23767424,5890432.339883794
2021-02-23 00:00:00+00:00,0.569,0.5695,0.38988,0.47613,7274263.94906226,3423837.3729223893
2021-02-24 00:00:00+00:00,0.47664,0.5,0.45213,0.46984,2135336.89248993,1034587.4328146249
2021-02-25 00:00:00+00:00,0.468,0.48178,0.42591,0.43406,2900925.02160304,1343630.0292569227
2021-02-26 00:00:00+00:00,0.43404,0.45055,0.41345,0.42837,2396661.52808153,1030781.4654626452
2021-02-27 00:00:00+00:00,0.42892,0.45818,0.42892,0.43761,1712719.27260943,756090.405875739
2021-02-28 00:00:00+00:00,0.4331,0.43836,0.395,0.41414,1419666.57351717,587953.73125229
2021-03-01 00:00:00+00:00,0.41537,0.45433,0.4138,0.44658,1934678.29202643,844620.0568671157
2021-03-02 00:00:00+00:00,0.44724,0.4553,0.42171,0.43525,1668559.21992107,727279.911661246
2021-03-03 00:00:00+00:00,0.43394,0.46693,0.433,0.44917,1741166.30905305,783331.6541315259
2021-03-04 00:00:00+00:00,0.447,0.49377,0.43524,0.48207,3068330.86037323,1420108.9704405896
2021-03-05 00:00:00+00:00,0.48173,0.48173,0.447,0.45531,1350034.99930135,617700.7173425729
2021-03-06 00:00:00+00:00,0.45501,0.47028,0.45,0.46266,904948.24381522,417587.13751039817
2021-03-07 00:00:00+00:00,0.46405,0.46832,0.4578,0.4661,975343.0548785,452121.01487400994
2021-03-08 00:00:00+00:00,0.46693,0.48928,0.455,0.47228,1494519.36674898,705281.5967556007
2021-03-09 00:00:00+00:00,0.47308,0.48789,0.472,0.48596,1425314.71470488,684502.3092996714
2021-03-10 00:00:00+00:00,0.486,0.488,0.4555,0.46142,1270568.36819219,596973.3173701351
2021-03-11 00:00:00+00:00,0.46141,0.46437,0.44134,0.45152,1774064.28637536,803105.6508567242
2021-03-12 00:00:00+00:00,0.45231,0.46413,0.42354,0.43876,2112310.64468369,936656.622715714
2021-03-13 00:00:00+00:00,0.4335,0.46574,0.4325,0.45899,1452928.99216598,657809.7553554743
2021-03-14 00:00:00+00:00,0.458,0.46097,0.439,0.439,964596.24546203,432193.00762665103
2021-03-15 00:00:00+00:00,0.44,0.44729,0.4239,0.43611,1384588.36436307,603093.3570196754
2021-03-16 00:00:00+00:00,0.435,0.519,0.42804,0.46,5928753.05348835,2933962.2819541446
2021-03-17 00:00:00+00:00,0.46151,0.48159,0.45452,0.47023,1299500.06209646,606509.947439938
2021-03-18 00:00:00+00:00,0.47343,0.48937,0.46651,0.47158,1186188.40805136,562964.2241267812
2021-03-19 00:00:00+00:00,0.4685,0.4746,0.4593,0.46641,846045.9887495,396900.53195022285
2021-03-20 00:00:00+00:00,0.46638,0.54954,0.46487,0.52494,2690162.16700448,1358072.091450039
