time,BSV open,BSV high,BSV low,BSV close,BSV volume,BSV quoteVolume
2019-03-20 00:00:00+00:00,65.677,66.113,65.141,66.113,186.65957086,12292.08235695672
2019-03-21 00:00:00+00:00,66.923,67.381,64.0,64.811,183.6752374,11954.52019505484
2019-03-22 00:00:00+00:00,64.386,66.619,64.386,66.619,39.14100498,2530.85441853144
2019-03-23 00:00:00+00:00,67.0,67.405,65.771,66.562,51.64208394,3453.70168523082
2019-03-24 00:00:00+00:00,65.95,65.95,65.502,65.662,20.938007,1379.7606782956
2019-03-25 00:00:00+00:00,64.5,64.5,62.96,63.588,109.30474958,6986.35092726516
2019-03-26 00:00:00+00:00,63.883,63.884,62.5,63.184,114.60743856,7235.34695299292
2019-03-27 00:00:00+00:00,63.775,65.077,63.775,65.077,33.0409353,2131.08818817854
2019-03-28 00:00:00+00:00,64.504,64.621,62.886,63.72,46.76825963,2986.19517140923
2019-03-29 00:00:00+00:00,63.698,64.586,63.697,64.586,1036.79293663,66394.79761337997
2019-03-30 00:00:00+00:00,64.693,66.0,64.301,64.301,127.65336492,8296.17240940916
2019-03-31 00:00:00+00:00,64.303,64.814,64.0,64.775,700.8351837,44922.99472787844
2019-04-01 00:00:00+00:00,64.162,66.0,64.162,65.407,1036.08364937,67501.83454347467
2019-04-02 00:00:00+00:00,65.99,80.1,64.015,80.0,3045.2797965,214965.11382184288
2019-04-03 00:00:00+00:00,82.25,96.009,77.821,86.037,4147.7109092,367402.44614855124
2019-04-04 00:00:00+00:00,82.197,100.458,81.388,82.198,1106.03454278,98683.59758496417
2019-04-05 00:00:00+00:00,83.109,85.513,82.715,84.284,326.03330537,27383.1664037853
2019-04-06 00:00:00+00:00,84.293,89.1,82.811,84.441,558.22004185,48197.59357770109
2019-04-07 00:00:00+00:00,83.533,87.179,83.447,86.0,78.75569495,6724.44848559314
2019-04-08 00:00:00+00:00,87.949,88.095,81.058,83.052,418.12157196,35314.16305502941
2019-04-09 00:00:00+00:00,81.798,81.798,78.065,78.76,59.22336812,4709.57726853389
2019-04-10 00:00:00+00:00,79.982,81.9,79.17,79.836,114.93760724,9272.3894974865
2019-04-11 00:00:00+00:00,80.102,84.018,70.0,71.374,669.93708213,49941.74585696389
2019-04-12 00:00:00+00:00,71.905,79.096,68.991,71.378,152.34272012,10976.37724438898
2019-04-13 00:00:00+00:00,71.465,72.014,69.565,70.076,346.6665144,24439.32333094012
2019-04-14 00:00:00+00:00,70.047,71.629,69.527,71.255,136.68916692,9658.96102314406
2019-04-15 00:00:00+00:00,71.727,73.2,58.4,58.501,2447.5840706,151074.10768798395
2019-04-16 00:00:00+00:00,61.267,61.267,53.093,56.94,3596.04111344,199855.59725087442
2019-04-17 00:00:00+00:00,56.63,57.283,54.52,54.835,2513.42605739,140890.03169504233
2019-04-18 00:00:00+00:00,55.051,62.0,54.803,59.327,1066.62097863,61791.76103247181
2019-04-19 00:00:00+00:00,59.528,60.73,58.289,59.164,115.77040142,6871.11786507563
2019-04-20 00:00:00+00:00,59.489,59.489,58.249,58.249,587.76089578,34675.78419205262
2019-04-21 00:00:00+00:00,58.782,58.867,54.637,56.181,741.47882523,42212.0017097828
2019-04-22 00:00:00+00:00,56.209,59.315,55.444,58.164,437.68050815,25216.20049987249
2019-04-23 00:00:00+00:00,57.336,58.3,55.947,55.947,809.38082521,46530.321170009
2019-04-24 00:00:00+00:00,55.947,55.947,49.886,53.333,1551.35584855,81242.43000284633
2019-04-25 00:00:00+00:00,54.18,56.194,50.8,51.402,576.49370128,30251.15443543836
2019-04-26 00:00:00+00:00,51.603,54.69,50.874,52.361,1035.7167232,54216.34295350089
2019-04-27 00:00:00+00:00,52.173,54.004,52.173,53.315,168.95888476,8948.27966147929
2019-04-28 00:00:00+00:00,54.185,54.185,52.884,53.2,320.35899742,17171.41011789885
2019-04-29 00:00:00+00:00,52.975,53.195,51.5,51.666,1404.66808906,73643.40762054623
2019-04-30 00:00:00+00:00,51.89,53.506,51.847,52.905,257.76401818,13468.01800595376
2019-05-01 00:00:00+00:00,54.321,54.321,52.278,52.788,567.47051388,30595.0188983457
2019-05-02 00:00:00+00:00,52.657,52.916,51.515,52.422,588.43542676,30790.35609935172
2019-05-03 00:00:00+00:00,52.422,54.5,52.384,53.715,1560.89516356,83538.88020313455
2019-05-04 00:00:00+00:00,53.363,53.363,52.0,52.191,391.24627726,20697.11819086998
2019-05-05 00:00:00+00:00,52.913,54.0,52.756,53.653,720.95178528,38577.29674053232
2019-05-06 00:00:00+00:00,52.2,52.361,51.515,52.358,182.15495465,9502.38183946136
2019-05-07 00:00:00+00:00,51.783,53.535,51.783,52.129,1359.94424219,72029.13965421748
2019-05-08 00:00:00+00:00,51.506,58.587,51.506,58.587,450.33611818,24365.50827240406
2019-05-09 00:00:00+00:00,58.222,58.222,55.602,57.746,559.33227292,31800.25787670954
2019-05-10 00:00:00+00:00,56.539,58.404,55.808,57.036,1190.39680065,68301.74719414406
2019-05-11 00:00:00+00:00,57.933,64.0,57.407,60.366,1033.64231525,60994.62716466857
2019-05-12 00:00:00+00:00,63.1,65.0,56.444,58.022,457.33673641,27884.05389879091
2019-05-13 00:00:00+00:00,58.036,62.46,57.304,60.755,3990.13722285,236585.47580852945
2019-05-14 00:00:00+00:00,60.007,64.0,58.412,60.51,1093.49724954,65639.4063742135
2019-05-15 00:00:00+00:00,60.51,74.0,60.317,72.93,1962.11787776,133460.65847147105
2019-05-16 00:00:00+00:00,73.1,75.0,63.662,65.4,662.26494471,43910.25404778558
2019-05-17 00:00:00+00:00,65.346,65.348,53.28,60.953,746.06951151,43776.31848190041
2019-05-18 00:00:00+00:00,59.399,61.516,58.652,59.597,92.04951112,5542.38296053657
2019-05-19 00:00:00+00:00,59.55,67.971,59.55,67.617,2469.77400383,161259.63934143336
2019-05-20 00:00:00+00:00,63.955,64.06,61.5,63.499,967.65170264,61046.6835645541
2019-05-21 00:00:00+00:00,63.5,195.0,61.914,106.7,6095.81398634,629787.0021959265
2019-05-22 00:00:00+00:00,106.7,148.0,98.075,104.965,4210.17532144,458562.60336743837
2019-05-23 00:00:00+00:00,104.116,104.416,95.189,102.0,2261.78520357,229841.32767590796
2019-05-24 00:00:00+00:00,101.181,101.631,96.003,98.649,601.71302625,59964.1787571458
2019-05-25 00:00:00+00:00,98.14,99.906,86.702,93.127,849.45005093,79627.35387921767
2019-05-26 00:00:00+00:00,92.17,116.0,89.252,105.903,2056.33128803,215649.71399932803
2019-05-27 00:00:00+00:00,104.327,123.0,103.54,116.937,1744.0946389,199569.60372003735
2019-05-28 00:00:00+00:00,115.765,127.001,113.448,122.352,997.5803696,121044.67589701778
2019-05-29 00:00:00+00:00,122.23,210.0,114.566,209.987,6459.37722749,1063648.405030145
2019-05-30 00:00:00+00:00,209.987,252.2,170.481,185.237,9844.59021371,2097970.218483609
2019-05-31 00:00:00+00:00,185.207,203.646,176.0,196.567,2409.78393919,452793.37574885634
2019-06-01 00:00:00+00:00,196.519,196.519,181.279,191.476,1141.94828852,217324.92548088438
2019-06-02 00:00:00+00:00,189.618,193.0,184.0,191.0,1090.29448763,205762.53265312093
2019-06-03 00:00:00+00:00,194.0,235.889,194.0,222.464,3982.32654573,868678.8287190094
2019-06-04 00:00:00+00:00,218.821,233.0,200.0,228.324,3437.97188001,754580.2066893027
2019-06-05 00:00:00+00:00,228.324,232.948,200.004,216.864,2212.16896423,475773.20054009336
2019-06-06 00:00:00+00:00,213.733,216.551,176.591,199.328,3811.534115,745035.5878071778
2019-06-07 00:00:00+00:00,199.331,209.234,191.181,204.578,1602.56346116,322133.66459524055
2019-06-08 00:00:00+00:00,202.5,202.619,187.09,194.945,945.5503833,183095.7012589161
2019-06-09 00:00:00+00:00,194.269,198.752,178.939,184.135,1289.53316552,244035.07176543568
2019-06-10 00:00:00+00:00,183.506,194.001,179.717,192.34,1114.37621748,210256.23024592848
2019-06-11 00:00:00+00:00,193.0,193.0,180.393,185.492,828.34062452,155171.0228818493
2019-06-12 00:00:00+00:00,187.554,194.979,185.0,189.449,1557.97358363,298488.0610432015
2019-06-13 00:00:00+00:00,189.449,219.0,189.449,214.474,2064.2427125,431477.3918001399
2019-06-14 00:00:00+00:00,210.888,217.613,203.094,217.479,780.18462752,163655.39866673888
2019-06-15 00:00:00+00:00,214.78,214.78,204.4,209.708,246.64879022,51994.77384072114
2019-06-16 00:00:00+00:00,209.194,219.0,205.001,213.092,2815.80934954,599908.450243822
2019-06-17 00:00:00+00:00,213.092,235.0,212.0,225.0,1966.68204935,433680.545764144
2019-06-18 00:00:00+00:00,221.695,232.058,218.308,222.5,2162.27717196,481164.7861952225
2019-06-19 00:00:00+00:00,219.519,226.501,219.519,224.988,3007.93783811,672629.9363223045
2019-06-20 00:00:00+00:00,224.988,226.489,208.004,217.699,1299.17637476,282690.9567400079
2019-06-21 00:00:00+00:00,217.282,226.0,217.282,222.401,824.81505433,181993.536252804
2019-06-22 00:00:00+00:00,222.401,255.0,221.003,236.595,3004.06284316,708515.834376328
2019-06-23 00:00:00+00:00,239.18,243.364,233.687,236.019,784.00741417,186631.6824761499
2019-06-24 00:00:00+00:00,237.0,237.601,227.701,235.654,304.60206103,70980.65180179125
2019-06-25 00:00:00+00:00,235.655,245.0,232.99,237.084,492.19341015,117005.13696164206
2019-06-26 00:00:00+00:00,237.951,249.998,191.0,217.5,3133.71071976,713285.5470801439
2019-06-27 00:00:00+00:00,219.49,223.999,178.0,196.9,4078.61288882,812466.3058654367
2019-06-28 00:00:00+00:00,198.646,225.0,190.86,207.203,2324.03836006,502221.6322235152
2019-06-29 00:00:00+00:00,211.364,214.186,201.927,213.171,561.43199036,117493.25956763457
2019-06-30 00:00:00+00:00,211.764,215.928,191.883,193.133,900.34579637,180656.4975094589
2019-07-01 00:00:00+00:00,193.133,205.481,185.883,197.375,713.69274942,139124.10145948784
2019-07-02 00:00:00+00:00,196.382,197.267,182.589,192.576,1610.26852795,308371.91049181833
2019-07-03 00:00:00+00:00,196.67,207.099,196.321,203.348,578.39615641,115824.46392590595
2019-07-04 00:00:00+00:00,202.244,204.934,192.079,195.495,1133.24982234,226182.9476997469
2019-07-05 00:00:00+00:00,197.328,204.294,194.999,196.705,1048.90645869,208387.09289053403
2019-07-06 00:00:00+00:00,199.318,204.183,196.551,197.53,238.75054435,47784.20490812018
2019-07-07 00:00:00+00:00,197.53,202.999,188.519,200.4,391.35075267,76339.21495192921
2019-07-08 00:00:00+00:00,197.394,203.0,196.776,202.107,712.61090951,143684.52600419923
2019-07-09 00:00:00+00:00,202.275,214.0,200.438,206.191,1448.55386746,297342.00754182786
2019-07-10 00:00:00+00:00,206.837,209.99,182.211,191.434,642.97189308,122543.53541740449
2019-07-11 00:00:00+00:00,187.139,189.267,152.001,162.395,1654.57456567,278336.11989057687
2019-07-12 00:00:00+00:00,162.134,169.638,153.76,165.746,781.28398694,124352.78919168316
2019-07-13 00:00:00+00:00,165.31,165.31,148.054,154.213,605.18326744,94567.79038322742
2019-07-14 00:00:00+00:00,154.743,161.149,127.253,127.253,1341.42085075,185079.46665175838
2019-07-15 00:00:00+00:00,126.0,140.951,108.0,129.0,1841.42938115,222907.52469347164
2019-07-16 00:00:00+00:00,130.727,137.981,110.0,112.55,1544.41500628,183859.41043060092
2019-07-17 00:00:00+00:00,111.186,124.575,108.008,120.093,951.43485726,111201.83254324493
2019-07-18 00:00:00+00:00,120.175,138.238,118.596,135.671,1917.21472934,251332.4997882432
2019-07-19 00:00:00+00:00,134.453,147.009,133.447,146.0,1459.86077333,201149.42727748552
2019-07-20 00:00:00+00:00,146.859,181.54,146.859,173.169,2451.54319553,408852.43803450273
2019-07-21 00:00:00+00:00,172.804,187.975,165.0,176.413,1006.84631458,175109.349739167
2019-07-22 00:00:00+00:00,177.4,178.951,160.855,168.5,745.13773637,125598.17525397641
2019-07-23 00:00:00+00:00,166.564,181.456,164.0,169.061,1017.18792624,172485.3603515795
2019-07-24 00:00:00+00:00,168.08,171.464,154.09,167.0,1896.07443934,310619.3412405888
2019-07-25 00:00:00+00:00,168.41,171.0,159.9,161.0,931.68708603,152390.19748202426
2019-07-26 00:00:00+00:00,161.0,163.099,156.498,161.589,568.61440269,90822.4371631279
2019-07-27 00:00:00+00:00,163.378,165.324,146.297,150.541,1834.20004199,279458.8486545616
2019-07-28 00:00:00+00:00,146.846,150.709,136.917,147.75,821.42396861,118690.27991134961
2019-07-29 00:00:00+00:00,147.381,154.418,141.326,146.276,710.11407355,104252.71501716394
2019-07-30 00:00:00+00:00,145.709,151.229,142.695,148.533,380.91031531,55974.11258293332
2019-07-31 00:00:00+00:00,147.991,150.75,144.259,149.929,1449.3108125,213881.4717496119
2019-08-01 00:00:00+00:00,146.546,147.0,141.017,146.856,220.00901133,31885.05024575087
2019-08-02 00:00:00+00:00,146.963,156.618,145.266,148.578,656.30518498,98595.6945094762
2019-08-03 00:00:00+00:00,147.985,154.079,147.985,151.021,944.52623745,142616.7577159116
2019-08-04 00:00:00+00:00,151.021,152.945,146.783,150.0,286.2751337,42997.57714347689
2019-08-05 00:00:00+00:00,150.214,157.7,150.214,152.624,562.1419815,86410.32176067965
2019-08-06 00:00:00+00:00,152.635,161.973,143.623,147.28,659.37435458,99849.79891079036
2019-08-07 00:00:00+00:00,146.518,151.391,144.509,146.876,439.37847572,64011.13932643016
2019-08-08 00:00:00+00:00,146.605,146.638,140.0,144.0,339.2068794,47941.23783238497
2019-08-09 00:00:00+00:00,142.19,148.5,137.817,139.49,320.95992146,45963.26945089261
2019-08-10 00:00:00+00:00,143.662,145.267,138.0,141.3,189.32703654,26724.6320118653
2019-08-11 00:00:00+00:00,142.726,147.376,140.451,145.731,191.94601495,27926.95908645662
2019-08-12 00:00:00+00:00,146.075,146.075,142.106,142.497,166.70075086,23875.03258520156
2019-08-13 00:00:00+00:00,142.373,143.868,138.85,143.774,137.01066791,19426.60359522527
2019-08-14 00:00:00+00:00,143.674,153.075,129.922,132.782,1000.98776742,140732.2805618733
2019-08-15 00:00:00+00:00,133.916,137.602,122.508,135.001,948.85850426,125462.74789419933
2019-08-16 00:00:00+00:00,134.934,137.173,130.0,135.593,607.57345696,82626.46070775941
2019-08-17 00:00:00+00:00,135.054,136.232,130.876,133.0,212.01782221,28378.245390124
2019-08-18 00:00:00+00:00,132.785,138.5,130.716,136.553,366.55266051,49311.56222666334
2019-08-19 00:00:00+00:00,136.317,148.343,135.799,145.47,304.1075382,43322.37310532821
2019-08-20 00:00:00+00:00,145.567,145.567,139.379,140.418,154.12534398,21721.61509308254
2019-08-21 00:00:00+00:00,140.206,140.206,130.001,133.623,341.8275902,45375.48913907263
2019-08-22 00:00:00+00:00,133.566,136.7,129.719,134.934,619.93519218,83557.9283364582
2019-08-23 00:00:00+00:00,134.002,136.398,133.197,135.914,179.72303219,24201.80287883573
2019-08-24 00:00:00+00:00,136.257,136.257,130.665,132.778,71.6189956,9462.92563911045
2019-08-25 00:00:00+00:00,132.846,134.509,131.062,133.0,177.69576457,23556.49193760236
2019-08-26 00:00:00+00:00,133.072,136.007,128.233,131.767,679.100347,88742.00892515983
2019-08-27 00:00:00+00:00,130.85,135.0,127.735,134.252,2446.3948457,314894.34883927915
2019-08-28 00:00:00+00:00,133.092,133.092,122.71,125.134,817.72925951,102593.0801979427
2019-08-29 00:00:00+00:00,124.883,135.65,120.0,127.438,682.83127233,85468.34817188198
2019-08-30 00:00:00+00:00,129.044,131.0,125.0,130.343,560.55949732,71460.56574247214
2019-08-31 00:00:00+00:00,129.334,130.383,127.202,129.393,339.64754534,43580.41229123752
2019-09-01 00:00:00+00:00,129.182,129.876,127.113,129.876,692.14427281,88820.6466887889
2019-09-02 00:00:00+00:00,130.413,136.767,129.561,134.48,541.34429432,71470.75967635613
2019-09-03 00:00:00+00:00,134.681,137.494,133.622,135.446,236.15716762,31826.81823494869
2019-09-04 00:00:00+00:00,134.744,135.183,131.505,132.049,558.39124314,73940.37094438549
2019-09-05 00:00:00+00:00,131.514,132.5,129.0,130.0,1055.14548277,136795.83225803054
2019-09-06 00:00:00+00:00,130.989,138.0,128.964,130.65,949.40484708,125630.19223370009
2019-09-07 00:00:00+00:00,132.0,135.762,130.447,134.771,133.46208332,17765.85584214334
2019-09-08 00:00:00+00:00,135.0,138.0,132.0,132.399,1139.7816289,152827.3139176288
2019-09-09 00:00:00+00:00,135.133,138.126,129.5,130.995,646.75513727,85221.5235225715
2019-09-10 00:00:00+00:00,130.48,130.48,124.6,127.388,775.8725388,98556.33896069007
2019-09-11 00:00:00+00:00,125.461,125.461,111.0,119.549,3033.65169623,364875.4017128364
2019-09-12 00:00:00+00:00,119.547,120.912,116.511,118.75,715.31676654,85589.6327746728
2019-09-13 00:00:00+00:00,118.75,118.75,115.69,116.998,483.04845607,56869.35493834003
2019-09-14 00:00:00+00:00,117.188,120.496,116.999,119.735,122.35210045,14380.32798560946
2019-09-15 00:00:00+00:00,120.003,123.5,118.562,120.059,301.48772075,36764.62392450425
2019-09-16 00:00:00+00:00,121.8,123.5,118.007,123.18,602.79468297,72806.4402264027
2019-09-17 00:00:00+00:00,121.911,126.0,119.649,124.894,1578.14031741,196293.75592123796
2019-09-18 00:00:00+00:00,125.009,129.449,121.478,125.681,497.44060617,62567.33456448201
2019-09-19 00:00:00+00:00,124.833,125.849,118.336,122.285,2377.62478841,289728.86128208885
2019-09-20 00:00:00+00:00,123.749,126.449,121.697,122.0,186.64753441,23058.90343206708
2019-09-21 00:00:00+00:00,123.0,124.54,120.969,121.53,362.14136495,44692.89642415132
2019-09-22 00:00:00+00:00,120.005,121.529,117.0,118.937,222.06584088,26391.7586656964
2019-09-23 00:00:00+00:00,117.5,119.367,112.0,112.0,163.35285352,18943.5470740767
2019-09-24 00:00:00+00:00,112.0,113.604,77.001,86.367,3170.15262838,308762.74167802715
2019-09-25 00:00:00+00:00,86.225,89.926,82.0,85.439,1916.91113267,163438.68175706782
2019-09-26 00:00:00+00:00,86.333,86.57,78.107,83.708,671.18393528,56194.9457404854
2019-09-27 00:00:00+00:00,81.979,85.0,80.497,84.578,249.76590768,20877.81003366811
2019-09-28 00:00:00+00:00,84.397,84.562,81.897,84.207,367.8233928,30898.66815829484
2019-09-29 00:00:00+00:00,84.207,84.996,80.449,81.988,64.81012661,5342.45386723565
2019-09-30 00:00:00+00:00,81.698,88.492,81.0,87.049,683.16762625,57996.16338348539
2019-10-01 00:00:00+00:00,88.5,89.119,83.307,84.878,436.54898989,37737.07399518791
2019-10-02 00:00:00+00:00,83.8,85.288,82.6,85.0,222.90522302,18556.23177868411
2019-10-03 00:00:00+00:00,84.69,84.69,81.0,83.19,1129.18732323,91881.68030366654
2019-10-04 00:00:00+00:00,82.563,84.028,81.916,82.709,1229.26873951,102142.29480372385
2019-10-05 00:00:00+00:00,82.709,83.277,81.866,83.277,99.3879844,8170.9315027025
2019-10-06 00:00:00+00:00,82.749,83.719,79.116,80.346,568.69333333,46043.66935418366
2019-10-07 00:00:00+00:00,80.808,85.4,80.269,84.5,235.35902242,19826.48445196351
2019-10-08 00:00:00+00:00,84.275,85.585,82.481,83.826,1518.26391925,126465.82563832062
2019-10-09 00:00:00+00:00,83.9,95.5,83.677,90.575,448.30592045,39350.29623258368
2019-10-10 00:00:00+00:00,91.423,92.261,87.009,88.546,442.49780163,39407.85407058668
2019-10-11 00:00:00+00:00,87.466,91.799,82.164,83.706,650.2593455,56677.65696778516
2019-10-12 00:00:00+00:00,83.709,86.985,83.709,86.985,450.91722228,38725.19837968128
2019-10-13 00:00:00+00:00,86.958,89.3,85.747,85.786,132.51843141,11657.05746266886
2019-10-14 00:00:00+00:00,85.799,87.7,85.456,86.604,410.45626327,35397.19020920204
2019-10-15 00:00:00+00:00,86.701,89.49,85.11,89.0,605.74459734,53349.72880967481
2019-10-16 00:00:00+00:00,89.9,93.759,84.856,87.603,298.32620322,26356.44631649373
2019-10-17 00:00:00+00:00,87.82,89.95,87.214,89.81,219.73356842,19471.84921104672
2019-10-18 00:00:00+00:00,89.54,91.585,86.0,90.193,535.16153969,47817.5039611199
2019-10-19 00:00:00+00:00,90.218,91.36,89.472,89.837,446.89887168,40414.77625167724
2019-10-20 00:00:00+00:00,90.0,96.933,90.0,95.195,181.73613244,17222.48393325942
2019-10-21 00:00:00+00:00,94.483,115.999,93.867,112.913,933.45778502,97669.2676467024
2019-10-22 00:00:00+00:00,111.408,113.848,106.66,106.66,447.94224241,48883.61769410677
2019-10-23 00:00:00+00:00,106.565,106.565,92.104,96.944,1384.51252364,137575.38489339006
2019-10-24 00:00:00+00:00,97.458,113.943,94.529,108.982,1871.92789603,203211.02028230092
2019-10-25 00:00:00+00:00,107.888,137.943,106.6,132.03,1409.59078122,178429.54903701422
2019-10-26 00:00:00+00:00,133.999,155.757,127.161,139.392,3668.01296408,513766.29325559846
2019-10-27 00:00:00+00:00,141.252,148.95,133.702,140.505,995.25000538,139736.8684082544
2019-10-28 00:00:00+00:00,139.99,147.98,134.222,137.832,980.93972326,140512.96824658703
2019-10-29 00:00:00+00:00,137.831,142.999,137.063,141.0,440.793002,61890.38338717919
2019-10-30 00:00:00+00:00,139.407,144.0,129.0,135.0,1251.10082695,169046.82027267863
2019-10-31 00:00:00+00:00,135.0,135.0,126.0,127.2,681.19977398,88267.7366489309
2019-11-01 00:00:00+00:00,128.912,129.743,126.0,128.0,734.15990282,93759.79478892178
2019-11-02 00:00:00+00:00,129.999,133.558,128.0,132.152,243.48313763,31626.78273992055
2019-11-03 00:00:00+00:00,131.0,134.657,127.0,128.028,265.51875514,34218.78266242644
2019-11-04 00:00:00+00:00,128.564,133.0,124.001,131.607,608.86851216,77255.05549165876
2019-11-05 00:00:00+00:00,130.101,143.357,130.101,138.704,578.07966203,77931.41083918438
2019-11-06 00:00:00+00:00,136.852,139.901,136.355,139.499,237.68114911,32902.62781038963
2019-11-07 00:00:00+00:00,136.545,136.653,131.0,133.071,305.36603543,40912.29657646332
2019-11-08 00:00:00+00:00,132.36,133.112,121.002,125.477,783.47540107,97936.12053046333
2019-11-09 00:00:00+00:00,124.005,131.491,124.005,129.662,157.31630455,20171.08047727886
2019-11-10 00:00:00+00:00,129.509,138.85,129.509,135.0,261.88680677,35245.12254326354
2019-11-11 00:00:00+00:00,134.0,134.07,127.212,130.654,228.21412013,29817.55266798858
2019-11-12 00:00:00+00:00,131.4,133.459,128.071,130.935,312.35024288,41066.325728243166
2019-11-13 00:00:00+00:00,131.864,131.864,123.513,129.262,432.49139717,54950.95089948421
2019-11-14 00:00:00+00:00,129.701,129.701,123.842,125.703,355.89228739,44689.85165699813
2019-11-15 00:00:00+00:00,126.17,128.851,120.2,124.293,279.92518061,34681.059676216086
2019-11-16 00:00:00+00:00,123.702,125.295,122.5,123.052,205.12069996,25341.834776482443
2019-11-17 00:00:00+00:00,124.003,125.339,121.126,123.501,308.80556137,38181.03952294274
2019-11-18 00:00:00+00:00,123.456,125.0,113.0,116.501,945.07457931,111805.06868800578
2019-11-19 00:00:00+00:00,116.5,116.873,108.0,110.283,489.39297797,54727.062966702484
2019-11-20 00:00:00+00:00,110.606,111.644,105.11,106.0,289.68738376,31209.097838603346
2019-11-21 00:00:00+00:00,106.0,107.59,96.34,100.887,982.30370804,98929.55632245964
2019-11-22 00:00:00+00:00,100.413,103.117,88.997,98.626,1370.47476324,131294.43419521747
2019-11-23 00:00:00+00:00,97.07,119.982,93.476,108.372,437.37620295,44604.35974629208
2019-11-24 00:00:00+00:00,107.255,107.931,99.134,99.332,487.70599949,50484.31184136085
2019-11-25 00:00:00+00:00,98.11,111.294,93.605,104.458,1143.55200947,116164.44233346074
2019-11-26 00:00:00+00:00,102.814,109.291,102.814,106.886,606.94303831,64531.613425023825
2019-11-27 00:00:00+00:00,106.365,110.0,99.307,107.953,287.03780571,30095.47379367347
2019-11-28 00:00:00+00:00,107.95,109.845,105.403,105.55,200.75787147,21534.184812308064
2019-11-29 00:00:00+00:00,107.0,113.151,105.174,108.07,1262.23115338,138273.63279141733
2019-11-30 00:00:00+00:00,109.5,109.6,105.991,105.991,228.66061092,24500.952971601968
2019-12-01 00:00:00+00:00,105.525,106.832,100.72,104.279,216.44582818,22380.910279410327
2019-12-02 00:00:00+00:00,103.238,103.472,98.803,101.288,365.18489556,36597.14481913781
2019-12-03 00:00:00+00:00,101.292,101.656,95.298,96.055,272.21045855,26861.430682116785
2019-12-04 00:00:00+00:00,95.284,104.117,93.222,95.294,499.48489845,48256.42653369551
2019-12-05 00:00:00+00:00,94.8,97.858,93.584,95.305,231.2889292,21998.05836947559
2019-12-06 00:00:00+00:00,95.426,97.423,94.048,96.506,173.38338782,16688.9430573886
2019-12-07 00:00:00+00:00,97.424,97.711,95.212,95.212,16.62750713,1600.44939513614
2019-12-08 00:00:00+00:00,95.374,95.374,95.374,95.374,0.1,9.5374
2019-12-09 00:00:00+00:00,94.804,95.444,94.804,95.11,2.35792384,224.15648968384
2019-12-10 00:00:00+00:00,95.445,96.793,94.242,95.793,374.85751642,35746.325797688485
2019-12-11 00:00:00+00:00,95.486,95.93,94.213,94.322,298.66750737,28409.747307712434
2019-12-12 00:00:00+00:00,94.591,95.984,91.443,92.54,328.70064988,30471.626815337444
2019-12-13 00:00:00+00:00,92.5,93.831,91.555,93.45,150.41439274,13917.945435553911
2019-12-14 00:00:00+00:00,93.459,94.136,91.835,92.85,184.0172525,17116.34478600953
2019-12-15 00:00:00+00:00,91.783,93.242,91.761,92.815,178.09518357,16481.13146789903
2019-12-16 00:00:00+00:00,92.83,92.918,88.0,88.9,246.70005969,22261.22822991472
2019-12-17 00:00:00+00:00,89.002,89.002,79.424,80.01,845.86288537,69788.41920467168
2019-12-18 00:00:00+00:00,80.296,86.699,77.0,86.699,798.66712026,65088.2382045646
2019-12-19 00:00:00+00:00,87.082,87.082,82.017,84.44,486.68967354,41147.36732112783
2019-12-20 00:00:00+00:00,84.311,88.945,84.191,88.44,275.91285127,24054.44364341503
2019-12-21 00:00:00+00:00,88.653,88.654,84.768,85.071,210.9441986,18336.985511340106
2019-12-22 00:00:00+00:00,84.75,88.358,84.324,88.358,310.84195273,26569.5043019104
2019-12-23 00:00:00+00:00,88.358,89.511,85.084,86.23,495.36295262,43769.02224081351
2019-12-24 00:00:00+00:00,86.119,86.4,85.425,86.4,160.5174062,13796.62208566028
2019-12-25 00:00:00+00:00,86.816,87.415,85.141,85.707,130.03012977,11275.72163241715
2019-12-26 00:00:00+00:00,85.885,91.357,84.611,87.533,339.65593341,29685.78821707397
2019-12-27 00:00:00+00:00,87.534,91.083,86.223,90.0,291.83689489,25742.158014548564
2019-12-28 00:00:00+00:00,90.75,95.823,90.75,94.597,343.27425116,31966.063766395677
2019-12-29 00:00:00+00:00,93.855,101.0,92.8,101.0,471.39733496,44972.93806615623
2019-12-30 00:00:00+00:00,99.829,100.533,91.092,96.128,482.88210361,46262.79930808697
2019-12-31 00:00:00+00:00,96.347,98.656,93.872,96.498,337.97507877,32387.927125324877
2020-01-01 00:00:00+00:00,96.435,99.363,96.435,97.025,125.76851814,12266.28693569799
2020-01-02 00:00:00+00:00,96.013,96.013,92.261,92.49,487.94921444,45875.90884303308
2020-01-03 00:00:00+00:00,92.412,103.999,91.559,102.196,522.20901255,51534.57964866316
2020-01-04 00:00:00+00:00,102.819,109.91,102.0,109.91,446.64615504,46567.47394118034
2020-01-05 00:00:00+00:00,110.0,113.676,107.835,109.643,402.28713403,44380.12590358107
2020-01-06 00:00:00+00:00,108.816,118.125,108.816,118.125,229.42753335,26384.33902724834
2020-01-07 00:00:00+00:00,118.003,118.5,109.977,114.624,272.04854172,31136.66305415852
2020-01-08 00:00:00+00:00,114.323,117.517,110.652,112.446,626.74572022,70701.35903206734
2020-01-09 00:00:00+00:00,113.835,118.08,113.835,116.75,393.52034429,45425.98841515091
2020-01-10 00:00:00+00:00,118.099,177.0,116.381,171.416,2808.59721477,410732.45375049015
2020-01-11 00:00:00+00:00,171.388,177.344,148.242,149.864,3121.4776071,518031.89000151353
2020-01-12 00:00:00+00:00,149.206,169.0,146.99,164.805,999.18189555,156886.84664216966
2020-01-13 00:00:00+00:00,163.364,174.863,159.774,174.46,1281.13286883,212973.6519744802
2020-01-14 00:00:00+00:00,175.075,456.946,174.643,424.0,8937.66344484,2708246.4422558784
2020-01-15 00:00:00+00:00,422.001,427.13,277.07,317.95,6736.83587762,2262986.4321488845
2020-01-16 00:00:00+00:00,315.4,334.097,280.0,315.118,2814.13979979,858533.7214748382
2020-01-17 00:00:00+00:00,314.384,335.0,269.9,286.098,4340.27401328,1303501.2197280743
2020-01-18 00:00:00+00:00,288.949,298.737,241.9,255.544,3057.67173622,801965.6259123998
2020-01-19 00:00:00+00:00,248.908,280.2,238.0,280.2,2361.82758046,607163.3781595596
2020-01-20 00:00:00+00:00,281.967,320.0,263.986,300.0,2500.92692326,755339.9853298422
2020-01-21 00:00:00+00:00,301.0,325.763,288.358,315.712,1572.97042712,488679.9475100553
2020-01-22 00:00:00+00:00,316.496,325.906,295.201,307.0,1810.39263508,559053.6635939105
2020-01-23 00:00:00+00:00,307.0,307.0,244.703,259.855,2597.4890044,707454.4651360991
2020-01-24 00:00:00+00:00,257.592,282.336,246.615,264.902,2354.36511591,618494.7465090057
2020-01-25 00:00:00+00:00,262.821,268.0,245.437,261.458,1938.81894282,494650.0232328866
2020-01-26 00:00:00+00:00,260.659,277.913,254.0,273.227,914.45923144,245255.83796619193
2020-01-27 00:00:00+00:00,273.262,320.999,273.0,298.543,3460.14626971,1042073.7716654688
2020-01-28 00:00:00+00:00,298.443,315.0,277.869,297.086,3488.66011861,1025946.8895106168
2020-01-29 00:00:00+00:00,296.0,304.247,280.342,286.81,2718.09047625,791384.0134079861
2020-01-30 00:00:00+00:00,286.81,305.623,283.024,297.892,2673.68759692,790033.1533149628
2020-01-31 00:00:00+00:00,298.03,298.039,261.42,271.787,2619.25117702,729723.3599891408
2020-02-01 00:00:00+00:00,272.601,289.0,271.232,278.807,1577.53850363,444081.48328697385
2020-02-02 00:00:00+00:00,278.5,289.943,270.0,278.479,1038.47375298,291204.73922829295
2020-02-03 00:00:00+00:00,277.529,289.279,275.0,279.99,2653.8714554,745452.483685351
2020-02-04 00:00:00+00:00,280.119,282.881,265.0,269.94,1232.59360298,335268.98133314564
2020-02-05 00:00:00+00:00,270.747,303.271,266.685,299.988,1182.55450944,346340.6921491562
2020-02-06 00:00:00+00:00,301.299,308.114,285.001,294.776,2684.84066579,798147.7430944385
2020-02-07 00:00:00+00:00,294.369,304.995,287.002,295.133,1524.32094902,448724.2400611204
2020-02-08 00:00:00+00:00,295.403,349.502,288.763,335.914,5302.42453526,1750717.914281165
2020-02-09 00:00:00+00:00,337.155,374.0,322.507,351.022,6041.17069506,2115889.718108425
2020-02-10 00:00:00+00:00,351.005,358.999,331.292,353.901,1653.81789862,571261.2222044416
2020-02-11 00:00:00+00:00,353.94,373.843,346.0,368.246,2122.82536207,769735.4061938681
2020-02-12 00:00:00+00:00,369.265,379.999,361.901,367.525,2314.95960304,859177.9835444252
2020-02-13 00:00:00+00:00,366.0,381.67,341.0,360.482,3162.92858051,1135105.1694089214
2020-02-14 00:00:00+00:00,360.185,364.24,348.039,362.99,1128.57920108,404890.2379899121
2020-02-15 00:00:00+00:00,363.138,363.138,305.401,311.284,3117.00408813,1019674.5245254028
2020-02-16 00:00:00+00:00,311.516,323.248,260.011,285.402,2944.38592789,869396.2583539829
2020-02-17 00:00:00+00:00,285.4,321.115,255.0,310.31,3039.11583159,886937.6823468399
2020-02-18 00:00:00+00:00,311.588,325.0,287.0,309.902,3632.29933324,1120081.5950271185
2020-02-19 00:00:00+00:00,311.635,315.477,285.758,288.666,1742.9411423,527291.478286097
2020-02-20 00:00:00+00:00,287.916,306.542,277.521,286.611,759.64634983,220430.63263385292
2020-02-21 00:00:00+00:00,286.207,295.999,282.638,289.019,681.75344037,196340.93465008898
2020-02-22 00:00:00+00:00,289.257,289.257,275.648,280.133,1338.29917775,378945.8072336016
2020-02-23 00:00:00+00:00,281.631,299.985,280.81,296.209,451.38511987,131548.14952206003
2020-02-24 00:00:00+00:00,295.418,300.495,268.238,278.057,1826.9614099,517518.3608209352
2020-02-25 00:00:00+00:00,277.804,278.172,252.778,259.161,1627.1084733,432254.8678581799
2020-02-26 00:00:00+00:00,257.1,259.951,210.0,226.15,3339.46237359,775525.5552952249
2020-02-27 00:00:00+00:00,223.131,238.966,216.486,226.0,1680.5597504,384759.951855911
2020-02-28 00:00:00+00:00,228.17,231.759,209.305,217.0,2317.7849686,502711.8859673637
2020-02-29 00:00:00+00:00,217.0,222.953,209.0,210.586,1574.73253993,337785.62775992317
2020-03-01 00:00:00+00:00,215.0,233.923,213.568,229.697,3356.14101766,764782.2771144077
2020-03-02 00:00:00+00:00,227.959,259.0,227.959,253.664,2577.72754696,624382.5399721753
2020-03-03 00:00:00+00:00,253.664,255.166,240.717,249.548,1920.19371068,473634.2808399053
2020-03-04 00:00:00+00:00,245.849,251.525,220.001,232.223,1960.98058308,463377.0071478628
2020-03-05 00:00:00+00:00,233.591,250.523,232.234,241.44,2534.85007547,613962.96046043
2020-03-06 00:00:00+00:00,238.787,250.0,238.491,249.0,969.35995725,237000.56610656483
2020-03-07 00:00:00+00:00,249.5,249.555,230.3,234.318,844.44740384,202527.56632495375
2020-03-08 00:00:00+00:00,233.289,234.171,191.211,194.189,1973.49234391,419826.739276938
2020-03-09 00:00:00+00:00,197.271,202.789,185.484,199.774,2050.51897845,395912.787693951
2020-03-10 00:00:00+00:00,199.725,203.365,194.104,199.273,1207.02049207,239244.9021360385
2020-03-11 00:00:00+00:00,199.331,200.24,174.173,191.987,1227.97460643,229602.92288017142
2020-03-12 00:00:00+00:00,191.19,191.649,100.429,114.083,7768.46708796,1036917.2209936167
2020-03-13 00:00:00+00:00,113.648,128.53,82.002,120.566,5826.7258646,650889.6298475446
2020-03-14 00:00:00+00:00,122.03,125.93,112.501,113.349,3755.27401017,449961.0879367797
2020-03-15 00:00:00+00:00,114.3,129.82,113.349,121.839,4268.2366948,514563.4995186691
2020-03-16 00:00:00+00:00,121.089,124.052,99.0,111.277,5268.36015714,578010.5647611946
2020-03-17 00:00:00+00:00,112.989,125.343,111.2,120.396,2686.81661905,320192.539126396
2020-03-18 00:00:00+00:00,119.04,123.833,110.578,123.833,2764.22682682,326162.1906063971
2020-03-19 00:00:00+00:00,123.8,170.0,118.637,156.749,11045.562414,1603774.753417561
2020-03-20 00:00:00+00:00,156.531,178.8,149.381,160.647,14626.3268767,2406659.860365305
2020-03-21 00:00:00+00:00,160.948,174.998,156.14,167.965,6742.64601456,1113252.0301807646
2020-03-22 00:00:00+00:00,167.233,187.0,152.374,156.763,5662.24536876,928091.3555356258
2020-03-23 00:00:00+00:00,155.712,173.552,153.076,170.017,1803.54837301,298586.4951163363
2020-03-24 00:00:00+00:00,170.764,181.607,168.069,178.573,2921.75055362,513630.4439746332
2020-03-25 00:00:00+00:00,177.447,180.0,167.398,173.448,2218.61208645,383056.5436773749
2020-03-26 00:00:00+00:00,174.363,175.29,165.435,173.607,3238.99314913,547334.5572897621
2020-03-27 00:00:00+00:00,173.381,177.486,163.39,163.672,2489.64401703,430079.78364560864
2020-03-28 00:00:00+00:00,163.177,163.177,148.0,157.638,3752.01625666,585956.2871409667
2020-03-29 00:00:00+00:00,157.64,158.363,146.818,147.158,2117.67653285,323941.5015061138
2020-03-30 00:00:00+00:00,146.696,173.0,146.106,165.753,4859.84498384,777902.5522147818
2020-03-31 00:00:00+00:00,165.438,169.681,163.309,165.351,1564.03013332,260215.01607114408
2020-04-01 00:00:00+00:00,165.999,169.949,157.008,168.162,2069.42065003,339340.5586073986
2020-04-02 00:00:00+00:00,168.443,188.039,159.427,175.702,5671.43685555,998810.9165876791
2020-04-03 00:00:00+00:00,175.159,185.258,172.361,179.015,4528.29863957,805007.6712282565
2020-04-04 00:00:00+00:00,179.099,181.055,174.3,179.259,1164.36516837,206547.55409125926
2020-04-05 00:00:00+00:00,178.841,180.0,168.171,174.236,927.81555047,162562.76447506688
2020-04-06 00:00:00+00:00,174.249,194.321,174.249,192.661,4928.6315308,913887.2360761109
2020-04-07 00:00:00+00:00,192.775,195.802,168.17,184.484,6974.96961436,1308759.4492104778
2020-04-08 00:00:00+00:00,184.683,222.967,184.529,218.342,6491.48313258,1376871.9396000635
2020-04-09 00:00:00+00:00,217.778,226.1,210.0,214.387,4683.53808337,1023941.590201574
2020-04-10 00:00:00+00:00,213.059,214.902,178.0,186.773,6973.78932458,1340233.1398860214
2020-04-11 00:00:00+00:00,186.807,190.066,181.01,187.065,2743.48639926,511983.22028267226
2020-04-12 00:00:00+00:00,188.511,204.411,183.129,191.563,3846.88577265,744985.6156890172
2020-04-13 00:00:00+00:00,191.384,191.384,181.757,188.53,3432.22013105,637988.8547895589
2020-04-14 00:00:00+00:00,188.5,194.015,186.78,189.077,2103.52859647,401123.41000444477
2020-04-15 00:00:00+00:00,188.308,191.174,181.75,181.756,2888.94558711,537023.5141537972
2020-04-16 00:00:00+00:00,181.75,199.703,172.111,195.182,7509.41720022,1433683.8482106419
2020-04-17 00:00:00+00:00,194.997,197.446,192.329,193.48,1482.32984458,287281.813313692
2020-04-18 00:00:00+00:00,192.8,209.0,192.25,202.043,6417.29217607,1289402.8699508386
2020-04-19 00:00:00+00:00,203.941,207.455,194.729,195.078,7207.67101205,1455470.3561929972
2020-04-20 00:00:00+00:00,194.929,198.92,181.655,183.996,3391.54301586,647092.552969932
2020-04-21 00:00:00+00:00,183.582,187.129,178.547,183.187,1815.03435176,332046.8819459719
2020-04-22 00:00:00+00:00,183.02,195.852,180.987,192.861,1492.78847056,282953.8934140924
2020-04-23 00:00:00+00:00,192.663,200.0,187.21,192.855,4358.62914645,850220.3520963697
2020-04-24 00:00:00+00:00,193.472,196.795,191.897,193.233,633.32128333,123327.27645105222
2020-04-25 00:00:00+00:00,192.688,199.526,190.873,193.499,1317.66746171,257326.90549438368
2020-04-26 00:00:00+00:00,195.546,199.36,193.0,197.159,882.76704352,172725.70932933767
2020-04-27 00:00:00+00:00,197.492,198.459,191.112,196.261,1867.98492123,365532.94651748124
2020-04-28 00:00:00+00:00,196.137,197.707,191.939,196.048,1382.30138143,270045.7883599902
2020-04-29 00:00:00+00:00,196.289,212.0,195.79,206.674,3663.35284751,746782.828591041
2020-04-30 00:00:00+00:00,206.892,230.0,202.408,207.827,4630.83200759,1001815.20412364
2020-05-01 00:00:00+00:00,207.712,216.965,206.69,211.24,1525.93134977,322737.4395217488
2020-05-02 00:00:00+00:00,210.825,213.754,208.995,212.39,471.27004738,99423.06117732332
2020-05-03 00:00:00+00:00,213.391,219.0,203.819,207.65,1663.4711606,352063.879203893
2020-05-04 00:00:00+00:00,208.025,209.0,191.59,203.623,6722.9902951,1359458.5989820692
2020-05-05 00:00:00+00:00,204.192,213.25,202.25,207.766,3045.10575986,628901.3708471922
2020-05-06 00:00:00+00:00,206.24,210.998,200.0,202.198,2333.01738952,480563.5658504476
2020-05-07 00:00:00+00:00,201.15,210.367,197.0,207.383,1656.19133789,338157.6860336742
2020-05-08 00:00:00+00:00,207.793,214.0,206.024,210.951,1353.19334356,283208.0278745443
2020-05-09 00:00:00+00:00,208.56,218.25,205.501,210.806,1932.54475283,410699.68113422033
2020-05-10 00:00:00+00:00,208.561,214.996,173.791,182.427,3942.488361,730736.1614042738
2020-05-11 00:00:00+00:00,184.0,190.237,171.013,187.895,3538.40231741,641712.7148099557
2020-05-12 00:00:00+00:00,188.5,194.968,184.263,187.173,2552.98575627,483086.5588683068
2020-05-13 00:00:00+00:00,187.918,193.46,185.791,191.598,1341.12569612,255062.15600161505
2020-05-14 00:00:00+00:00,191.5,196.099,187.276,193.29,1960.16594727,375942.2068499122
2020-05-15 00:00:00+00:00,193.8,193.99,185.659,185.756,1799.56878618,340233.44499102025
2020-05-16 00:00:00+00:00,185.76,190.27,184.672,188.346,1768.60111461,332288.0670498997
2020-05-17 00:00:00+00:00,188.04,193.9,187.78,190.8,1991.14753128,380229.51355517923
2020-05-18 00:00:00+00:00,190.8,208.007,190.8,204.46,3878.62159074,779433.0105407985
2020-05-19 00:00:00+00:00,204.17,204.17,196.437,201.295,2198.92736178,439867.49711417285
2020-05-20 00:00:00+00:00,201.43,202.94,192.002,196.972,1039.96147335,206280.14065744507
2020-05-21 00:00:00+00:00,197.0,204.083,182.0,192.63,3497.34816189,678757.8075662011
2020-05-22 00:00:00+00:00,192.63,196.48,190.22,195.09,1146.34321932,221828.9173278197
2020-05-23 00:00:00+00:00,195.72,197.02,192.12,193.001,694.65935909,134998.01521828392
2020-05-24 00:00:00+00:00,193.001,194.74,186.0,186.0,913.90129018,173987.6660675461
2020-05-25 00:00:00+00:00,185.335,188.034,183.431,185.902,2525.65932715,470668.8133408937
2020-05-26 00:00:00+00:00,185.532,185.603,177.0,180.491,1712.50353714,311607.31768227014
2020-05-27 00:00:00+00:00,180.491,188.22,180.491,188.19,1645.97727783,304068.08142789936
2020-05-28 00:00:00+00:00,188.6,193.276,184.71,192.69,2688.89997045,508326.48812600045
2020-05-29 00:00:00+00:00,193.17,194.13,188.72,190.0,2634.87265584,503558.9394040025
2020-05-30 00:00:00+00:00,189.6,204.0,187.8,203.75,5188.82619029,1010295.1171345914
2020-05-31 00:00:00+00:00,203.098,203.18,190.7,192.3,3183.45718046,627911.1298734065
2020-06-01 00:00:00+00:00,191.76,202.403,191.651,200.778,2560.77957156,501485.58897835406
2020-06-02 00:00:00+00:00,200.766,207.31,191.0,196.309,4889.75945163,972498.6303143885
2020-06-03 00:00:00+00:00,196.113,196.62,192.0,194.437,1863.27562625,361562.42312876595
2020-06-04 00:00:00+00:00,194.75,199.637,192.55,194.89,2716.8581034,531196.2307681902
2020-06-05 00:00:00+00:00,194.86,197.264,193.006,194.47,1933.04519908,377399.81116696435
2020-06-06 00:00:00+00:00,194.35,195.455,193.002,194.273,704.89667759,136623.09142753613
2020-06-07 00:00:00+00:00,194.25,194.77,186.747,192.39,1259.05801921,241337.83675416172
2020-06-08 00:00:00+00:00,192.69,192.69,189.13,191.96,613.5185378,117367.19536106598
2020-06-09 00:00:00+00:00,191.708,192.56,188.194,189.79,501.89148092,95380.51451548887
2020-06-10 00:00:00+00:00,190.31,197.1,189.81,193.52,1700.07059709,327983.3300260718
2020-06-11 00:00:00+00:00,194.08,194.943,177.021,180.75,2497.8597953,462907.3760387428
2020-06-12 00:00:00+00:00,180.3,184.28,179.41,182.48,855.91159321,155678.9565212824
2020-06-13 00:00:00+00:00,182.671,182.91,180.821,182.704,309.32606347,56255.997474759184
2020-06-14 00:00:00+00:00,182.06,182.36,177.73,179.22,602.23683375,108362.21164861906
2020-06-15 00:00:00+00:00,179.08,179.08,164.205,174.397,2658.19336291,455646.27755956
2020-06-16 00:00:00+00:00,174.016,177.475,172.66,177.14,2205.10473092,386758.69913609826
2020-06-17 00:00:00+00:00,177.57,177.98,172.1,175.516,1036.7461689,181539.55862339053
2020-06-18 00:00:00+00:00,174.96,175.2,170.0,172.36,1586.01513952,272916.2020141316
2020-06-19 00:00:00+00:00,172.0,172.0,168.483,170.53,1404.31103961,239533.285125789
2020-06-20 00:00:00+00:00,170.61,175.63,170.159,172.291,1469.34807967,253265.20919886263
2020-06-21 00:00:00+00:00,172.68,173.27,170.451,170.451,840.53591509,144448.4604873134
2020-06-22 00:00:00+00:00,170.977,180.0,170.847,177.545,1670.54130066,294272.99718985724
2020-06-23 00:00:00+00:00,177.545,180.62,175.42,178.08,2879.90343354,511613.33981959336
2020-06-24 00:00:00+00:00,178.066,180.58,170.285,172.42,2252.46207378,394739.5921912169
2020-06-25 00:00:00+00:00,172.42,172.96,166.256,172.502,1758.30224827,299982.4479574471
2020-06-26 00:00:00+00:00,172.42,172.438,165.927,167.849,1632.46658365,275286.64722255286
2020-06-27 00:00:00+00:00,167.65,168.62,136.49,155.36,4629.68294612,702958.4415814878
2020-06-28 00:00:00+00:00,154.94,162.0,152.09,160.79,3207.98853048,503632.2111811497
2020-06-29 00:00:00+00:00,160.53,161.78,156.35,159.35,2433.29837163,386728.57481447834
2020-06-30 00:00:00+00:00,159.559,159.75,156.54,157.866,2001.26494852,316561.78978303133
2020-07-01 00:00:00+00:00,157.79,159.746,150.52,158.57,2167.52418946,336995.34624726826
2020-07-02 00:00:00+00:00,158.613,158.621,150.701,154.5,1684.13338646,260621.01060264173
2020-07-03 00:00:00+00:00,154.076,158.044,153.425,155.623,1459.8578337,226047.4684318243
2020-07-04 00:00:00+00:00,155.623,156.803,152.73,156.54,1133.35867152,175722.68084897436
2020-07-05 00:00:00+00:00,156.6,156.82,150.476,154.24,1974.72839218,302350.38455522613
2020-07-06 00:00:00+00:00,154.24,197.58,154.24,194.333,7515.68228232,1376656.224591197
2020-07-07 00:00:00+00:00,194.37,196.58,181.616,186.053,5196.53181299,965913.580276719
2020-07-08 00:00:00+00:00,186.066,192.02,183.73,190.36,3056.95571456,573886.1706274953
2020-07-09 00:00:00+00:00,190.36,191.1,181.75,185.64,2330.3735932,434799.6726921994
2020-07-10 00:00:00+00:00,185.17,185.337,176.39,182.017,1921.70333277,346339.28697936673
2020-07-11 00:00:00+00:00,182.0,182.1,178.621,181.107,574.46681045,103712.2583001688
2020-07-12 00:00:00+00:00,182.234,189.467,182.013,184.628,1326.76837265,245925.0849972557
2020-07-13 00:00:00+00:00,184.917,185.97,178.03,181.674,1085.21748538,197594.42981391732
2020-07-14 00:00:00+00:00,181.41,181.49,176.86,180.69,1197.68899886,215165.62044556745
2020-07-15 00:00:00+00:00,180.69,184.66,177.715,179.323,1014.48479002,182729.52032112828
2020-07-16 00:00:00+00:00,180.0,180.037,170.0,174.19,1566.23605065,271888.266169498
2020-07-17 00:00:00+00:00,173.67,174.17,170.307,172.384,1467.75053562,252394.39631646563
2020-07-18 00:00:00+00:00,172.2,176.449,171.746,174.052,847.88722172,147120.95541325034
2020-07-19 00:00:00+00:00,173.48,173.697,163.6,172.58,839.44475722,142378.02529052558
2020-07-20 00:00:00+00:00,172.58,172.58,166.999,170.149,757.01091558,128619.3202370134
2020-07-21 00:00:00+00:00,169.171,183.056,169.072,179.2,1223.67382894,216199.1935503459
2020-07-22 00:00:00+00:00,178.67,184.544,175.881,184.442,876.67607919,156595.23584736118
2020-07-23 00:00:00+00:00,184.547,188.206,181.799,184.5,1577.02658234,291639.01288306684
2020-07-24 00:00:00+00:00,185.124,185.124,177.28,180.311,566.71668122,102467.55289971051
2020-07-25 00:00:00+00:00,180.754,192.66,180.754,192.66,442.25527335,82290.02109776922
2020-07-26 00:00:00+00:00,197.58,198.264,187.402,190.613,234.48186032,45333.02011669453
2020-07-27 00:00:00+00:00,191.203,212.698,190.455,208.027,1747.72807124,351751.23794051644
2020-07-28 00:00:00+00:00,212.0,225.0,201.277,216.65,1141.92804582,245144.62515537546
2020-07-29 00:00:00+00:00,216.51,218.93,211.15,212.43,783.37899114,169130.7664471224
2020-07-30 00:00:00+00:00,211.56,217.757,208.171,215.45,947.53746585,200918.10531550332
2020-07-31 00:00:00+00:00,215.22,235.61,212.2,231.41,1373.22743101,311177.5873779814
2020-08-01 00:00:00+00:00,231.88,248.57,229.36,247.735,628.55800033,152084.04542210719
2020-08-02 00:00:00+00:00,247.4,258.746,197.42,217.321,2484.82699051,552310.2674126234
2020-08-03 00:00:00+00:00,217.921,237.49,216.0,229.66,985.28311452,223471.4023557922
2020-08-04 00:00:00+00:00,230.07,236.01,214.91,225.58,1489.29413767,337788.6879307163
2020-08-05 00:00:00+00:00,225.61,236.0,223.714,231.968,799.55950735,184920.20042988026
2020-08-06 00:00:00+00:00,232.751,240.22,227.424,236.08,968.29093904,226781.09960469228
2020-08-07 00:00:00+00:00,235.8,241.841,217.699,226.07,830.21280595,191545.94249179453
2020-08-08 00:00:00+00:00,226.06,233.2,225.26,229.33,457.00318967,104178.81176172239
2020-08-09 00:00:00+00:00,230.2,231.05,218.924,223.21,519.2452378,116284.1265420561
2020-08-10 00:00:00+00:00,223.21,229.607,222.674,224.51,655.7704154,147606.09447756162
2020-08-11 00:00:00+00:00,224.57,225.42,202.001,210.136,1138.82948075,240901.78617647343
2020-08-12 00:00:00+00:00,209.9,210.411,201.09,207.42,1329.44440783,272702.6131572059
2020-08-13 00:00:00+00:00,206.92,214.067,199.38,213.439,891.38562689,182936.7541992303
2020-08-14 00:00:00+00:00,214.62,217.425,210.16,211.78,452.13277003,96190.80952769128
2020-08-15 00:00:00+00:00,212.2,227.17,212.2,224.049,574.98386567,125649.52287717759
2020-08-16 00:00:00+00:00,224.27,229.05,212.99,222.97,1056.75350809,233055.17534066646
2020-08-17 00:00:00+00:00,223.97,229.78,217.458,227.76,1324.59564734,298113.8029090246
2020-08-18 00:00:00+00:00,226.472,233.8,217.389,217.472,766.4667083,171316.5724004389
2020-08-19 00:00:00+00:00,216.83,218.829,201.62,206.199,990.20189089,205578.53816366437
2020-08-20 00:00:00+00:00,207.19,210.0,204.34,209.143,329.46338375,68271.58632811246
2020-08-21 00:00:00+00:00,208.8,211.57,195.626,196.82,918.27210803,186486.84963337833
2020-08-22 00:00:00+00:00,195.11,197.17,189.0,196.842,643.78547032,124430.26194086237
2020-08-23 00:00:00+00:00,196.0,196.816,191.2,194.37,306.68473123,59693.114741953075
2020-08-24 00:00:00+00:00,194.156,206.1,193.088,204.72,319.23710975,63971.18519955176
2020-08-25 00:00:00+00:00,203.68,203.703,184.52,192.167,1240.47163793,238595.41189979558
2020-08-26 00:00:00+00:00,190.348,195.886,188.664,191.299,244.57407682,47104.616909730554
2020-08-27 00:00:00+00:00,192.012,192.126,182.211,186.222,619.83872489,115913.76122184063
2020-08-28 00:00:00+00:00,184.758,194.1,184.758,192.0,305.72363131,57844.68657780765
2020-08-29 00:00:00+00:00,191.599,193.0,189.117,189.999,441.83908515,84267.99710450217
2020-08-30 00:00:00+00:00,189.999,197.5,189.3,196.183,270.71500722,52393.24065732385
2020-08-31 00:00:00+00:00,196.803,200.0,191.565,192.478,244.08588076,47611.706663416255
2020-09-01 00:00:00+00:00,191.0,207.0,189.0,203.773,1755.99455776,346997.27925879724
2020-09-02 00:00:00+00:00,204.287,204.575,176.444,184.112,1859.48158713,343526.9656551948
2020-09-03 00:00:00+00:00,185.109,185.723,145.252,153.921,3219.66569536,533836.1598124176
2020-09-04 00:00:00+00:00,151.815,165.256,150.0,159.266,2383.30085742,381071.80674206733
2020-09-05 00:00:00+00:00,159.405,173.999,149.962,161.819,1957.59791338,321462.65541562624
2020-09-06 00:00:00+00:00,164.3,167.397,158.762,163.12,534.5819363,86463.94276872491
2020-09-07 00:00:00+00:00,164.174,176.12,158.676,173.51,1209.44163797,206800.16435470208
2020-09-08 00:00:00+00:00,174.639,179.189,165.693,170.3,1113.01316093,192078.55756520148
2020-09-09 00:00:00+00:00,171.124,173.044,165.756,169.573,667.53923477,114147.66836591174
2020-09-10 00:00:00+00:00,170.472,172.97,164.805,165.981,1301.74217837,219330.20533168397
2020-09-11 00:00:00+00:00,166.078,167.608,163.141,167.549,469.96059173,77693.16290105411
2020-09-12 00:00:00+00:00,167.489,169.495,164.164,168.545,214.6072433,35876.070869025265
2020-09-13 00:00:00+00:00,167.536,170.0,160.01,162.842,423.78381518,70152.96330451878
2020-09-14 00:00:00+00:00,162.842,165.207,160.645,164.722,452.75924102,73414.0328385662
2020-09-15 00:00:00+00:00,164.354,168.635,162.238,165.718,374.5954501,61884.82655929622
2020-09-16 00:00:00+00:00,165.208,166.749,161.0,162.943,1076.62394437,176754.85210027275
2020-09-17 00:00:00+00:00,163.657,166.004,162.643,164.296,158.23780588,25968.25333872302
2020-09-18 00:00:00+00:00,164.136,164.559,161.0,162.046,513.46932311,83443.23156342891
2020-09-19 00:00:00+00:00,162.046,163.863,161.03,161.65,551.44455461,89524.78388168133
2020-09-20 00:00:00+00:00,161.854,161.854,150.0,154.309,779.2578449,120021.62655893364
2020-09-21 00:00:00+00:00,153.657,155.174,142.816,146.15,1110.08554958,163656.68285821582
2020-09-22 00:00:00+00:00,145.492,158.766,142.929,155.675,357.08251518,53420.919736054035
2020-09-23 00:00:00+00:00,155.675,156.528,149.887,149.887,366.17643943,55929.23468857148
2020-09-24 00:00:00+00:00,150.258,159.708,149.99,156.376,340.2628974,52677.68107231226
2020-09-25 00:00:00+00:00,157.433,157.453,152.435,156.091,257.86612611,40131.64470714832
2020-09-26 00:00:00+00:00,155.895,167.441,154.738,164.593,300.77799797,48428.71417071536
2020-09-27 00:00:00+00:00,163.29,175.251,160.465,170.062,433.41569001,72840.42248797165
2020-09-28 00:00:00+00:00,171.293,176.999,166.953,166.953,511.72180287,88050.71095832983
2020-09-29 00:00:00+00:00,168.18,172.0,167.249,172.0,290.4814295,49138.296024731804
2020-09-30 00:00:00+00:00,171.882,180.629,165.0,171.689,829.16484368,144889.41263087152
2020-10-01 00:00:00+00:00,172.18,177.408,162.906,168.85,800.07842466,135212.3002210911
2020-10-02 00:00:00+00:00,170.435,170.435,156.901,160.422,1258.95631181,202938.0760914114
2020-10-03 00:00:00+00:00,161.038,162.329,159.0,159.0,706.1534296,113478.51143894515
2020-10-04 00:00:00+00:00,159.757,161.496,156.847,161.228,614.22365275,97912.79381169203
2020-10-05 00:00:00+00:00,161.228,164.0,159.786,162.086,1011.67414597,163346.39961964582
2020-10-06 00:00:00+00:00,160.921,165.71,155.222,159.289,659.42055122,105436.99727920658
2020-10-07 00:00:00+00:00,158.884,168.378,157.561,163.556,943.79398408,152722.09203682773
2020-10-08 00:00:00+00:00,163.542,168.948,160.572,164.4,1594.99936034,262889.32931741886
2020-10-09 00:00:00+00:00,163.814,180.0,161.513,168.888,1136.17735416,192284.0752408419
2020-10-10 00:00:00+00:00,171.383,174.777,169.632,172.312,1113.46337507,191908.0534110043
2020-10-11 00:00:00+00:00,171.597,173.7,170.456,171.47,736.58818712,126630.72468081738
2020-10-12 00:00:00+00:00,171.523,172.805,166.0,169.75,703.98999595,119787.42945192079
2020-10-13 00:00:00+00:00,169.486,173.0,167.448,170.748,786.19244791,134016.45227322646
2020-10-14 00:00:00+00:00,171.326,172.752,166.5,166.633,892.83348739,150976.32882710057
2020-10-15 00:00:00+00:00,168.149,171.75,166.643,169.379,699.49139964,118723.70182568074
2020-10-16 00:00:00+00:00,169.848,170.543,155.222,160.618,1547.27413166,247794.4644558469
2020-10-17 00:00:00+00:00,158.679,161.14,158.0,159.5,1303.54636768,207602.6169459599
2020-10-18 00:00:00+00:00,159.293,160.383,158.633,160.133,413.94341411,66106.59317549523
2020-10-19 00:00:00+00:00,160.774,161.652,158.431,159.458,613.41697706,98480.59317963134
2020-10-20 00:00:00+00:00,159.919,159.919,155.0,157.824,547.61327027,85590.49111671696
2020-10-21 00:00:00+00:00,158.226,168.244,158.08,165.067,1259.45185922,207194.8558542978
2020-10-22 00:00:00+00:00,166.0,172.15,166.0,169.619,790.58637752,134240.11190741812
2020-10-23 00:00:00+00:00,168.53,170.5,163.0,164.274,249.25533889,41529.851262906544
2020-10-24 00:00:00+00:00,167.091,175.349,165.587,175.349,978.20999658,165694.4823335301
2020-10-25 00:00:00+00:00,175.8,184.95,170.419,181.212,1070.26120676,190334.58027288684
2020-10-26 00:00:00+00:00,181.44,185.04,169.039,173.82,2689.39150502,472596.29447154066
2020-10-27 00:00:00+00:00,174.071,178.13,172.409,174.986,2582.20578923,451648.1129362235
2020-10-28 00:00:00+00:00,174.956,177.02,167.444,170.346,2441.50412631,419377.400939357
2020-10-29 00:00:00+00:00,170.354,170.963,162.873,167.173,1318.40093796,221331.02052268732
2020-10-30 00:00:00+00:00,166.79,168.726,159.471,163.857,1169.24766264,190533.44754849366
2020-10-31 00:00:00+00:00,164.008,168.286,162.252,165.589,764.84490883,126768.90224324986
2020-11-01 00:00:00+00:00,165.243,166.36,163.08,164.809,350.19047766,57640.91662174208
2020-11-02 00:00:00+00:00,165.249,167.648,156.0,158.68,1329.16607902,211817.77771513068
2020-11-03 00:00:00+00:00,158.56,158.56,145.5,153.42,2659.44618294,402687.02980086074
2020-11-04 00:00:00+00:00,153.556,153.792,147.0,151.782,1348.63258588,203579.45391422472
2020-11-05 00:00:00+00:00,151.83,164.51,151.123,160.45,1682.44171098,263730.2703023477
2020-11-06 00:00:00+00:00,159.612,169.489,159.0,168.256,1822.76839387,298202.4431821025
2020-11-07 00:00:00+00:00,168.253,173.49,158.205,162.108,2188.27077806,365980.89024237194
2020-11-08 00:00:00+00:00,162.029,168.0,160.491,167.086,1470.5651792,240952.2454714797
2020-11-09 00:00:00+00:00,166.41,166.811,156.52,160.407,1335.00582976,217768.25084945737
2020-11-10 00:00:00+00:00,160.108,161.795,155.695,157.387,859.70986868,136239.83047029146
2020-11-11 00:00:00+00:00,157.388,161.645,156.734,159.195,910.7728808,144412.89690940364
2020-11-12 00:00:00+00:00,159.322,160.102,155.638,157.448,711.99614673,112448.94739426866
2020-11-13 00:00:00+00:00,158.758,162.331,156.651,161.506,865.63116781,137490.9592509965
2020-11-14 00:00:00+00:00,161.115,161.534,155.989,158.522,1185.40290466,187107.8804067006
2020-11-15 00:00:00+00:00,158.032,158.495,153.45,154.521,737.45276603,115410.36898589408
2020-11-16 00:00:00+00:00,154.485,160.686,153.982,158.175,441.30185494,69539.91581520115
2020-11-17 00:00:00+00:00,158.39,170.066,158.39,167.456,1704.70420866,283004.57508125796
2020-11-18 00:00:00+00:00,167.503,180.0,155.006,163.038,4359.92870848,718591.8017063843
2020-11-19 00:00:00+00:00,162.507,168.217,158.434,161.641,1294.01853697,211402.44771367288
2020-11-20 00:00:00+00:00,161.795,168.274,161.795,166.305,2180.4133322,360804.4454520729
2020-11-21 00:00:00+00:00,166.471,198.0,166.471,194.227,7524.32339421,1368540.5609376677
2020-11-22 00:00:00+00:00,194.504,199.0,170.486,178.25,4339.01305968,806237.4215421902
2020-11-23 00:00:00+00:00,179.318,198.0,176.0,196.395,3256.79343951,624671.0659590586
2020-11-24 00:00:00+00:00,197.743,217.211,194.153,209.389,7845.11963384,1600836.7548134634
2020-11-25 00:00:00+00:00,209.212,212.104,209.212,209.256,104.79775979,22097.82125219507
2020-11-26 00:00:00+00:00,191.441,191.454,189.71,191.454,73.56246666,14024.94475281295
2020-11-27 00:00:00+00:00,166.611,167.626,165.612,167.123,33.84548085,5627.88080744993
2020-11-28 00:00:00+00:00,161.379,162.218,159.807,160.476,244.1257001,39369.09184243887
2020-11-29 00:00:00+00:00,167.636,167.636,167.636,167.636,1.06771933,178.98819760388
2020-11-30 00:00:00+00:00,168.412,169.636,168.412,169.636,70.31732366,11892.37615083232
2020-12-01 00:00:00+00:00,181.255,181.255,180.086,180.086,310.0,55838.4699245819
2020-12-02 00:00:00+00:00,169.087,169.087,167.0,167.0,26.17615801,4381.714144141
2020-12-03 00:00:00+00:00,172.122,172.122,172.122,172.122,0.5,86.061
2020-12-04 00:00:00+00:00,170.967,170.972,170.967,170.972,1.96008251,335.11854648717
2020-12-05 00:00:00+00:00,177.534,177.891,172.041,175.655,490.28369167,85076.80081378044
2020-12-06 00:00:00+00:00,183.322,183.79,183.322,183.79,30.44373903,5591.23143381346
2020-12-07 00:00:00+00:00,178.929,179.182,178.174,178.224,18.30977382,3269.96094573041
2020-12-08 00:00:00+00:00,179.698,179.797,179.068,179.19,27.71034687,4974.74353557862
2020-12-09 00:00:00+00:00,172.875,173.564,172.799,172.799,122.37573208,21206.48711718154
2020-12-10 00:00:00+00:00,170.892,171.23,170.801,171.138,24.27650745,4152.85701591117
2020-12-11 00:00:00+00:00,166.572,166.572,166.572,166.572,0.13577396,22.61614006512
2020-12-12 00:00:00+00:00,161.184,164.335,161.184,163.626,45.80295876,7432.51206782804
2020-12-13 00:00:00+00:00,165.768,166.0,165.768,166.0,35.9999,5974.5914232
2020-12-14 00:00:00+00:00,168.071,168.071,168.071,168.071,0.34773104,58.44350362384
2020-12-15 00:00:00+00:00,166.999,167.176,166.999,167.176,3.725,622.370884
2020-12-16 00:00:00+00:00,168.714,169.2,168.681,168.682,52.5,8863.08705
2020-12-17 00:00:00+00:00,179.904,190.211,176.006,179.254,5928.94769301,1078335.30674402
2020-12-18 00:00:00+00:00,178.808,182.827,173.3,174.59,2272.11553101,406728.9594289119
2020-12-19 00:00:00+00:00,177.465,177.88,175.847,177.222,62.23376595,11005.26481707029
2020-12-20 00:00:00+00:00,177.619,193.206,174.0,182.871,4874.31979103,903841.4496326654
2020-12-21 00:00:00+00:00,182.505,184.252,171.0,171.77,1395.24200294,241978.96511253907
2020-12-22 00:00:00+00:00,171.686,173.74,165.519,171.619,2700.04544525,458004.3018464802
2020-12-23 00:00:00+00:00,171.277,172.664,150.002,154.754,5471.94762439,872977.7044977237
2020-12-24 00:00:00+00:00,154.243,162.314,152.0,162.02,1702.91405164,267730.84436832264
2020-12-25 00:00:00+00:00,163.013,169.0,160.351,165.03,1685.19836984,276320.9291417712
2020-12-26 00:00:00+00:00,165.357,167.435,160.729,164.296,2534.87958897,414513.1272388903
2020-12-27 00:00:00+00:00,164.46,174.999,155.663,166.535,3837.57095058,645982.3050790252
2020-12-28 00:00:00+00:00,166.634,172.264,165.075,167.944,2744.32027604,464532.2019417416
2020-12-29 00:00:00+00:00,167.776,168.638,155.237,164.161,2655.62017133,430157.03534159384
2020-12-30 00:00:00+00:00,164.2,168.65,161.398,166.922,3749.19526591,618515.5023988319
2020-12-31 00:00:00+00:00,166.59,166.695,166.088,166.486,34.70571672,5776.56533083118
2021-01-01 00:00:00+00:00,163.741,165.999,161.874,162.735,1442.02126798,236703.20374594157
2021-01-02 00:00:00+00:00,162.889,163.434,161.748,161.748,58.62220474,9520.69141476341
2021-01-03 00:00:00+00:00,160.542,161.424,159.349,161.424,32.6149853,5237.11961652871
2021-01-04 00:00:00+00:00,170.113,172.755,170.113,171.164,133.67004289,22895.6596908453
2021-01-05 00:00:00+00:00,167.347,171.947,166.91,171.056,276.74206448,46717.88096214621
2021-01-06 00:00:00+00:00,168.118,168.147,165.887,167.176,233.46362809,39107.5048513118
2021-01-07 00:00:00+00:00,179.446,180.536,178.485,179.638,113.93496047,20434.739231366
2021-01-08 00:00:00+00:00,175.273,175.799,175.149,175.149,15.702,2755.49651
2021-01-09 00:00:00+00:00,180.277,184.97,179.926,182.855,146.50346113,26631.81263876771
2021-01-10 00:00:00+00:00,284.735,294.998,275.98,290.124,220.9144615,62099.84570437502
2021-01-11 00:00:00+00:00,251.33,251.33,242.793,246.065,101.37286973,24831.64763377311
2021-01-12 00:00:00+00:00,189.54,191.249,185.9,186.496,94.80186404,17848.45907185664
2021-01-13 00:00:00+00:00,188.596,196.59,187.238,191.944,276.04150369,52381.6447240803
2021-01-14 00:00:00+00:00,212.878,214.823,209.39,209.397,165.32117506,35039.99068631925
2021-01-15 00:00:00+00:00,221.835,224.499,219.986,223.099,59.04772762,13156.46829906518
2021-01-16 00:00:00+00:00,212.401,212.401,209.722,209.722,64.51124661,13614.05610084621
2021-01-17 00:00:00+00:00,205.482,205.482,203.0,203.792,8.59060437,1748.07881256809
2021-01-18 00:00:00+00:00,199.518,201.459,198.212,199.456,120.82043528,24184.5617479096
2021-01-19 00:00:00+00:00,206.335,206.335,205.083,205.702,15.20480403,3128.19008895404
2021-01-20 00:00:00+00:00,204.301,205.299,202.487,204.942,122.44909182,24957.12376277409
2021-01-21 00:00:00+00:00,200.645,200.761,198.632,198.632,27.70710456,5535.77756075201
2021-01-22 00:00:00+00:00,178.036,178.327,170.201,170.201,360.66379469,62853.76081471466
2021-01-23 00:00:00+00:00,177.646,179.0,177.104,178.479,17.57631498,3138.18137302121
2021-01-24 00:00:00+00:00,174.103,174.103,173.05,173.502,2.81763748,488.56011155998
2021-01-25 00:00:00+00:00,174.288,175.069,173.955,175.069,4.83941417,844.91122924714
2021-01-26 00:00:00+00:00,180.477,181.055,177.388,178.538,32.59012555,5882.7849662761
2021-01-27 00:00:00+00:00,174.489,174.489,173.649,173.649,8.70820685,1514.59359733363
2021-01-28 00:00:00+00:00,162.829,164.109,161.914,162.352,61.81636548,10100.64703272246
2021-01-29 00:00:00+00:00,171.276,174.066,171.276,172.356,97.72990263,16885.0961134645
2021-01-30 00:00:00+00:00,172.774,173.057,171.629,172.911,58.45515906,10080.91883128147
2021-01-31 00:00:00+00:00,179.121,179.121,178.135,178.808,14.36497106,2566.490109498
2021-02-01 00:00:00+00:00,173.513,174.592,172.665,172.962,72.90384923,12631.07495589028
2021-02-02 00:00:00+00:00,178.816,179.955,178.739,179.001,166.27746397,29817.57874663178
2021-02-03 00:00:00+00:00,180.133,180.75,180.132,180.75,12.97945818,2338.23645433794
2021-02-04 00:00:00+00:00,183.26,186.2,183.136,185.643,25.05544513,4601.56189843133
2021-02-05 00:00:00+00:00,177.426,178.323,176.351,178.13,38.31821528,6789.89245016758
2021-02-06 00:00:00+00:00,188.986,198.831,182.047,184.604,2946.08095429,562254.3676644682
2021-02-07 00:00:00+00:00,185.265,189.474,179.0,183.878,2478.0771013,455691.3718075407
2021-02-08 00:00:00+00:00,183.111,194.0,181.743,194.0,3078.93133317,582221.1070442871
2021-02-09 00:00:00+00:00,194.0,237.832,193.074,226.437,6271.68134622,1361643.8444719918
2021-02-10 00:00:00+00:00,225.924,236.999,201.108,212.213,4840.67810399,1059253.998115733
2021-02-11 00:00:00+00:00,212.301,230.0,207.979,225.119,4098.32325255,891885.3440763771
2021-02-12 00:00:00+00:00,225.9,237.499,213.405,233.915,5974.25363619,1347123.5583558804
2021-02-13 00:00:00+00:00,235.106,269.287,221.25,266.439,7088.99717447,1753587.943543883
2021-02-14 00:00:00+00:00,268.29,285.158,244.661,262.527,6327.14850821,1691773.985066408
2021-02-15 00:00:00+00:00,262.069,272.878,210.12,237.411,6461.21686997,1558190.294360959
2021-02-16 00:00:00+00:00,237.446,256.0,226.477,237.363,3318.60436738,801448.8023747302
2021-02-17 00:00:00+00:00,237.3,252.0,226.731,244.3,2059.44701709,493807.2344485281
2021-02-18 00:00:00+00:00,244.765,254.995,237.582,239.987,2143.2366173,524828.8180592248
2021-02-19 00:00:00+00:00,240.342,253.0,231.563,242.416,3954.47805197,957394.3665084945
2021-02-20 00:00:00+00:00,242.756,253.457,213.002,227.717,3087.1803387,738789.6045151453
2021-02-21 00:00:00+00:00,227.925,250.0,224.538,241.953,2069.20822699,492077.4685835592
2021-02-22 00:00:00+00:00,241.172,243.535,181.178,215.209,5170.51048472,1090625.5668141895
2021-02-23 00:00:00+00:00,215.445,222.0,170.913,189.124,4092.31355679,770518.4551152479
2021-02-24 00:00:00+00:00,187.933,211.0,184.163,194.792,3124.73772894,606390.9472942215
2021-02-25 00:00:00+00:00,194.396,200.423,182.0,184.186,3382.95925664,647396.9809302225
2021-02-26 00:00:00+00:00,184.5,188.731,170.95,179.965,3415.386511,617183.5597152048
2021-02-27 00:00:00+00:00,180.745,197.646,180.315,184.522,1586.51336021,294984.40251211205
2021-02-28 00:00:00+00:00,184.657,185.119,171.51,177.124,1366.41541291,243694.40148389328
2021-03-01 00:00:00+00:00,177.231,189.79,176.547,185.563,2475.11274497,450434.79273088445
2021-03-02 00:00:00+00:00,186.312,191.209,180.706,184.858,1686.05912205,313662.83770123
2021-03-03 00:00:00+00:00,185.469,193.653,184.0,189.665,1459.49643326,275979.86489668133
2021-03-04 00:00:00+00:00,188.233,191.363,179.058,180.047,1607.14640853,296041.09448858746
2021-03-05 00:00:00+00:00,181.5,182.161,175.643,181.253,1756.32844461,314771.28450964077
2021-03-06 00:00:00+00:00,181.776,182.3,175.55,181.506,1115.72315966,200626.414691393
2021-03-07 00:00:00+00:00,181.83,186.001,181.04,184.919,646.77277392,118571.67030999738
2021-03-08 00:00:00+00:00,185.3,188.291,179.688,185.231,1173.55351727,215602.2878395414
2021-03-09 00:00:00+00:00,185.518,190.0,184.323,189.495,1225.49819926,230254.63469875845
2021-03-10 00:00:00+00:00,189.999,194.21,184.004,188.311,782.08723383,148692.08606188305
2021-03-11 00:00:00+00:00,188.227,189.467,183.998,186.576,935.49608435,174505.3988102703
2021-03-12 00:00:00+00:00,187.211,189.17,178.161,185.802,736.00549196,135271.46550263764
2021-03-13 00:00:00+00:00,185.698,234.431,184.092,217.576,3715.64205333,770542.8213974598
2021-03-14 00:00:00+00:00,218.486,224.13,197.364,197.364,2516.04073502,518860.5153432467
2021-03-15 00:00:00+00:00,196.791,201.785,184.158,190.824,1782.13872725,343170.1850348132
2021-03-16 00:00:00+00:00,190.824,198.735,185.135,194.746,1372.8196372,264410.36837048834
2021-03-17 00:00:00+00:00,194.746,196.5,188.536,195.218,2083.90881896,401950.91770050017
2021-03-18 00:00:00+00:00,195.936,207.474,193.915,202.371,2905.46070461,581022.6204923121
2021-03-19 00:00:00+00:00,202.408,231.0,196.998,212.465,2598.8324822,563024.755437118
2021-03-20 00:00:00+00:00,212.018,219.214,204.787,204.922,1114.08983064,236725.21756901196
