time,BTC open,BTC high,BTC low,BTC close,BTC volume,BTC quoteVolume
2019-03-20 00:00:00+00:00,4001.567,4045.441,3965.001,4036.183,912.18135016,3647957.394810993
2019-03-21 00:00:00+00:00,4035.178,4055.0,3910.0,3975.867,960.52855421,3833920.1397025357
2019-03-22 00:00:00+00:00,3975.864,3998.0,3962.051,3982.0,504.66276573,2011237.5925957137
2019-03-23 00:00:00+00:00,3982.0,3999.666,3960.011,3985.089,426.31625693,1696490.171008841
2019-03-24 00:00:00+00:00,3985.089,3985.089,3947.071,3968.389,319.9961935,1269829.5233989756
2019-03-25 00:00:00+00:00,3972.97,3990.736,3859.835,3909.999,625.00082027,2457832.626089215
2019-03-26 00:00:00+00:00,3906.401,3922.86,3882.108,3917.974,678.40698555,2650758.2184754643
2019-03-27 00:00:00+00:00,3917.974,4034.255,3914.85,4028.013,783.47611833,3131975.813607172
2019-03-28 00:00:00+00:00,4024.749,4024.749,3987.535,4012.891,539.44296887,2163274.3508106275
2019-03-29 00:00:00+00:00,4011.914,4098.045,4007.0,4090.0,1000.94472308,4066612.4425229644
2019-03-30 00:00:00+00:00,4089.999,4128.71,4044.284,4094.444,420.74089587,1719731.5682735534
2019-03-31 00:00:00+00:00,4094.7,4100.667,4060.228,4090.204,432.85397137,1769902.6627107828
2019-04-01 00:00:00+00:00,4090.204,4149.15,4054.091,4138.7,645.52409499,2663861.4965646504
2019-04-02 00:00:00+00:00,4138.7,5000.0,4134.244,4903.79,4184.78333791,19658691.093863107
2019-04-03 00:00:00+00:00,4902.46,5340.56,4810.0,4970.639,3726.56263313,18785296.820553232
2019-04-04 00:00:00+00:00,4967.223,5071.87,4785.341,4905.178,1322.9697716,6545476.81825387
2019-04-05 00:00:00+00:00,4916.5,5065.18,4889.208,5037.49,807.17510072,4029706.702446514
2019-04-06 00:00:00+00:00,5035.352,5236.999,4910.0,5036.716,1366.09892804,6905193.704153958
2019-04-07 00:00:00+00:00,5044.005,5266.297,5027.022,5191.518,494.4257075,2541547.8124421253
2019-04-08 00:00:00+00:00,5191.344,5340.801,5139.061,5285.0,1174.0307844,6151752.322176983
2019-04-09 00:00:00+00:00,5285.001,5285.001,5146.653,5192.931,1122.02554513,5846849.378994811
2019-04-10 00:00:00+00:00,5190.808,5461.71,5171.089,5324.67,1197.12172401,6351631.456083583
2019-04-11 00:00:00+00:00,5330.0,5348.909,4972.12,5051.436,1659.76928092,8491451.271626974
2019-04-12 00:00:00+00:00,5040.552,5113.261,4907.941,5081.666,825.39882765,4157350.987021279
2019-04-13 00:00:00+00:00,5081.665,5119.55,5043.76,5076.094,244.03598093,1240696.5981695447
2019-04-14 00:00:00+00:00,5062.202,5183.831,5020.393,5163.46,272.8622488,1391167.1873902534
2019-04-15 00:00:00+00:00,5162.9,5185.839,4949.001,5039.002,690.24897422,3499549.3911502883
2019-04-16 00:00:00+00:00,5026.682,5230.329,5018.352,5206.103,599.67851328,3074863.0567198363
2019-04-17 00:00:00+00:00,5207.822,5266.665,5172.0,5225.201,554.28135772,2894586.2697159923
2019-04-18 00:00:00+00:00,5226.597,5320.0,5225.19,5284.646,589.06001402,3102649.9663042035
2019-04-19 00:00:00+00:00,5284.046,5350.0,5197.631,5285.282,489.88041143,2584820.35012898
2019-04-20 00:00:00+00:00,5287.229,5355.0,5263.357,5323.6,274.40971958,1459047.4625070665
2019-04-21 00:00:00+00:00,5317.19,5345.0,5218.0,5300.847,242.23451837,1278605.2989273814
2019-04-22 00:00:00+00:00,5295.058,5437.75,5256.533,5383.568,545.4526368,2909795.429270062
2019-04-23 00:00:00+00:00,5383.569,5637.42,5369.969,5537.071,771.09503815,4267724.243453227
2019-04-24 00:00:00+00:00,5533.138,5620.01,5376.854,5443.23,955.52801519,5221092.863643683
2019-04-25 00:00:00+00:00,5444.489,5510.234,4980.001,5138.357,1195.79313788,6245459.891918484
2019-04-26 00:00:00+00:00,5131.831,5280.0,5034.814,5161.489,975.06947473,5005603.498937885
2019-04-27 00:00:00+00:00,5155.699,5218.845,5114.199,5172.017,284.52617765,1470992.8030484242
2019-04-28 00:00:00+00:00,5173.535,5213.37,5105.0,5152.476,260.2766827,1343591.6374067266
2019-04-29 00:00:00+00:00,5156.598,5187.0,5062.799,5151.347,375.92848908,1935525.4069269665
2019-04-30 00:00:00+00:00,5147.0,5288.151,5133.069,5269.79,520.62598432,2715287.587779998
2019-05-01 00:00:00+00:00,5267.502,5349.875,5267.502,5326.098,465.75642947,2471112.8708294076
2019-05-02 00:00:00+00:00,5325.815,5419.188,5310.0,5393.231,436.03793136,2344411.29370056
2019-05-03 00:00:00+00:00,5390.0,5794.2,5367.949,5669.999,1118.47609979,6319466.413758554
2019-05-04 00:00:00+00:00,5669.995,5831.288,5500.0,5770.242,635.47650997,3616394.6937052417
2019-05-05 00:00:00+00:00,5770.241,5780.0,5631.186,5720.744,303.11500277,1733114.3587290663
2019-05-06 00:00:00+00:00,5710.981,5751.72,5570.141,5685.612,487.41984234,2758046.7421876867
2019-05-07 00:00:00+00:00,5692.538,5963.382,5692.538,5753.769,720.88125213,4225501.829410356
2019-05-08 00:00:00+00:00,5750.327,5983.6,5664.178,5940.0,544.44072026,3189912.803192743
2019-05-09 00:00:00+00:00,5940.0,6174.646,5936.701,6152.9,692.79352353,4192225.929085272
2019-05-10 00:00:00+00:00,6152.9,6424.49,6106.95,6345.0,887.88231946,5594917.864526144
2019-05-11 00:00:00+00:00,6349.887,7449.453,6345.0,7226.01,2329.6035963,16170664.42807588
2019-05-12 00:00:00+00:00,7222.678,7575.0,6763.702,6972.99,2563.00567557,18385285.978498016
2019-05-13 00:00:00+00:00,6980.397,8157.002,6865.16,7814.376,2825.5540919,21738223.50738924
2019-05-14 00:00:00+00:00,7814.376,8320.0,7616.0,7989.85,1919.2113298,15290634.334408328
2019-05-15 00:00:00+00:00,8003.319,8297.647,7844.19,8196.865,1342.94835398,10847303.1237596
2019-05-16 00:00:00+00:00,8201.788,8382.558,7654.09,7889.0,1659.22752488,13263515.042030176
2019-05-17 00:00:00+00:00,7877.612,7936.1,6635.029,7361.252,2727.40730606,19637616.852157146
2019-05-18 00:00:00+00:00,7353.0,7482.999,7220.429,7271.825,705.22015805,5165698.8194842385
2019-05-19 00:00:00+00:00,7264.61,8294.52,7262.186,8185.427,1577.20495023,12520333.85982879
2019-05-20 00:00:00+00:00,8195.484,8200.0,7581.54,8007.935,1412.20785858,11185240.856390197
2019-05-21 00:00:00+00:00,8007.129,8109.546,7812.21,7950.89,838.54104716,6683451.5158504285
2019-05-22 00:00:00+00:00,7961.619,8042.0,7510.0,7632.74,823.57780161,6458082.515754546
2019-05-23 00:00:00+00:00,7614.87,7977.28,7478.064,7880.0,784.96020558,6045591.4758877475
2019-05-24 00:00:00+00:00,7880.0,8190.0,7800.26,8004.421,678.84627062,5444459.504947838
2019-05-25 00:00:00+00:00,7997.423,8142.999,7950.0,8078.263,397.3386284,3199715.983755115
2019-05-26 00:00:00+00:00,8072.907,8796.0,7901.0,8748.999,1121.55217984,9429990.025280545
2019-05-27 00:00:00+00:00,8748.0,8937.069,8626.794,8784.279,794.12036504,6975632.735400789
2019-05-28 00:00:00+00:00,8781.277,8819.614,8529.637,8733.001,747.98372547,6516224.052851651
2019-05-29 00:00:00+00:00,8733.001,8766.892,8435.02,8667.84,841.65595185,7261558.680041807
2019-05-30 00:00:00+00:00,8663.85,9089.623,7995.0,8276.795,1892.09231213,16136602.826623507
2019-05-31 00:00:00+00:00,8276.795,8579.0,8115.503,8560.001,1012.19023701,8495658.074454848
2019-06-01 00:00:00+00:00,8560.001,8614.999,8456.7,8555.879,302.66049399,2586161.576881486
2019-06-02 00:00:00+00:00,8554.993,8850.0,8548.41,8744.73,275.6128211,2396989.4350243867
2019-06-03 00:00:00+00:00,8745.01,8745.01,8044.729,8105.0,941.63638547,7938630.099332722
2019-06-04 00:00:00+00:00,8104.047,8104.047,7433.184,7667.274,1617.68067308,12658294.852262102
2019-06-05 00:00:00+00:00,7674.899,7923.485,7575.072,7786.93,576.01729081,4476671.428099143
2019-06-06 00:00:00+00:00,7784.539,7875.0,7454.098,7801.46,732.54484784,5659337.96431357
2019-06-07 00:00:00+00:00,7801.46,8125.0,7762.125,8004.9,696.2665879,5538235.074972609
2019-06-08 00:00:00+00:00,8003.249,8056.4,7793.609,7941.113,326.57757005,2584552.1224303325
2019-06-09 00:00:00+00:00,7927.934,7960.584,7514.7,7645.001,509.94377374,3933855.516836019
2019-06-10 00:00:00+00:00,7645.002,8086.304,7531.842,8027.469,820.01437616,6467134.201385999
2019-06-11 00:00:00+00:00,8023.395,8049.998,7715.0,7920.0,531.91489163,4188725.8215030604
2019-06-12 00:00:00+00:00,7920.0,8277.0,7829.0,8174.0,897.17088069,7228827.104765005
2019-06-13 00:00:00+00:00,8179.383,8355.999,8053.709,8228.87,582.47947123,4778760.28074147
2019-06-14 00:00:00+00:00,8230.0,8738.569,8184.95,8699.0,853.70177815,7204632.23814216
2019-06-15 00:00:00+00:00,8698.995,8910.778,8622.88,8851.122,593.13563195,5194817.564452313
2019-06-16 00:00:00+00:00,8853.069,9385.0,8809.693,8986.779,1584.44485786,14464256.026023624
2019-06-17 00:00:00+00:00,8982.398,9471.137,8979.921,9333.01,942.3713428,8741529.905745097
2019-06-18 00:00:00+00:00,9333.029,9353.282,8926.46,9081.6,827.31009032,7538009.680940059
2019-06-19 00:00:00+00:00,9087.548,9310.0,9046.028,9280.0,495.47503652,4542455.750647809
2019-06-20 00:00:00+00:00,9280.801,9600.0,9220.46,9538.655,842.7304676,7914941.767953508
2019-06-21 00:00:00+00:00,9524.273,10240.783,9524.273,10226.534,1171.34065134,11540563.790492566
2019-06-22 00:00:00+00:00,10220.007,11190.0,10089.91,10646.535,1877.95319511,20067758.51802151
2019-06-23 00:00:00+00:00,10640.614,11229.512,10500.4,10795.0,767.9754911,8313614.909846488
2019-06-24 00:00:00+00:00,10795.0,11084.203,10556.0,11012.551,663.68924429,7196097.376110016
2019-06-25 00:00:00+00:00,11014.99,11792.836,11009.223,11765.144,1196.33543819,13571864.490408944
2019-06-26 00:00:00+00:00,11765.143,13849.0,11362.0,12763.001,3152.68299593,39695846.93586668
2019-06-27 00:00:00+00:00,12839.943,13267.993,10205.0,11127.812,2548.49954042,29193962.70684369
2019-06-28 00:00:00+00:00,11162.15,12435.0,10754.0,12364.4,1395.78689645,16318606.605261365
2019-06-29 00:00:00+00:00,12367.269,12367.269,11318.723,11875.6,1009.61630583,11935234.529879173
2019-06-30 00:00:00+00:00,11876.026,12190.0,10666.68,10756.29,1088.23788768,12310656.00021184
2019-07-01 00:00:00+00:00,10753.226,11189.999,9970.75,10571.36,1598.36799718,16760059.84398213
2019-07-02 00:00:00+00:00,10563.803,10916.828,9659.019,10841.149,1882.19412399,19302809.94740921
2019-07-03 00:00:00+00:00,10827.503,11999.999,10827.503,11974.56,1943.69375963,22100605.451002404
2019-07-04 00:00:00+00:00,11978.999,12042.038,11030.919,11134.981,1327.8451442,15417135.05295759
2019-07-05 00:00:00+00:00,11122.366,11437.813,10490.602,10987.352,1323.09424757,14651259.824445626
2019-07-06 00:00:00+00:00,10993.887,11705.983,10993.887,11240.759,991.40081197,11319619.835787173
2019-07-07 00:00:00+00:00,11240.76,11635.22,11093.711,11479.626,613.49331907,6976211.157635988
2019-07-08 00:00:00+00:00,11479.623,12384.0,11344.092,12287.629,979.6226674,11725590.446802549
2019-07-09 00:00:00+00:00,12287.63,12812.0,12113.347,12577.849,1533.52737083,19167451.687397547
2019-07-10 00:00:00+00:00,12574.438,13199.988,11550.001,12090.991,1938.50027064,24060146.190890398
2019-07-11 00:00:00+00:00,12102.809,12398.988,10950.0,11338.904,1931.01868901,22200042.230670832
2019-07-12 00:00:00+00:00,11327.707,11962.07,11096.0,11810.0,975.42522864,11316151.145200146
2019-07-13 00:00:00+00:00,11811.673,11835.026,10813.179,11378.233,876.05049088,9914632.773930714
2019-07-14 00:00:00+00:00,11375.999,11462.832,10100.01,10194.999,1349.9520373,14368942.631211514
2019-07-15 00:00:00+00:00,10180.533,11076.43,9878.384,10858.695,1514.40081423,15703329.228081943
2019-07-16 00:00:00+00:00,10856.157,11031.529,9365.003,9411.608,1817.81205472,18471759.477739055
2019-07-17 00:00:00+00:00,9419.445,9978.67,9089.0,9682.238,1321.35806541,12661361.87530739
2019-07-18 00:00:00+00:00,9698.897,10785.499,9295.277,10654.447,1453.61263775,14735121.017824357
2019-07-19 00:00:00+00:00,10684.522,10766.773,10115.002,10529.999,863.07718095,9008800.74662239
2019-07-20 00:00:00+00:00,10529.985,11104.0,10375.0,10754.832,938.99735252,10070662.563361458
2019-07-21 00:00:00+00:00,10755.848,10825.635,10334.038,10591.785,663.69830471,7003849.443495081
2019-07-22 00:00:00+00:00,10591.786,10689.516,10078.277,10325.083,834.82999148,8657924.171713905
2019-07-23 00:00:00+00:00,10325.078,10325.078,9820.0,9854.196,848.7915805,8528270.880515514
2019-07-24 00:00:00+00:00,9850.783,9922.21,9506.22,9771.864,805.4018259,7811166.203312904
2019-07-25 00:00:00+00:00,9766.237,10175.995,9740.155,9868.0,594.97500093,5960774.008368688
2019-07-26 00:00:00+00:00,9867.772,9903.101,9636.085,9851.638,404.75873893,3956326.2952677207
2019-07-27 00:00:00+00:00,9849.571,10222.222,9303.809,9468.511,820.49917692,7945364.890249675
2019-07-28 00:00:00+00:00,9475.915,9622.0,9120.001,9525.626,605.06746345,5692699.607638993
2019-07-29 00:00:00+00:00,9535.729,9720.0,9372.001,9510.948,419.61369011,4002915.9807592123
2019-07-30 00:00:00+00:00,9512.543,9769.497,9389.794,9579.999,396.62238526,3799452.2483956655
2019-07-31 00:00:00+00:00,9579.998,10120.577,9569.999,10089.0,707.21329721,7004452.855996634
2019-08-01 00:00:00+00:00,10089.0,10486.476,9885.0,10399.633,507.58792258,5163409.817859313
2019-08-02 00:00:00+00:00,10410.156,10659.998,10327.009,10527.446,818.16769364,8568869.142883291
2019-08-03 00:00:00+00:00,10529.009,11000.0,10509.908,10801.099,528.0653608,5683980.090457421
2019-08-04 00:00:00+00:00,10816.9,11079.998,10581.0,10979.906,705.35933345,7660438.697036314
2019-08-05 00:00:00+00:00,10988.058,11950.0,10979.909,11797.981,1457.04132521,17036863.851504724
2019-08-06 00:00:00+00:00,11815.615,12311.832,11214.15,11472.862,1585.17082003,18654727.483100124
2019-08-07 00:00:00+00:00,11471.8,12148.0,11398.098,11979.86,1158.80394004,13635898.241881939
2019-08-08 00:00:00+00:00,11988.838,12063.961,11455.55,11984.82,978.21953524,11522404.276595227
2019-08-09 00:00:00+00:00,11988.662,12018.0,11665.186,11857.777,503.57718596,5956698.429739239
2019-08-10 00:00:00+00:00,11857.777,11958.401,11151.213,11295.569,1084.09998328,12457753.878460892
2019-08-11 00:00:00+00:00,11280.639,11573.329,11093.0,11507.001,494.64696054,5622827.1450970955
2019-08-12 00:00:00+00:00,11521.311,11541.229,11220.003,11393.455,410.33745099,4674943.914248832
2019-08-13 00:00:00+00:00,11395.389,11431.697,10750.0,10865.948,773.75324757,8480962.460918726
2019-08-14 00:00:00+00:00,10857.109,10867.704,9904.79,10020.998,1293.13848372,13390263.239722613
2019-08-15 00:00:00+00:00,10020.999,10450.002,9499.53,10302.091,1411.7119331,14069375.30601018
2019-08-16 00:00:00+00:00,10290.066,10538.32,9750.001,10370.57,1077.89150078,11047473.477350611
2019-08-17 00:00:00+00:00,10370.106,10460.0,9984.906,10218.9,487.18429895,4993727.48876704
2019-08-18 00:00:00+00:00,10229.128,10502.499,10071.939,10315.979,329.61796884,3397423.5119369323
2019-08-19 00:00:00+00:00,10312.38,10928.0,10275.0,10924.745,774.10710976,8245591.712578617
2019-08-20 00:00:00+00:00,10928.0,10948.628,10559.999,10750.279,643.28679904,6906718.565547902
2019-08-21 00:00:00+00:00,10788.21,10797.7,9848.319,10122.55,814.73168469,8279313.748480496
2019-08-22 00:00:00+00:00,10122.55,10244.341,9766.3,10116.777,572.84233766,5733131.546370676
2019-08-23 00:00:00+00:00,10096.804,10490.0,10027.559,10412.087,506.28240746,5228564.711473848
2019-08-24 00:00:00+00:00,10419.86,10435.601,9879.737,10146.0,567.97450265,5749441.796334517
2019-08-25 00:00:00+00:00,10145.99,10370.697,9900.0,10150.33,365.44206639,3686566.98291577
2019-08-26 00:00:00+00:00,10147.697,10650.566,10147.697,10367.578,644.18824256,6695858.139017577
2019-08-27 00:00:00+00:00,10367.578,10367.578,10039.026,10174.886,404.43691996,4115391.041615001
2019-08-28 00:00:00+00:00,10170.037,10292.42,9518.003,9724.484,874.97457442,8657091.043577684
2019-08-29 00:00:00+00:00,9713.673,9713.683,9325.0,9476.96,617.92382408,5871488.4388900455
2019-08-30 00:00:00+00:00,9481.842,9688.972,9356.0,9585.427,343.14594869,3281662.2379519157
2019-08-31 00:00:00+00:00,9585.426,9688.996,9450.319,9600.54,253.51487676,2431995.6366057736
2019-09-01 00:00:00+00:00,9600.543,9830.0,9536.853,9767.628,187.5130015,1811965.9922551012
2019-09-02 00:00:00+00:00,9764.834,10481.307,9752.001,10382.85,662.55036479,6712899.337630264
2019-09-03 00:00:00+00:00,10385.781,10778.972,10285.777,10633.093,717.48167681,7589892.21674891
2019-09-04 00:00:00+00:00,10635.256,10840.489,10392.002,10589.501,493.31854127,5218331.729003279
2019-09-05 00:00:00+00:00,10591.547,10650.0,10470.0,10586.138,292.43632498,3087977.2146026557
2019-09-06 00:00:00+00:00,10575.623,10935.786,10208.847,10315.0,762.63606477,8044231.122416789
2019-09-07 00:00:00+00:00,10313.297,10565.076,10300.503,10490.805,276.73715945,2886090.108238305
2019-09-08 00:00:00+00:00,10480.886,10589.796,10250.02,10412.099,231.20262746,2406053.6130866255
2019-09-09 00:00:00+00:00,10400.663,10535.2,10071.68,10321.618,516.58122741,5318202.781192271
2019-09-10 00:00:00+00:00,10321.617,10380.429,9921.08,10108.907,347.35255987,3523443.715705346
2019-09-11 00:00:00+00:00,10099.982,10275.036,9870.0,10157.359,423.46490501,4260709.461122007
2019-09-12 00:00:00+00:00,10157.359,10454.999,10042.213,10431.9,368.41330776,3778337.080749975
2019-09-13 00:00:00+00:00,10431.9,10455.99,10165.541,10367.025,385.97865551,3978523.0520551843
2019-09-14 00:00:00+00:00,10361.433,10445.0,10225.0,10362.059,201.75683715,2088528.1497776657
2019-09-15 00:00:00+00:00,10354.656,10380.835,10265.491,10305.623,128.08572721,1320034.3467386926
2019-09-16 00:00:00+00:00,10315.064,10379.037,10079.705,10260.0,353.47599022,3613480.747596009
2019-09-17 00:00:00+00:00,10259.66,10277.299,10135.001,10194.8,378.90624736,3871692.886105743
2019-09-18 00:00:00+00:00,10195.303,10248.824,10090.0,10161.115,326.99851301,3331423.789000127
2019-09-19 00:00:00+00:00,10159.038,10375.288,9598.706,10279.435,975.44187268,9724407.824047139
2019-09-20 00:00:00+00:00,10279.435,10304.968,10070.0,10170.71,279.07807046,2841101.3264608365
2019-09-21 00:00:00+00:00,10170.71,10172.82,9924.561,9986.974,196.34628018,1966223.7290289567
2019-09-22 00:00:00+00:00,9988.167,10089.592,9850.011,10035.125,227.95991326,2273342.988227858
2019-09-23 00:00:00+00:00,10028.477,10049.988,9616.391,9692.578,434.18931029,4262163.849702589
2019-09-24 00:00:00+00:00,9692.578,9779.152,8101.0,8542.477,2288.08688439,20305508.25902772
2019-09-25 00:00:00+00:00,8539.147,8750.85,8230.001,8438.561,1053.90845702,8887769.264724782
2019-09-26 00:00:00+00:00,8444.112,8455.862,7740.002,8056.929,1458.16887528,11778652.402786853
2019-09-27 00:00:00+00:00,8056.424,8272.726,7860.75,8195.161,612.16040921,4922221.884660153
2019-09-28 00:00:00+00:00,8189.362,8335.108,8023.501,8220.0,507.72381831,4152507.2415302433
2019-09-29 00:00:00+00:00,8215.146,8241.5,7909.224,8057.138,498.92414635,4012825.415600873
2019-09-30 00:00:00+00:00,8057.307,8354.169,7700.66,8304.738,659.78429366,5322896.263076193
2019-10-01 00:00:00+00:00,8305.104,8520.147,8189.61,8321.746,734.39105779,6147177.954276372
2019-10-02 00:00:00+00:00,8321.747,8386.343,8180.001,8382.53,643.3554319,5300872.833008166
2019-10-03 00:00:00+00:00,8391.804,8415.7,8053.31,8238.962,499.42863043,4101005.719224148
2019-10-04 00:00:00+00:00,8243.014,8246.114,7999.5,8157.001,1298.29058179,10526153.503181444
2019-10-05 00:00:00+00:00,8157.0,8199.674,8029.198,8146.87,197.54922653,1601762.8782925974
2019-10-06 00:00:00+00:00,8143.575,8167.65,7780.51,7856.158,426.59364449,3385854.0219763997
2019-10-07 00:00:00+00:00,7863.359,8305.782,7779.31,8215.294,629.7329549,5120652.58808142
2019-10-08 00:00:00+00:00,8212.0,8345.105,8104.26,8185.449,390.33372265,3200906.553341224
2019-10-09 00:00:00+00:00,8183.7,8691.291,8125.171,8591.375,639.34376785,5392647.606692652
2019-10-10 00:00:00+00:00,8593.921,8653.447,8460.02,8593.528,415.37846038,3550420.31772316
2019-10-11 00:00:00+00:00,8589.489,8806.448,8227.482,8272.412,532.37591588,4479449.085093778
2019-10-12 00:00:00+00:00,8270.853,8412.884,8261.698,8309.001,223.78644218,1865450.4966404072
2019-10-13 00:00:00+00:00,8309.86,8467.111,8156.612,8288.271,354.35067236,2954904.5705697457
2019-10-14 00:00:00+00:00,8280.401,8412.018,8224.527,8350.048,239.59396215,1990010.2226178036
2019-10-15 00:00:00+00:00,8355.495,8411.392,8085.112,8164.449,355.58275803,2924019.851436058
2019-10-16 00:00:00+00:00,8162.84,8178.327,7922.988,8008.0,495.65574206,3973855.9264387693
2019-10-17 00:00:00+00:00,8000.002,8126.57,7942.453,8077.215,380.45029586,3053735.336576353
2019-10-18 00:00:00+00:00,8077.339,8120.053,7818.653,7957.964,323.86068695,2573380.1987289083
2019-10-19 00:00:00+00:00,7958.325,8093.705,7886.032,7958.615,255.02931777,2033970.5669285513
2019-10-20 00:00:00+00:00,7966.111,8303.99,7884.46,8230.858,339.22507511,2740873.8944256455
2019-10-21 00:00:00+00:00,8235.973,8344.0,8161.877,8214.481,270.94040852,2230469.8323514396
2019-10-22 00:00:00+00:00,8214.481,8313.204,7999.998,8027.635,332.7152472,2719127.7292078724
2019-10-23 00:00:00+00:00,8027.635,8052.82,7333.0,7479.96,899.81607331,6856841.28473014
2019-10-24 00:00:00+00:00,7476.401,7513.147,7356.416,7433.838,492.15320156,3666876.4121228503
2019-10-25 00:00:00+00:00,7430.581,8789.794,7408.874,8675.219,1465.50269944,12160344.250858579
2019-10-26 00:00:00+00:00,8679.909,10540.0,8652.33,9271.52,2430.43657894,23056577.778555628
2019-10-27 00:00:00+00:00,9260.047,9817.443,9099.269,9552.996,867.97352236,8239058.3768438855
2019-10-28 00:00:00+00:00,9569.654,9933.248,9189.142,9221.232,825.92585423,7830588.750045211
2019-10-29 00:00:00+00:00,9232.687,9555.0,9072.656,9431.596,447.98053583,4202923.883894815
2019-10-30 00:00:00+00:00,9431.451,9439.525,8994.49,9170.0,513.75347327,4720422.0825274475
2019-10-31 00:00:00+00:00,9170.001,9431.1,8943.0,9162.654,676.03847458,6211972.187494768
2019-11-01 00:00:00+00:00,9154.719,9300.0,9066.0,9260.402,337.84141888,3096197.23997594
2019-11-02 00:00:00+00:00,9265.721,9393.0,9209.0,9307.694,167.18102652,1555763.5168114952
2019-11-03 00:00:00+00:00,9307.693,9374.927,9079.27,9213.384,169.94501547,1564835.666429094
2019-11-04 00:00:00+00:00,9215.867,9607.404,9136.0,9420.384,426.14617253,4001059.701283655
2019-11-05 00:00:00+00:00,9417.07,9475.425,9178.476,9310.497,357.16902825,3335250.783753888
2019-11-06 00:00:00+00:00,9316.804,9433.759,9263.985,9352.0,240.20651594,2243932.5266154087
2019-11-07 00:00:00+00:00,9352.0,9372.615,9087.354,9216.169,335.45901497,3094432.6620911034
2019-11-08 00:00:00+00:00,9209.369,9247.1,8674.0,8768.823,688.69441467,6097160.066032722
2019-11-09 00:00:00+00:00,8754.334,8875.596,8727.739,8804.099,193.60870943,1703558.372550822
2019-11-10 00:00:00+00:00,8804.618,9146.0,8756.707,9042.321,281.09674428,2520784.1980059957
2019-11-11 00:00:00+00:00,9037.963,9066.904,8602.0,8721.537,559.98175799,4916541.592806668
2019-11-12 00:00:00+00:00,8721.536,8882.24,8561.523,8809.0,281.59319112,2456830.9597295313
2019-11-13 00:00:00+00:00,8809.0,8829.422,8711.159,8761.669,248.40630813,2173474.8218435002
2019-11-14 00:00:00+00:00,8761.669,8782.864,8566.0,8641.08,223.57761885,1934960.9091995095
2019-11-15 00:00:00+00:00,8635.334,8768.26,8370.0,8454.075,419.47428288,3581310.5149428956
2019-11-16 00:00:00+00:00,8454.075,8522.0,8433.873,8487.36,122.32962054,1037009.4532451038
2019-11-17 00:00:00+00:00,8490.362,8621.476,8375.0,8500.644,190.73855507,1626571.515166675
2019-11-18 00:00:00+00:00,8499.175,8499.175,8020.0,8180.0,404.39158492,3342240.751778513
2019-11-19 00:00:00+00:00,8170.783,8195.966,8000.0,8119.676,365.36066167,2958125.113655763
2019-11-20 00:00:00+00:00,8127.371,8224.793,8028.82,8078.384,303.53185128,2455071.2956796237
2019-11-21 00:00:00+00:00,8080.0,8110.0,7402.339,7615.512,840.39542888,6485062.273359232
2019-11-22 00:00:00+00:00,7620.406,7710.997,6782.048,7304.25,1657.1086526,11969103.745488392
2019-11-23 00:00:00+00:00,7304.25,7351.411,7109.521,7324.499,504.42201066,3651713.773134939
2019-11-24 00:00:00+00:00,7341.239,7353.04,6879.09,6901.5,405.13187243,2890383.411105318
2019-11-25 00:00:00+00:00,6898.61,7386.25,6525.895,7131.21,914.59981292,6373162.91778483
2019-11-26 00:00:00+00:00,7127.021,7337.0,7030.872,7167.234,578.11569364,4128958.7874038317
2019-11-27 00:00:00+00:00,7163.0,7669.125,6855.0,7536.79,743.13950009,5458934.594662781
2019-11-28 00:00:00+00:00,7533.457,7650.738,7370.0,7426.725,411.16929107,3095460.096508933
2019-11-29 00:00:00+00:00,7422.004,7858.836,7402.863,7761.31,393.88919389,3017168.3246416673
2019-11-30 00:00:00+00:00,7763.213,7804.87,7454.555,7558.757,345.85935612,2648271.9753326685
2019-12-01 00:00:00+00:00,7558.757,7558.757,7240.525,7399.277,373.71219135,2745472.5834924104
2019-12-02 00:00:00+00:00,7412.401,7426.409,7155.545,7309.126,428.41557074,3129299.723560561
2019-12-03 00:00:00+00:00,7309.0,7415.355,7235.291,7299.894,367.07652248,2687467.9375152583
2019-12-04 00:00:00+00:00,7305.444,7794.172,7085.034,7198.21,802.04005743,5886923.946563006
2019-12-05 00:00:00+00:00,7198.663,7469.348,7168.121,7411.363,357.67034782,2619363.6740815304
2019-12-06 00:00:00+00:00,7391.058,7562.764,7318.409,7551.365,324.50232898,2405378.749907776
2019-12-07 00:00:00+00:00,7548.993,7593.706,7506.049,7534.277,102.80175821,775196.3328959682
2019-12-08 00:00:00+00:00,7437.614,7540.996,7418.648,7531.771,6.79479614,50846.479661317
2019-12-09 00:00:00+00:00,7357.27,7368.994,7322.733,7342.573,30.49169663,224005.42069481328
2019-12-10 00:00:00+00:00,7340.0,7390.37,7170.0,7226.433,350.01509384,2549201.6941019073
2019-12-11 00:00:00+00:00,7226.336,7282.345,7132.416,7201.423,317.97505132,2291777.3854520093
2019-12-12 00:00:00+00:00,7201.423,7308.827,7085.013,7193.85,328.92919286,2366559.0251739104
2019-12-13 00:00:00+00:00,7189.425,7299.0,7189.425,7261.478,280.0475379,2026498.7602998475
2019-12-14 00:00:00+00:00,7261.475,7273.094,7018.449,7077.74,195.90226666,1400303.1949848603
2019-12-15 00:00:00+00:00,7067.862,7190.0,7011.808,7118.511,205.58921138,1462928.4964624117
2019-12-16 00:00:00+00:00,7120.786,7140.635,6833.0,6892.734,482.52601866,3369295.577649754
2019-12-17 00:00:00+00:00,6882.7,6933.534,6553.003,6619.469,672.78375106,4540948.581210606
2019-12-18 00:00:00+00:00,6622.681,7400.0,6441.769,7286.56,1070.89862308,7359415.955021841
2019-12-19 00:00:00+00:00,7298.784,7378.249,7041.659,7145.139,540.61946462,3865377.5312857726
2019-12-20 00:00:00+00:00,7144.16,7216.0,7080.963,7199.036,276.42658674,1978179.6301258716
2019-12-21 00:00:00+00:00,7198.619,7198.619,7119.996,7138.304,275.83571159,1972633.7617296583
2019-12-22 00:00:00+00:00,7138.201,7522.86,7132.483,7514.846,447.63887453,3279648.1910486417
2019-12-23 00:00:00+00:00,7514.848,7688.582,7266.555,7327.021,550.36467088,4124958.758344278
2019-12-24 00:00:00+00:00,7317.483,7429.987,7173.002,7281.629,500.17775153,3647608.2302642497
2019-12-25 00:00:00+00:00,7259.957,7265.525,7120.0,7200.635,162.74470391,1172974.4383779562
2019-12-26 00:00:00+00:00,7197.603,7427.998,7130.0,7385.416,306.1708362,2223744.6251091314
2019-12-27 00:00:00+00:00,7194.06,7254.319,7064.079,7243.177,253.19558325,1823169.5337604603
2019-12-28 00:00:00+00:00,7246.413,7354.644,7237.274,7303.505,310.88141583,2271706.214142229
2019-12-29 00:00:00+00:00,7302.847,7517.0,7280.117,7393.018,259.58278935,1914593.8504980996
2019-12-30 00:00:00+00:00,7383.477,7399.999,7208.377,7220.81,314.3857387,2285605.8688393477
2019-12-31 00:00:00+00:00,7216.259,7294.139,7115.243,7171.998,339.61442657,2441421.6513978317
2020-01-01 00:00:00+00:00,7171.042,7246.13,7156.248,7181.401,106.97200615,770348.8692466008
2020-01-02 00:00:00+00:00,7180.032,7199.926,6914.0,6940.133,269.429029,1896010.461900516
2020-01-03 00:00:00+00:00,6940.133,7392.063,6865.0,7335.221,463.94053426,3351426.8258746583
2020-01-04 00:00:00+00:00,7333.107,7391.564,7259.999,7348.0,211.40887601,1548508.6409187866
2020-01-05 00:00:00+00:00,7347.999,7485.631,7321.0,7358.856,221.54107809,1645559.1127178848
2020-01-06 00:00:00+00:00,7358.255,7800.5,7347.456,7771.675,462.97272714,3504906.6557583543
2020-01-07 00:00:00+00:00,7763.0,8203.119,7733.831,8165.528,778.68685605,6205084.2558642225
2020-01-08 00:00:00+00:00,8161.0,8465.419,7870.861,8053.418,846.20001862,6953402.485506046
2020-01-09 00:00:00+00:00,8041.396,8041.396,7750.0,7817.804,566.76391923,4472302.404463558
2020-01-10 00:00:00+00:00,7812.565,8199.177,7679.555,8185.541,515.28035014,4096080.1037386777
2020-01-11 00:00:00+00:00,8188.815,8285.987,8006.834,8022.145,448.30359887,3645838.6296216142
2020-01-12 00:00:00+00:00,8020.698,8187.559,7962.292,8187.559,287.89077065,2336152.159581059
2020-01-13 00:00:00+00:00,8186.719,8186.743,8042.087,8107.852,286.95473268,2325127.326624681
2020-01-14 00:00:00+00:00,8109.802,8889.0,8109.802,8830.329,1457.84224247,12589428.785717988
2020-01-15 00:00:00+00:00,8830.326,8900.0,8566.615,8819.648,1046.19764474,9153373.839767043
2020-01-16 00:00:00+00:00,8819.649,8856.73,8587.329,8719.188,563.12943961,4883508.265700609
2020-01-17 00:00:00+00:00,8719.186,9005.0,8667.915,8905.412,902.1542801,7998063.114345757
2020-01-18 00:00:00+00:00,8905.411,8983.63,8805.239,8919.773,486.21404993,4330198.909450284
2020-01-19 00:00:00+00:00,8917.507,9182.716,8450.0,8702.126,918.6856688,8052469.319249838
2020-01-20 00:00:00+00:00,8702.123,8730.061,8516.233,8623.821,311.96702099,2696696.298684579
2020-01-21 00:00:00+00:00,8629.697,8765.447,8468.129,8723.745,449.63131686,3882506.720614861
2020-01-22 00:00:00+00:00,8734.542,8789.0,8580.004,8667.995,325.8179733,2824393.7477012184
2020-01-23 00:00:00+00:00,8667.994,8667.999,8287.0,8397.15,558.43920451,4705585.411465981
2020-01-24 00:00:00+00:00,8393.571,8518.047,8218.837,8441.076,528.70261592,4451086.520207373
2020-01-25 00:00:00+00:00,8431.199,8438.171,8261.594,8337.746,426.58812829,3554646.76011529
2020-01-26 00:00:00+00:00,8330.062,8594.669,8290.78,8589.988,430.71206312,3662920.405894105
2020-01-27 00:00:00+00:00,8589.982,8990.0,8560.145,8906.508,740.46124037,6505087.093780375
2020-01-28 00:00:00+00:00,8898.502,9403.758,8888.001,9390.0,956.14595286,8706080.975963952
2020-01-29 00:00:00+00:00,9389.999,9421.071,9239.848,9287.186,543.99102022,5078470.304151101
2020-01-30 00:00:00+00:00,9284.705,9563.137,9141.682,9497.257,1063.03262531,10021088.062915998
2020-01-31 00:00:00+00:00,9488.093,9510.017,9200.22,9336.269,522.99364185,4883072.532709519
2020-02-01 00:00:00+00:00,9336.548,9449.433,9290.0,9384.336,293.57582919,2752496.5289858817
2020-02-02 00:00:00+00:00,9384.243,9470.0,9150.0,9324.376,374.35923228,3507282.1251243753
2020-02-03 00:00:00+00:00,9321.259,9615.884,9214.838,9289.033,558.06414187,5216592.256954993
2020-02-04 00:00:00+00:00,9285.674,9342.2,9077.097,9170.604,643.1017917,5913536.090544864
2020-02-05 00:00:00+00:00,9170.604,9768.223,9156.753,9610.677,440.54644664,4209066.291352656
2020-02-06 00:00:00+00:00,9612.456,9850.0,9530.0,9758.0,758.94663582,7368836.555481881
2020-02-07 00:00:00+00:00,9762.477,9870.0,9721.742,9804.588,594.35865095,5814369.926171451
2020-02-08 00:00:00+00:00,9804.587,9948.833,9664.3,9908.659,527.2464744,5171724.786740245
2020-02-09 00:00:00+00:00,9907.789,10169.64,9895.0,10166.238,669.17577319,6739980.867010649
2020-02-10 00:00:00+00:00,10166.247,10197.0,9708.759,9856.324,758.7581686,7501197.81453989
2020-02-11 00:00:00+00:00,9855.073,10391.077,9700.0,10275.302,827.70370069,8325022.588533134
2020-02-12 00:00:00+00:00,10276.654,10490.0,10250.445,10361.187,769.80322081,7965935.401437502
2020-02-13 00:00:00+00:00,10356.885,10517.506,10088.844,10233.558,1262.43452899,12988825.487299746
2020-02-14 00:00:00+00:00,10233.56,10400.0,10105.479,10368.11,688.83066952,7072880.772762796
2020-02-15 00:00:00+00:00,10368.11,10397.141,9747.252,9920.551,681.15430344,6877127.481317691
2020-02-16 00:00:00+00:00,9920.551,10055.278,9601.0,9943.334,619.520822,6106393.383326122
2020-02-17 00:00:00+00:00,9942.772,9965.672,9450.0,9705.413,644.88002696,6244410.1185900755
2020-02-18 00:00:00+00:00,9706.029,10278.572,9622.164,10186.584,848.37579801,8434288.892394546
2020-02-19 00:00:00+00:00,10194.385,10300.0,9200.634,9600.178,957.11141312,9468333.381866278
2020-02-20 00:00:00+00:00,9597.38,9691.105,9410.0,9608.948,732.53679662,7013722.190531681
2020-02-21 00:00:00+00:00,9610.017,9792.127,9578.085,9699.219,604.41679778,5862216.7148483405
2020-02-22 00:00:00+00:00,9698.978,9724.996,9574.563,9669.56,368.79348321,3564208.124368821
2020-02-23 00:00:00+00:00,9668.859,10023.305,9664.373,9976.684,419.59882472,4149572.6989094224
2020-02-24 00:00:00+00:00,9966.647,10019.999,9485.119,9667.47,800.17603781,7769835.726315052
2020-02-25 00:00:00+00:00,9665.387,9679.994,9244.444,9304.247,670.88590234,6330325.038792381
2020-02-26 00:00:00+00:00,9304.017,9365.221,8553.996,8796.65,1286.59159765,11532440.31607395
2020-02-27 00:00:00+00:00,8789.224,8972.703,8529.896,8804.316,797.64637277,7009204.948407855
2020-02-28 00:00:00+00:00,8806.766,8900.507,8432.311,8694.123,808.98001822,7012172.336119721
2020-02-29 00:00:00+00:00,8708.931,8802.389,8528.389,8528.389,297.61643836,2579537.6483515035
2020-03-01 00:00:00+00:00,8527.869,8759.997,8412.5,8528.927,544.37650083,4657692.040686279
2020-03-02 00:00:00+00:00,8522.482,8971.103,8492.389,8917.846,643.35892757,5634480.143620717
2020-03-03 00:00:00+00:00,8913.289,8917.617,8662.985,8757.591,528.72189495,4642850.0144523755
2020-03-04 00:00:00+00:00,8757.591,8847.999,8671.873,8767.87,616.28837851,5398601.598824969
2020-03-05 00:00:00+00:00,8767.864,9176.388,8767.864,9073.368,765.6496785,6902853.195058496
2020-03-06 00:00:00+00:00,9069.985,9182.091,9000.0,9156.0,497.44430042,4525905.125655675
2020-03-07 00:00:00+00:00,9159.008,9212.0,8850.0,8901.469,470.32855408,4244429.674154346
2020-03-08 00:00:00+00:00,8901.469,8901.469,8002.0,8040.036,1043.41214913,8782204.522102164
2020-03-09 00:00:00+00:00,8039.624,8179.345,7000.0,7929.153,2126.00985703,16737523.796949262
2020-03-10 00:00:00+00:00,7938.064,8157.163,7730.092,7888.469,1196.52519455,9529730.923660742
2020-03-11 00:00:00+00:00,7897.662,7993.979,7584.515,7943.571,896.31864045,6997129.202933297
2020-03-12 00:00:00+00:00,7943.571,7968.197,4535.001,4888.08,4182.97006252,25640454.778047096
2020-03-13 00:00:00+00:00,4836.173,5983.117,3910.0,5639.892,3764.92762067,19319884.62088764
2020-03-14 00:00:00+00:00,5639.892,5675.053,5031.304,5164.435,1356.5350275,7338293.686252288
2020-03-15 00:00:00+00:00,5165.08,5950.0,5000.0,5345.671,1576.84493361,8490187.445334619
2020-03-16 00:00:00+00:00,5346.591,5350.643,4421.672,5037.248,2304.54118498,11329564.50357672
2020-03-17 00:00:00+00:00,5054.128,5580.0,4937.613,5347.788,1447.42025507,7701637.125334014
2020-03-18 00:00:00+00:00,5340.817,5449.363,5024.97,5410.334,1510.69127515,7969628.225984446
2020-03-19 00:00:00+00:00,5410.338,6430.0,5269.999,6190.655,2848.59381967,16793028.595753513
2020-03-20 00:00:00+00:00,6189.369,6932.75,5650.0,6202.648,3450.86594681,22015971.078472067
2020-03-21 00:00:00+00:00,6205.794,6484.719,5862.997,6195.213,1862.37989429,11481982.586741973
2020-03-22 00:00:00+00:00,6199.066,6410.673,5738.678,5832.473,1248.245279,7572271.943308945
2020-03-23 00:00:00+00:00,5823.36,6638.977,5690.001,6499.728,1820.31553009,11320982.380730392
2020-03-24 00:00:00+00:00,6495.142,6870.0,6403.004,6772.331,1666.01749487,11097053.012078822
2020-03-25 00:00:00+00:00,6770.774,6975.0,6472.963,6694.985,1323.54590459,8839356.342360638
2020-03-26 00:00:00+00:00,6693.686,6798.841,6529.325,6757.786,897.6593112,5970749.472389796
2020-03-27 00:00:00+00:00,6757.787,6864.57,6280.0,6363.965,1260.33433898,8392747.289705452
2020-03-28 00:00:00+00:00,6370.171,6371.088,6035.464,6258.904,1392.29378214,8661584.15992057
2020-03-29 00:00:00+00:00,6257.48,6274.128,5870.18,5882.002,960.38684292,5823910.56808448
2020-03-30 00:00:00+00:00,5875.193,6625.0,5859.508,6404.945,1648.95211566,10380397.170138512
2020-03-31 00:00:00+00:00,6409.346,6529.05,6340.0,6425.102,901.26517493,5810876.044604663
2020-04-01 00:00:00+00:00,6429.522,6712.471,6160.0,6664.981,1264.87136265,8063028.891322119
2020-04-02 00:00:00+00:00,6669.778,7266.832,6580.0,6799.87,2088.63983347,14236266.510222461
2020-04-03 00:00:00+00:00,6799.869,7060.0,6611.75,6743.385,1498.76648604,10247547.257187229
2020-04-04 00:00:00+00:00,6746.185,7030.65,6666.6,6875.281,812.78622744,5525739.517260313
2020-04-05 00:00:00+00:00,6875.455,6909.3,6683.0,6780.932,566.9323336,3850322.7983572166
2020-04-06 00:00:00+00:00,6775.869,7365.0,6775.868,7345.257,1615.10336081,11461805.446851755
2020-04-07 00:00:00+00:00,7341.339,7465.0,7077.77,7202.697,1503.02921923,10993429.860927736
2020-04-08 00:00:00+00:00,7200.564,7430.491,7154.981,7370.372,1115.47420227,8159606.799393022
2020-04-09 00:00:00+00:00,7371.642,7373.488,7110.0,7293.348,801.08013201,5844515.217001559
2020-04-10 00:00:00+00:00,7294.7,7307.394,6751.166,6874.276,1268.10338985,8826243.96571874
2020-04-11 00:00:00+00:00,6874.276,6954.392,6775.0,6891.622,549.31473642,3766854.124456614
2020-04-12 00:00:00+00:00,6891.621,7201.0,6793.289,6910.404,971.52344459,6823792.502128456
2020-04-13 00:00:00+00:00,6905.081,6905.081,6560.0,6863.54,1098.86277122,7419062.31663689
2020-04-14 00:00:00+00:00,6863.529,6988.0,6771.703,6874.317,712.0683795,4910396.056999952
2020-04-15 00:00:00+00:00,6880.195,6939.536,6606.062,6622.894,1034.58296154,6990897.969199605
2020-04-16 00:00:00+00:00,6624.674,7215.139,6450.0,7116.578,1923.4064679,13299000.144413227
2020-04-17 00:00:00+00:00,7115.987,7155.135,7000.0,7034.026,656.32631581,4642281.355884937
2020-04-18 00:00:00+00:00,7033.923,7307.392,7022.84,7259.96,801.03060169,5759791.034989455
2020-04-19 00:00:00+00:00,7263.505,7271.02,7064.771,7126.568,583.05385582,4176631.1630184506
2020-04-20 00:00:00+00:00,7131.664,7229.044,6760.0,6844.165,1033.0405124,7225367.416395509
2020-04-21 00:00:00+00:00,6839.974,6950.614,6779.162,6860.911,665.36642057,4569509.698009407
2020-04-22 00:00:00+00:00,6860.286,7169.0,6830.0,7141.727,807.42292984,5694418.736921846
2020-04-23 00:00:00+00:00,7141.726,7777.0,7035.005,7486.401,1345.91322919,9975237.86574894
2020-04-24 00:00:00+00:00,7486.005,7607.571,7382.0,7510.969,731.53127431,5499533.34975176
2020-04-25 00:00:00+00:00,7509.623,7712.0,7445.862,7550.2,973.15429499,7362900.36765208
2020-04-26 00:00:00+00:00,7551.263,7712.992,7475.0,7707.0,840.09481227,6396322.861655163
2020-04-27 00:00:00+00:00,7707.0,7827.0,7640.005,7790.017,770.84817014,5947657.199965931
2020-04-28 00:00:00+00:00,7796.58,7798.308,7675.225,7760.0,590.18201759,4564700.382158423
2020-04-29 00:00:00+00:00,7760.305,8998.0,7717.972,8785.064,2795.74449489,23528609.47677576
2020-04-30 00:00:00+00:00,8791.844,9480.0,8403.0,8635.375,2346.51827145,20849893.377739754
2020-05-01 00:00:00+00:00,8636.243,9076.999,8623.534,8832.754,1009.56392517,8869283.431704307
2020-05-02 00:00:00+00:00,8834.055,9024.477,8768.847,8976.842,611.4418804,5439794.003204428
2020-05-03 00:00:00+00:00,8984.03,9212.199,8733.24,8902.331,1113.21026273,9995779.223131867
2020-05-04 00:00:00+00:00,8909.399,8968.25,8536.171,8889.058,1269.40601414,11147546.199573535
2020-05-05 00:00:00+00:00,8891.661,9119.999,8780.0,9032.252,1035.06992916,9255493.848711228
2020-05-06 00:00:00+00:00,9026.338,9414.367,8921.502,9158.975,2125.7980162,19550010.957702033
2020-05-07 00:00:00+00:00,9162.321,10076.819,9013.0,10005.045,2444.4355702,23575693.805144504
2020-05-08 00:00:00+00:00,10007.22,10055.802,9726.906,9811.63,1544.67884494,15328470.040180866
2020-05-09 00:00:00+00:00,9817.422,9919.998,9501.0,9520.0,1347.02174423,13076969.626351867
2020-05-10 00:00:00+00:00,9541.543,9553.666,8050.62,8745.285,2187.52252549,19067155.436533827
2020-05-11 00:00:00+00:00,8736.199,9162.828,8150.0,8579.282,1860.59081878,16172303.391752254
2020-05-12 00:00:00+00:00,8579.283,8978.213,8542.701,8827.644,1021.06080011,8984495.471276635
2020-05-13 00:00:00+00:00,8820.322,9421.502,8812.071,9318.824,1387.98161739,12610198.255064985
2020-05-14 00:00:00+00:00,9320.504,9950.137,9263.472,9795.0,1828.73911016,17625090.312479712
2020-05-15 00:00:00+00:00,9820.556,9848.84,9213.264,9311.818,1503.07503287,14293324.956810191
2020-05-16 00:00:00+00:00,9310.263,9580.0,9217.649,9381.886,1139.01114187,10702976.695918739
2020-05-17 00:00:00+00:00,9390.097,9900.001,9336.865,9678.673,1144.95749544,11069583.409315117
2020-05-18 00:00:00+00:00,9673.1,9952.9,9389.0,9724.77,1326.42772163,12876812.565024791
2020-05-19 00:00:00+00:00,9733.624,9899.785,9450.0,9781.29,1594.23526495,15425057.412646763
2020-05-20 00:00:00+00:00,9781.29,9835.0,9294.204,9513.288,909.61472914,8756759.648737121
2020-05-21 00:00:00+00:00,9513.763,9566.999,8805.0,9052.488,1125.64705683,10321850.0577968
2020-05-22 00:00:00+00:00,9061.517,9276.999,8910.0,9172.828,467.38909051,4254162.42518806
2020-05-23 00:00:00+00:00,9168.562,9311.0,9092.795,9180.344,349.13684345,3214152.2576578907
2020-05-24 00:00:00+00:00,9180.344,9305.686,8690.0,8715.242,733.33877759,6622088.691868734
2020-05-25 00:00:00+00:00,8715.237,8978.568,8640.0,8891.853,711.85961043,6268077.457347407
2020-05-26 00:00:00+00:00,8897.952,9012.831,8699.499,8842.433,605.25754337,5365534.305959131
2020-05-27 00:00:00+00:00,8850.779,9230.0,8811.13,9200.0,660.45493301,5995336.22865606
2020-05-28 00:00:00+00:00,9202.119,9639.965,9113.45,9580.993,1107.4113158,10394077.814911881
2020-05-29 00:00:00+00:00,9588.075,9612.85,9336.364,9432.239,727.50727625,6877800.285631219
2020-05-30 00:00:00+00:00,9432.037,9752.286,9325.1,9700.0,794.16307097,7572216.640734269
2020-05-31 00:00:00+00:00,9701.913,9701.913,9385.0,9453.359,621.60098294,5927434.593045565
2020-06-01 00:00:00+00:00,9447.663,10400.529,9420.495,10196.896,1055.49300674,10406368.517863369
2020-06-02 00:00:00+00:00,10216.39,10225.0,9209.01,9528.598,1436.56495278,14073410.722975936
2020-06-03 00:00:00+00:00,9526.29,9682.619,9389.001,9665.047,562.68085364,5373968.2914180895
2020-06-04 00:00:00+00:00,9673.3,9884.408,9463.361,9796.738,725.5806954,7055135.2155352775
2020-06-05 00:00:00+00:00,9796.821,9855.302,9590.224,9624.235,789.43380173,7683401.456888259
2020-06-06 00:00:00+00:00,9620.659,9740.626,9530.0,9676.618,403.93476936,3888938.1144821486
2020-06-07 00:00:00+00:00,9665.708,9818.0,9350.0,9752.0,675.80582395,6491159.0066184085
2020-06-08 00:00:00+00:00,9750.629,9816.001,9641.667,9791.528,488.63204288,4755225.029242215
2020-06-09 00:00:00+00:00,9791.775,9892.0,9560.0,9780.645,843.87456461,8211014.724163372
2020-06-10 00:00:00+00:00,9779.229,10044.675,9663.0,9895.648,757.1825755,7450077.003666345
2020-06-11 00:00:00+00:00,9897.581,9990.0,9045.444,9258.57,1500.8831757,14350216.276646752
2020-06-12 00:00:00+00:00,9271.893,9557.999,9233.0,9468.454,638.96644043,6016485.923560043
2020-06-13 00:00:00+00:00,9466.623,9493.032,9354.289,9480.167,405.73262811,3826295.6047422183
2020-06-14 00:00:00+00:00,9479.885,9480.615,9243.255,9330.45,464.79732679,4356742.196652716
2020-06-15 00:00:00+00:00,9336.278,9501.311,8890.0,9430.096,1156.74940934,10655945.251324039
2020-06-16 00:00:00+00:00,9431.842,9600.0,9210.0,9532.407,809.59151107,7687535.294800589
2020-06-17 00:00:00+00:00,9532.401,9559.994,9233.705,9458.781,640.92111946,6036256.7648601495
2020-06-18 00:00:00+00:00,9465.899,9484.762,9268.125,9383.82,563.48508173,5293360.499131236
2020-06-19 00:00:00+00:00,9383.82,9428.058,9223.665,9302.345,677.13761849,6308956.932758194
2020-06-20 00:00:00+00:00,9296.801,9396.15,9170.522,9360.116,379.28895153,3527582.599676667
2020-06-21 00:00:00+00:00,9354.193,9423.885,9255.64,9284.997,308.41012772,2882272.462066758
2020-06-22 00:00:00+00:00,9285.0,9790.0,9272.087,9690.001,897.69251504,8588214.208455773
2020-06-23 00:00:00+00:00,9694.572,9720.0,9573.374,9625.215,589.99063259,5690028.012279392
2020-06-24 00:00:00+00:00,9621.299,9667.167,9198.413,9286.986,972.75083793,9136448.385450624
2020-06-25 00:00:00+00:00,9291.043,9334.89,8964.36,9249.079,888.97065453,8189929.440088278
2020-06-26 00:00:00+00:00,9248.979,9291.476,9010.666,9157.313,779.53873774,7147296.496718813
2020-06-27 00:00:00+00:00,9157.324,9186.673,8824.24,9006.666,763.99546139,6907722.596153376
2020-06-28 00:00:00+00:00,9009.891,9186.0,8934.317,9117.33,563.63070996,5100831.58992566
2020-06-29 00:00:00+00:00,9121.681,9229.998,9017.359,9184.095,513.45944552,4682608.535485742
2020-06-30 00:00:00+00:00,9189.466,9206.085,9058.34,9135.037,431.01887629,3944844.4226119947
2020-07-01 00:00:00+00:00,9135.0,9298.326,9089.346,9244.367,456.97236233,4211043.028727068
2020-07-02 00:00:00+00:00,9239.4,9272.662,8944.837,9092.32,606.13139697,5528714.320769612
2020-07-03 00:00:00+00:00,9097.84,9129.837,9041.492,9066.15,391.870553,3563914.8647268075
2020-07-04 00:00:00+00:00,9060.769,9198.495,9043.115,9132.58,252.94999919,2300603.495752059
2020-07-05 00:00:00+00:00,9140.614,9147.92,8911.456,9084.937,324.08616915,2929578.3963724086
2020-07-06 00:00:00+00:00,9075.169,9373.396,9025.987,9349.061,691.99331398,6401259.009989623
2020-07-07 00:00:00+00:00,9346.225,9383.496,9192.788,9260.853,642.50815252,5959401.098228483
2020-07-08 00:00:00+00:00,9260.867,9478.166,9234.432,9442.36,779.72133297,7305315.65153438
2020-07-09 00:00:00+00:00,9442.36,9450.755,9155.001,9242.54,565.59644705,5266450.078339662
2020-07-10 00:00:00+00:00,9240.375,9323.809,9124.724,9287.0,387.61355745,3570111.7873899224
2020-07-11 00:00:00+00:00,9291.455,9302.448,9181.321,9241.42,253.67867435,2344207.6516592195
2020-07-12 00:00:00+00:00,9241.42,9350.0,9156.495,9300.254,279.80507552,2589984.0267388043
2020-07-13 00:00:00+00:00,9305.021,9350.0,9193.027,9239.259,534.84662672,4963329.536392549
2020-07-14 00:00:00+00:00,9239.25,9283.0,9088.0,9256.874,432.56001619,3986727.1072709346
2020-07-15 00:00:00+00:00,9257.0,9274.0,9163.337,9193.234,492.02220734,4534470.915599273
2020-07-16 00:00:00+00:00,9196.62,9219.373,9036.665,9134.648,561.20435103,5124000.9530331865
2020-07-17 00:00:00+00:00,9130.069,9185.926,9080.012,9159.973,544.87017759,4982281.975835957
2020-07-18 00:00:00+00:00,9159.951,9208.412,9126.45,9179.162,249.10753869,2283316.793668255
2020-07-19 00:00:00+00:00,9178.408,9241.612,9110.464,9218.25,111.84058698,1026014.7344786826
2020-07-20 00:00:00+00:00,9227.932,9227.932,9135.064,9166.534,268.33041296,2462791.4915845804
2020-07-21 00:00:00+00:00,9168.223,9435.99,9158.208,9396.528,567.51442291,5302141.763644522
2020-07-22 00:00:00+00:00,9400.0,9568.001,9289.0,9536.889,477.26323105,4484139.851234002
2020-07-23 00:00:00+00:00,9533.932,9678.888,9459.49,9622.408,682.38371161,6522129.425016586
2020-07-24 00:00:00+00:00,9618.699,9648.177,9475.518,9557.793,528.00332182,5047827.020205719
2020-07-25 00:00:00+00:00,9555.346,9741.508,9545.5,9714.821,261.74959859,2522673.278689643
2020-07-26 00:00:00+00:00,9712.36,10203.852,9666.805,9943.058,333.17404731,3305444.8750800905
2020-07-27 00:00:00+00:00,9941.89,11410.559,9941.01,11044.629,1511.46320373,16003365.808203494
2020-07-28 00:00:00+00:00,11104.753,11263.06,10601.868,10938.118,893.92852054,9806038.830429267
2020-07-29 00:00:00+00:00,10957.36,11346.508,10856.001,11105.197,593.60023787,6617617.207980698
2020-07-30 00:00:00+00:00,11109.136,11188.54,10875.0,11117.079,276.96381783,3057562.32113535
2020-07-31 00:00:00+00:00,11132.886,11459.258,10980.188,11345.497,271.03585106,3050746.1069728476
2020-08-01 00:00:00+00:00,11356.08,11884.786,11249.398,11819.7,370.1830209,4326753.948319266
2020-08-02 00:00:00+00:00,11811.422,12155.0,10664.922,11065.723,987.23207916,11152454.02638863
2020-08-03 00:00:00+00:00,11051.406,11480.563,10938.035,11238.274,452.54906026,5083441.504034636
2020-08-04 00:00:00+00:00,11247.149,11413.721,11000.0,11193.91,774.05624779,8650565.576067364
2020-08-05 00:00:00+00:00,11199.491,11749.999,11129.233,11742.161,434.62483457,5013648.536726775
2020-08-06 00:00:00+00:00,11757.549,11915.209,11581.876,11779.596,414.3470832,4874203.866513729
2020-08-07 00:00:00+00:00,11778.379,11915.692,11360.245,11611.723,426.11813497,4955760.291018626
2020-08-08 00:00:00+00:00,11615.081,11816.026,11549.367,11772.0,181.83630925,2125373.0452655847
2020-08-09 00:00:00+00:00,11779.999,11811.431,11533.65,11693.67,167.66397858,1955934.696961426
2020-08-10 00:00:00+00:00,11696.19,12095.3,11521.549,11896.14,616.7843542,7347858.6508055115
2020-08-11 00:00:00+00:00,11900.0,11941.997,11123.406,11390.84,742.73216687,8553005.355582478
2020-08-12 00:00:00+00:00,11385.699,11620.74,11173.905,11578.731,364.28901506,4180663.222125148
2020-08-13 00:00:00+00:00,11570.169,11800.0,11271.179,11789.722,495.80224629,5731071.673026232
2020-08-14 00:00:00+00:00,11819.911,11865.88,11656.621,11771.68,249.91490662,2940406.7353786477
2020-08-15 00:00:00+00:00,11783.465,11988.888,11735.431,11880.02,278.06959248,3301418.963482556
2020-08-16 00:00:00+00:00,11866.459,11940.494,11696.662,11918.679,299.88673292,3538885.018833494
2020-08-17 00:00:00+00:00,11924.689,12475.0,11775.151,12295.211,635.30501323,7736996.310811464
2020-08-18 00:00:00+00:00,12300.0,12398.429,11825.0,11951.404,594.36706286,7156157.095937635
2020-08-19 00:00:00+00:00,11982.943,12022.702,11600.0,11732.76,490.07453685,5763228.978709959
2020-08-20 00:00:00+00:00,11764.05,11896.283,11685.431,11872.181,181.55630351,2145140.4464710727
2020-08-21 00:00:00+00:00,11864.01,11886.0,11495.0,11520.719,308.41754129,3610825.38550184
2020-08-22 00:00:00+00:00,11532.329,11693.05,11375.6,11682.92,217.52360431,2504150.44493801
2020-08-23 00:00:00+00:00,11690.437,11721.118,11529.001,11657.6,157.22763043,1829269.3145378958
2020-08-24 00:00:00+00:00,11650.72,11828.119,11600.734,11760.921,196.46661518,2306063.4847722407
2020-08-25 00:00:00+00:00,11762.518,11773.14,11115.55,11330.497,553.85462121,6300809.77568907
2020-08-26 00:00:00+00:00,11329.958,11542.722,11258.866,11469.23,256.11663945,2928197.2728296025
2020-08-27 00:00:00+00:00,11469.139,11589.123,11125.0,11334.191,713.5908786,8086758.830364895
2020-08-28 00:00:00+00:00,11335.153,11549.97,11280.034,11539.148,436.3088665,4996535.546798835
2020-08-29 00:00:00+00:00,11541.129,11586.811,11423.571,11482.82,305.78254253,3517739.227804833
2020-08-30 00:00:00+00:00,11475.387,11720.0,11471.528,11720.0,260.66077378,3030018.3290929897
2020-08-31 00:00:00+00:00,11719.699,11779.0,11577.79,11655.09,340.12667294,3978127.0606207163
2020-09-01 00:00:00+00:00,11660.3,12058.332,11527.428,11924.834,742.01703636,8826842.407232631
2020-09-02 00:00:00+00:00,11924.82,11950.001,11175.001,11401.889,1525.70211479,17621868.389363024
2020-09-03 00:00:00+00:00,11401.889,11474.9,10060.0,10170.587,1672.06116369,18095254.245728992
2020-09-04 00:00:00+00:00,10166.59,10636.269,9920.0,10465.171,1374.68129479,14250034.61581555
2020-09-05 00:00:00+00:00,10470.811,10571.748,9850.0,10161.984,1631.02950726,16598195.207969
2020-09-06 00:00:00+00:00,10168.816,10350.0,10004.805,10260.962,464.47749425,4728551.00146328
2020-09-07 00:00:00+00:00,10268.105,10407.276,9881.524,10373.061,559.17044093,5667776.522034829
2020-09-08 00:00:00+00:00,10378.16,10442.712,9850.0,10130.242,1208.89382998,12166320.367235769
2020-09-09 00:00:00+00:00,10129.958,10350.293,9985.825,10233.755,586.46376735,5976951.232577273
2020-09-10 00:00:00+00:00,10229.402,10490.245,10229.402,10353.241,613.65520974,6349732.577324654
2020-09-11 00:00:00+00:00,10349.797,10410.313,10215.652,10399.907,775.63814024,7989596.927175172
2020-09-12 00:00:00+00:00,10399.929,10480.0,10280.275,10450.61,342.91870681,3560563.7413900415
2020-09-13 00:00:00+00:00,10450.559,10580.0,10210.913,10335.0,513.24486065,5325523.744515706
2020-09-14 00:00:00+00:00,10334.5,10756.426,10255.0,10683.608,666.39840499,7034734.996019822
2020-09-15 00:00:00+00:00,10686.454,10936.481,10615.363,10787.178,776.98632358,8374946.084976422
2020-09-16 00:00:00+00:00,10782.16,11099.229,10668.814,10955.641,758.02090463,8273705.921718669
2020-09-17 00:00:00+00:00,10962.936,11048.55,10751.012,10950.704,688.373928,7490913.670436942
2020-09-18 00:00:00+00:00,10950.704,11028.201,10816.0,10943.867,326.49445814,3559216.6880476563
2020-09-19 00:00:00+00:00,10938.305,11185.007,10895.64,11090.708,391.74257072,4326260.581167869
2020-09-20 00:00:00+00:00,11087.612,11087.612,10766.921,10925.119,511.47769753,5577407.496846209
2020-09-21 00:00:00+00:00,10925.07,10990.0,10311.661,10417.17,1019.2145871,10784894.80141573
2020-09-22 00:00:00+00:00,10421.78,10573.54,10363.171,10536.178,529.54033887,5547354.914891088
2020-09-23 00:00:00+00:00,10536.165,10541.996,10227.9,10239.171,465.4103932,4840526.496198066
2020-09-24 00:00:00+00:00,10240.645,10794.128,10205.0,10743.419,768.05163669,8090564.3224441735
2020-09-25 00:00:00+00:00,10740.64,10763.33,10563.969,10693.997,648.77756411,6920122.860052529
2020-09-26 00:00:00+00:00,10699.564,10845.017,10660.37,10735.73,262.22087751,2813304.3567110877
2020-09-27 00:00:00+00:00,10730.642,10802.501,10598.412,10776.661,344.85493914,3692452.967717957
2020-09-28 00:00:00+00:00,10791.636,10953.486,10640.32,10706.506,592.47404366,6436848.85467116
2020-09-29 00:00:00+00:00,10695.08,10864.776,10639.17,10843.788,406.32428002,4360740.157474033
2020-09-30 00:00:00+00:00,10843.788,10851.065,10664.88,10783.327,391.96029993,4214138.014161657
2020-10-01 00:00:00+00:00,10787.983,10935.609,10446.832,10623.028,715.83277818,7645315.40233506
2020-10-02 00:00:00+00:00,10604.969,10662.05,10385.528,10576.8,657.77550072,6921423.04349685
2020-10-03 00:00:00+00:00,10576.8,10600.481,10504.906,10552.755,175.0632827,1847573.634046572
2020-10-04 00:00:00+00:00,10552.017,10699.885,10527.521,10680.3,226.05885298,2400414.0206354056
2020-10-05 00:00:00+00:00,10675.66,10800.0,10625.12,10796.531,464.46430168,4978830.1700018225
2020-10-06 00:00:00+00:00,10796.531,10806.508,10528.056,10603.0,548.02157054,5841178.363059919
2020-10-07 00:00:00+00:00,10607.47,10700.0,10556.7,10680.18,403.86955672,4293091.615341872
2020-10-08 00:00:00+00:00,10678.1,10957.806,10540.99,10922.816,528.5096949,5705171.043763137
2020-10-09 00:00:00+00:00,10931.079,11109.32,10829.406,11064.29,587.69065882,6473360.865535486
2020-10-10 00:00:00+00:00,11064.27,11481.0,11061.43,11305.489,675.62992353,7652270.243757472
2020-10-11 00:00:00+00:00,11301.55,11442.99,11246.512,11370.79,418.49288393,4759082.62593652
2020-10-12 00:00:00+00:00,11376.61,11724.002,11200.0,11542.13,704.12400713,8079101.219011673
2020-10-13 00:00:00+00:00,11539.529,11565.05,11315.88,11429.255,559.12121992,6401744.849372236
2020-10-14 00:00:00+00:00,11428.521,11557.866,11296.205,11431.536,385.62072569,4396881.249110737
2020-10-15 00:00:00+00:00,11431.638,11615.871,11272.278,11510.0,506.01175941,5787553.369016565
2020-10-16 00:00:00+00:00,11510.0,11551.182,11169.744,11328.549,565.47965603,6410028.828522127
2020-10-17 00:00:00+00:00,11333.389,11408.22,11273.94,11370.94,202.09983514,2292176.8175325706
2020-10-18 00:00:00+00:00,11372.397,11519.321,11357.961,11514.865,203.71849812,2331965.3028625473
2020-10-19 00:00:00+00:00,11518.247,11835.78,11417.04,11759.02,507.53783439,5922492.217551188
2020-10-20 00:00:00+00:00,11764.68,12053.511,11687.68,11926.062,391.60106452,4654125.849300753
2020-10-21 00:00:00+00:00,11926.062,13250.99,11906.02,12813.98,1568.15529993,19867409.3837657
2020-10-22 00:00:00+00:00,12813.97,13199.0,12702.6,12987.34,821.69204275,10635284.837313646
2020-10-23 00:00:00+00:00,12989.86,13031.99,12737.269,12823.082,400.27299945,5170206.670881826
2020-10-24 00:00:00+00:00,12944.59,13172.299,12892.596,13132.956,340.29902779,4444156.4108732715
2020-10-25 00:00:00+00:00,13128.43,13359.197,12890.001,13045.826,485.30551053,6366771.731196305
2020-10-26 00:00:00+00:00,13044.456,13247.986,12793.66,13078.94,579.16066451,7545525.0239274455
2020-10-27 00:00:00+00:00,13076.47,13786.51,13069.021,13655.791,711.03272703,9590157.444745611
2020-10-28 00:00:00+00:00,13655.865,13850.523,12900.0,13285.8,703.99217337,9408209.970493117
2020-10-29 00:00:00+00:00,13285.8,13648.663,13000.0,13464.786,593.16920267,7930149.759450925
2020-10-30 00:00:00+00:00,13469.399,13675.447,13140.0,13568.231,534.47213988,7185936.531504124
2020-10-31 00:00:00+00:00,13579.467,14060.0,13435.48,13810.803,571.00016246,7867136.8256106535
2020-11-01 00:00:00+00:00,13809.57,13903.816,13636.74,13768.694,284.65010788,3918562.148528564
2020-11-02 00:00:00+00:00,13770.883,13842.91,13237.7,13576.979,484.21638169,6570404.71096816
2020-11-03 00:00:00+00:00,13572.455,14079.427,13302.932,14035.99,458.38947218,6289487.305722988
2020-11-04 00:00:00+00:00,14048.126,14268.72,13560.89,14169.001,672.66578658,9409789.919156818
2020-11-05 00:00:00+00:00,14170.024,15765.06,14119.24,15602.36,1005.09818853,14988468.911672387
2020-11-06 00:00:00+00:00,15616.61,15976.658,15211.15,15592.14,1090.30348726,16996739.13171373
2020-11-07 00:00:00+00:00,15601.861,15750.0,14448.718,14845.15,838.61203404,12667855.093266234
2020-11-08 00:00:00+00:00,14842.766,15664.742,14732.399,15484.44,362.10248878,5519510.735008939
2020-11-09 00:00:00+00:00,15492.435,15848.988,14818.0,15332.432,754.96009714,11543017.2025097
2020-11-10 00:00:00+00:00,15337.64,15478.46,15106.863,15323.871,443.14975577,6792111.078622818
2020-11-11 00:00:00+00:00,15330.219,15980.022,15299.76,15714.189,369.33143941,5786603.69419216
2020-11-12 00:00:00+00:00,15717.497,16354.98,15495.0,16302.241,686.24718623,10955943.133766223
2020-11-13 00:00:00+00:00,16307.282,16498.86,15974.906,16346.479,439.80265794,7164290.863875612
2020-11-14 00:00:00+00:00,16344.165,16344.165,15750.0,16096.16,364.47594758,5830680.119759232
2020-11-15 00:00:00+00:00,16095.259,16170.561,15802.61,15975.9,196.59632304,3143617.5676981234
2020-11-16 00:00:00+00:00,15977.74,16890.0,15884.054,16722.99,549.23810315,9082394.664797192
2020-11-17 00:00:00+00:00,16735.229,17871.944,16578.046,17685.775,939.44753736,16274362.733513108
2020-11-18 00:00:00+00:00,17689.33,18475.393,17002.001,17801.208,1544.79784752,27589111.843360465
2020-11-19 00:00:00+00:00,17801.189,18177.933,17367.0,17824.13,640.93291368,11442667.843723858
2020-11-20 00:00:00+00:00,17824.817,18825.797,17773.374,18676.24,793.55166175,14601112.052667886
2020-11-21 00:00:00+00:00,18700.954,18974.388,18400.01,18716.77,710.90352248,13319994.828535086
2020-11-22 00:00:00+00:00,18714.07,18772.174,17630.003,18443.07,833.72651919,15306523.852512676
2020-11-23 00:00:00+00:00,18446.159,18764.99,18008.957,18393.24,773.8525279,14268633.365847947
2020-11-24 00:00:00+00:00,18390.891,19422.21,17986.0,19161.58,1545.78067173,28973594.877534557
2020-11-25 00:00:00+00:00,19172.46,19228.419,19159.03,19190.999,18.35158488,352232.3894961847
2020-11-26 00:00:00+00:00,18724.79,18817.93,18624.915,18797.03,26.23146352,490692.77626377624
2020-11-27 00:00:00+00:00,17176.81,17199.97,17097.24,17128.213,8.32602723,142600.47648647643
2020-11-28 00:00:00+00:00,17148.999,17175.72,17030.979,17057.617,9.88360553,169033.14958372337
2020-11-29 00:00:00+00:00,17740.94,17776.89,17647.812,17660.416,9.06112538,160398.88481109243
2020-11-30 00:00:00+00:00,18197.361,18326.53,18197.361,18320.09,8.3531299,152612.8263574077
2020-12-01 00:00:00+00:00,19705.23,19722.189,19517.08,19656.96,25.41227645,498907.8386892745
2020-12-02 00:00:00+00:00,18791.127,18791.127,18483.551,18508.861,23.26178395,433180.5194134169
2020-12-03 00:00:00+00:00,19236.83,19312.516,19220.893,19301.14,13.74457998,265153.34236151667
2020-12-04 00:00:00+00:00,19450.953,19483.16,19404.36,19463.24,5.99543388,116592.73635166803
2020-12-05 00:00:00+00:00,18674.35,18698.038,18532.65,18622.68,23.97766863,445967.796570323
2020-12-06 00:00:00+00:00,19162.377,19282.643,19158.37,19264.261,4.92656053,94766.18040380099
2020-12-07 00:00:00+00:00,19376.568,19424.227,19323.541,19335.687,8.65885078,167887.4251711186
2020-12-08 00:00:00+00:00,19183.46,19203.068,19151.72,19180.399,1.86038352,35659.29058228115
2020-12-09 00:00:00+00:00,18310.106,18346.035,18256.31,18256.33,7.61351379,139169.63833451492
2020-12-10 00:00:00+00:00,18562.471,18570.42,18474.237,18480.0,13.41122926,248592.21886506627
2020-12-11 00:00:00+00:00,18257.883,18291.49,18187.677,18200.0,3.41969809,62267.7599500599
2020-12-12 00:00:00+00:00,18038.352,18293.44,18026.101,18262.02,22.09554863,400567.00626960903
2020-12-13 00:00:00+00:00,18834.309,18892.092,18831.029,18853.771,4.89022324,92258.34639784507
2020-12-14 00:00:00+00:00,19172.04,19172.04,19060.93,19060.93,1.45397484,27772.41408653003
2020-12-15 00:00:00+00:00,19271.87,19307.939,19258.08,19283.231,3.01576393,58147.36105772653
2020-12-16 00:00:00+00:00,19448.38,19468.39,19420.381,19424.38,3.79517532,73824.41646237148
2020-12-17 00:00:00+00:00,21361.521,23739.999,21257.423,22818.961,1819.62393069,41371065.633531906
2020-12-18 00:00:00+00:00,22818.73,23148.99,22707.386,23137.08,27.30503913,627608.7933717086
2020-12-19 00:00:00+00:00,23137.14,24142.439,22806.537,23848.437,759.48349802,17903907.92965483
2020-12-20 00:00:00+00:00,23842.51,23846.07,23710.0,23763.586,10.3365786,245414.22260142723
2020-12-21 00:00:00+00:00,23181.0,23350.0,22664.71,22731.269,313.97905842,7214433.48537128
2020-12-22 00:00:00+00:00,22729.111,23822.086,22388.0,23822.086,692.00656727,16029307.553025845
2020-12-23 00:00:00+00:00,23820.21,24063.385,22635.507,23255.47,821.37480611,19264440.471091427
2020-12-24 00:00:00+00:00,23236.411,23768.995,22733.83,23720.945,531.06441216,12342279.29492944
2020-12-25 00:00:00+00:00,23723.86,24770.824,23432.9,24682.757,696.55873166,16821202.22976399
2020-12-26 00:00:00+00:00,24682.757,26768.873,24373.517,26459.894,728.15715934,18578789.469630726
2020-12-27 00:00:00+00:00,26464.999,28214.0,25740.001,26231.696,1061.0510787,28675876.71840293
2020-12-28 00:00:00+00:00,26242.844,27335.856,26087.659,27035.389,544.9735246,14666799.768114662
2020-12-29 00:00:00+00:00,27038.177,27392.859,25827.347,27348.15,691.75979789,18451828.357329804
2020-12-30 00:00:00+00:00,27365.4,28568.589,27360.913,28090.46,539.13896249,15039429.774979534
2020-12-31 00:00:00+00:00,28882.551,29316.685,28009.356,28760.051,473.28750745,13610176.111851564
2021-01-01 00:00:00+00:00,28971.188,29599.0,28770.0,29370.099,458.69570716,13407429.906855129
2021-01-02 00:00:00+00:00,29370.1,29384.431,29031.1,29218.75,25.47023353,744606.9329761466
2021-01-03 00:00:00+00:00,31752.975,31900.0,31601.001,31899.999,10.09886706,320410.09920124366
2021-01-04 00:00:00+00:00,32903.155,33012.0,32608.935,32768.002,7.20826109,236296.59509613388
2021-01-05 00:00:00+00:00,31970.0,32499.0,31816.025,32377.792,43.05351447,1390533.9630443128
2021-01-06 00:00:00+00:00,33973.103,34000.0,33511.694,33511.694,10.3388436,348700.54637967364
2021-01-07 00:00:00+00:00,36832.834,37077.826,36500.01,37077.826,35.95628145,1323181.853104236
2021-01-08 00:00:00+00:00,39383.99,39600.0,39225.017,39501.261,15.36808263,605554.2966322143
2021-01-09 00:00:00+00:00,40700.417,41000.0,40650.451,40814.977,17.28580994,707052.1899683693
2021-01-10 00:00:00+00:00,40236.907,40643.089,40230.24,40533.029,18.04494043,730835.8161603994
2021-01-11 00:00:00+00:00,38169.767,38239.635,37312.511,37936.97,44.051126,1660460.7763510905
2021-01-12 00:00:00+00:00,35449.096,35571.349,34253.699,34361.557,64.96234376,2273420.8241413035
2021-01-13 00:00:00+00:00,34014.506,34028.489,33485.085,33679.11,23.13143345,779517.3281767125
2021-01-14 00:00:00+00:00,37394.075,38123.967,37304.53,37819.86,44.68570486,1687675.5449824783
2021-01-15 00:00:00+00:00,39150.419,39567.45,39015.417,39450.0,12.92601348,509010.20586750587
2021-01-16 00:00:00+00:00,36820.05,37394.293,36789.39,37228.298,20.83013749,775572.883689064
2021-01-17 00:00:00+00:00,35996.216,35996.216,35562.404,35728.851,24.28677269,867166.092638133
2021-01-18 00:00:00+00:00,35810.361,35999.998,35568.0,35827.494,18.77821812,672611.744136037
2021-01-19 00:00:00+00:00,36624.01,36881.0,36477.581,36542.518,11.17026298,409824.242989979
2021-01-20 00:00:00+00:00,35956.719,36208.29,35689.005,36185.094,29.71766985,1067141.2081980791
2021-01-21 00:00:00+00:00,35516.269,35617.258,35289.721,35382.608,12.42799578,440204.4455215645
2021-01-22 00:00:00+00:00,30875.767,30875.767,29160.0,29727.27,147.50260803,4401622.671341664
2021-01-23 00:00:00+00:00,33016.93,33016.93,32420.5,32521.29,20.20192908,658334.7942250026
2021-01-24 00:00:00+00:00,32117.954,32117.954,31697.723,31914.429,10.08015836,321159.4009843407
2021-01-25 00:00:00+00:00,32276.481,32559.66,32206.3,32534.888,13.59397181,439607.07731798297
2021-01-26 00:00:00+00:00,32273.996,32607.93,31844.34,32509.245,19.8077772,639413.8058565441
2021-01-27 00:00:00+00:00,32520.67,32575.89,32253.601,32448.329,29.10591167,940942.8803279169
2021-01-28 00:00:00+00:00,30433.471,30621.047,29913.99,30217.73,19.17797638,579160.0031821054
2021-01-29 00:00:00+00:00,33479.498,34064.84,33466.75,34064.84,45.61822598,1545172.119539198
2021-01-30 00:00:00+00:00,34257.397,34922.12,32896.0,33676.05,636.68457533,21607761.814275637
2021-01-31 00:00:00+00:00,34326.8,34395.91,33368.48,33810.44,164.63925572,5587485.464515881
2021-02-01 00:00:00+00:00,33159.554,34700.0,32328.98,33353.75,776.59781294,26205488.489001717
2021-02-02 00:00:00+00:00,33548.55,35642.63,33466.858,34693.79,530.17594015,18294876.730329905
2021-02-03 00:00:00+00:00,35523.29,37165.51,35414.765,36974.854,532.90665316,19379703.77800081
2021-02-04 00:00:00+00:00,37674.8,38739.878,36200.0,36781.0,763.09054858,28693406.354053196
2021-02-05 00:00:00+00:00,36965.33,38334.621,36636.24,38318.177,828.35794712,31194265.54776664
2021-02-06 00:00:00+00:00,38306.02,40950.0,38248.71,39270.478,1107.22025854,43942521.205154754
2021-02-07 00:00:00+00:00,39271.77,39749.723,37424.194,38877.09,993.01993481,38356636.3378197
2021-02-08 00:00:00+00:00,38877.11,46400.0,38071.644,46360.53,1583.47416593,67197279.12687053
2021-02-09 00:00:00+00:00,46325.844,48209.631,45023.01,46535.75,1260.44848818,58745003.10777935
2021-02-10 00:00:00+00:00,46526.659,47240.0,43741.33,44855.073,900.4950963,41058142.64848641
2021-02-11 00:00:00+00:00,44861.429,48600.0,44050.0,47961.249,1003.06126961,46785635.89453912
2021-02-12 00:00:00+00:00,48002.454,48919.855,46282.07,47449.619,794.4483506,37837330.93827594
2021-02-13 00:00:00+00:00,47447.182,48171.596,46330.0,47274.4,737.74034859,34883208.913071126
2021-02-14 00:00:00+00:00,47256.438,49700.0,47104.73,48655.78,673.74221584,32754449.216448262
2021-02-15 00:00:00+00:00,48679.941,49018.863,45700.799,47951.857,653.04508503,31013861.915079147
2021-02-16 00:00:00+00:00,47951.857,50500.0,47101.0,49160.0,692.15345597,33876836.038133435
2021-02-17 00:00:00+00:00,49178.435,52634.329,48945.411,52150.867,754.57633853,38468386.32160685
2021-02-18 00:00:00+00:00,52176.061,52550.0,50903.0,51597.29,521.12110979,27020876.636051185
2021-02-19 00:00:00+00:00,51600.018,56300.0,50785.0,55918.102,784.28322454,42139138.03948134
2021-02-20 00:00:00+00:00,55918.102,57500.0,53900.0,55926.999,838.15345199,47050639.70141915
2021-02-21 00:00:00+00:00,55922.177,58333.1,55436.711,57490.166,427.64940418,24452105.340822514
2021-02-22 00:00:00+00:00,57475.167,57572.52,48000.0,54133.688,1560.67398357,83143924.81393236
2021-02-23 00:00:00+00:00,54161.11,54179.111,45000.0,48897.284,1808.10705375,87887644.0816906
2021-02-24 00:00:00+00:00,48906.607,51408.635,47019.269,49742.749,592.26826359,29538522.55498005
2021-02-25 00:00:00+00:00,49767.85,52073.2,46722.14,47068.742,684.35101968,34031386.9139692
2021-02-26 00:00:00+00:00,47094.151,48421.42,44200.0,46345.492,978.39763266,45549520.56447814
2021-02-27 00:00:00+00:00,46332.999,48323.675,45101.002,46198.444,608.5266393,28616549.26807402
2021-02-28 00:00:00+00:00,46178.41,46660.278,43135.411,45224.71,640.77458638,28714026.925046984
2021-03-01 00:00:00+00:00,45243.248,49895.884,45069.634,49667.25,706.6200438,33748363.48662148
2021-03-02 00:00:00+00:00,49663.38,50268.27,47001.0,48493.266,637.44109277,30982374.970622722
2021-03-03 00:00:00+00:00,48496.114,52587.5,48161.68,50427.176,690.24126697,34964754.186395474
2021-03-04 00:00:00+00:00,50409.926,51776.97,47566.172,48392.579,731.39864046,36038983.72050889
2021-03-05 00:00:00+00:00,48385.21,49484.38,46298.09,48755.424,662.94879331,31641831.486001242
2021-03-06 00:00:00+00:00,48783.1,49205.6,47100.0,48932.223,402.71149269,19492359.228908937
2021-03-07 00:00:00+00:00,48933.295,51460.0,48933.295,50969.804,474.33434499,23849631.794003814
2021-03-08 00:00:00+00:00,50998.842,52400.0,49373.681,52382.999,574.26949775,29259182.800678287
2021-03-09 00:00:00+00:00,52400.0,54894.72,51881.51,54891.279,658.75394865,35499801.318049796
2021-03-10 00:00:00+00:00,54894.75,57355.88,53052.09,55857.76,651.27265428,36169349.2087557
2021-03-11 00:00:00+00:00,55900.19,58137.245,54295.26,57803.528,598.9034831,33860306.14928745
2021-03-12 00:00:00+00:00,57817.761,58067.975,55079.01,57251.782,618.5983009,35055550.13657707
2021-03-13 00:00:00+00:00,57243.057,61800.0,56103.07,61200.0,684.85132721,40688204.759528145
2021-03-14 00:00:00+00:00,61187.741,61672.322,58989.81,58999.0,403.05582329,24324519.40578301
2021-03-15 00:00:00+00:00,58989.8,60574.24,55000.0,55608.974,873.37290133,49954545.96792708
2021-03-16 00:00:00+00:00,55664.47,56930.45,53300.0,56921.11,759.03125511,41835672.42044683
2021-03-17 00:00:00+00:00,56935.5,58962.685,54199.98,58901.905,675.86274911,38204739.52136895
2021-03-18 00:00:00+00:00,58939.384,59999.0,57050.01,57636.819,587.00976137,34371606.36202509
2021-03-19 00:00:00+00:00,57636.955,59436.313,56280.0,58059.805,443.74938358,25822056.52837548
2021-03-20 00:00:00+00:00,58053.8,59880.0,57835.73,58136.599,361.35517674,21253892.71600098
