time,ADA open,ADA high,ADA low,ADA close,ADA volume,ADA daily_return
2019-03-20 00:00:00+00:00,0.052,0.054,0.051,0.054,1157293.71153043,
2019-03-21 00:00:00+00:00,0.053,0.055,0.05,0.054,2022167.22538419,0.0
2019-03-22 00:00:00+00:00,0.052,0.059,0.051,0.057,3804860.11754157,0.05555555555555558
2019-03-23 00:00:00+00:00,0.057,0.064,0.056,0.064,2363546.08332457,0.12280701754385959
2019-03-24 00:00:00+00:00,0.064,0.064,0.059,0.062,1459650.36601212,-0.03125
2019-03-25 00:00:00+00:00,0.062,0.062,0.056,0.059,2591409.35334667,-0.048387096774193616
2019-03-26 00:00:00+00:00,0.06,0.062,0.058,0.062,1714688.84719778,0.05084745762711873
2019-03-27 00:00:00+00:00,0.062,0.068,0.061,0.067,1675121.35669433,0.08064516129032273
2019-03-28 00:00:00+00:00,0.066,0.067,0.064,0.066,1020380.16348381,-0.014925373134328401
2019-03-29 00:00:00+00:00,0.066,0.072,0.066,0.071,1473725.1429098,0.07575757575757569
2019-03-30 00:00:00+00:00,0.071,0.073,0.068,0.073,1333702.7145474,0.028169014084507005
2019-03-31 00:00:00+00:00,0.072,0.072,0.07,0.07,962349.30053356,-0.041095890410958735
2019-04-01 00:00:00+00:00,0.069,0.073,0.069,0.071,2648218.11255543,0.014285714285714013
2019-04-02 00:00:00+00:00,0.073,0.086,0.07,0.086,7165504.55603428,0.21126760563380276
2019-04-03 00:00:00+00:00,0.086,0.101,0.084,0.091,11684033.11538147,0.058139534883721034
2019-04-04 00:00:00+00:00,0.091,0.095,0.082,0.088,4903857.742058,-0.03296703296703296
2019-04-05 00:00:00+00:00,0.09,0.093,0.087,0.091,3451733.869167,0.03409090909090917
2019-04-06 00:00:00+00:00,0.09,0.095,0.087,0.091,1874622.49028935,0.0
2019-04-07 00:00:00+00:00,0.09,0.091,0.088,0.09,1578863.25266177,-0.01098901098901095
2019-04-08 00:00:00+00:00,0.09,0.092,0.083,0.086,1894849.94105275,-0.04444444444444451
2019-04-09 00:00:00+00:00,0.086,0.087,0.082,0.083,2014253.26294908,-0.0348837209302324
2019-04-10 00:00:00+00:00,0.083,0.093,0.083,0.089,1920269.5205316,0.07228915662650581
2019-04-11 00:00:00+00:00,0.09,0.091,0.077,0.083,4962009.17761779,-0.0674157303370786
2019-04-12 00:00:00+00:00,0.083,0.086,0.08,0.084,1467563.51284081,0.012048192771084265
2019-04-13 00:00:00+00:00,0.082,0.086,0.082,0.083,1129036.39557462,-0.011904761904761862
2019-04-14 00:00:00+00:00,0.084,0.085,0.081,0.085,431676.62554798,0.024096385542168752
2019-04-15 00:00:00+00:00,0.086,0.086,0.08,0.082,1685788.82631634,-0.03529411764705881
2019-04-16 00:00:00+00:00,0.081,0.084,0.08,0.083,407541.15092899,0.012195121951219523
2019-04-17 00:00:00+00:00,0.084,0.085,0.082,0.083,2228216.58096135,0.0
2019-04-18 00:00:00+00:00,0.083,0.084,0.081,0.081,903107.09346234,-0.02409638554216864
2019-04-19 00:00:00+00:00,0.081,0.082,0.077,0.079,1319628.37702349,-0.024691358024691357
2019-04-20 00:00:00+00:00,0.079,0.08,0.075,0.075,5197920.37283437,-0.05063291139240511
2019-04-21 00:00:00+00:00,0.077,0.077,0.071,0.075,2820526.41085219,0.0
2019-04-22 00:00:00+00:00,0.073,0.079,0.072,0.078,2054104.78622567,0.040000000000000036
2019-04-23 00:00:00+00:00,0.079,0.08,0.074,0.074,1370424.16708458,-0.05128205128205132
2019-04-24 00:00:00+00:00,0.075,0.076,0.069,0.072,4602358.09907782,-0.027027027027027084
2019-04-25 00:00:00+00:00,0.073,0.076,0.066,0.068,2587750.56128665,-0.05555555555555547
2019-04-26 00:00:00+00:00,0.068,0.07,0.065,0.068,2812377.76198518,0.0
2019-04-27 00:00:00+00:00,0.068,0.071,0.067,0.069,1100880.54075635,0.014705882352941124
2019-04-28 00:00:00+00:00,0.068,0.069,0.067,0.067,227976.01621879,-0.02898550724637683
2019-04-29 00:00:00+00:00,0.066,0.068,0.063,0.063,1213946.66684508,-0.059701492537313494
2019-04-30 00:00:00+00:00,0.064,0.07,0.064,0.07,1352105.36400766,0.11111111111111116
2019-05-01 00:00:00+00:00,0.07,0.07,0.066,0.068,1498579.90346067,-0.02857142857142858
2019-05-02 00:00:00+00:00,0.068,0.069,0.067,0.068,969001.88023908,0.0
2019-05-03 00:00:00+00:00,0.067,0.072,0.067,0.069,3745299.47993722,0.014705882352941124
2019-05-04 00:00:00+00:00,0.069,0.072,0.064,0.06605,3771972.38708514,-0.04275362318840592
2019-05-05 00:00:00+00:00,0.06699,0.067,0.065,0.066,1150414.62505756,-0.0007570022710067237
2019-05-06 00:00:00+00:00,0.06525,0.068,0.06282,0.06608,3497661.97856898,0.00121212121212122
2019-05-07 00:00:00+00:00,0.06687,0.06868,0.063,0.063,2241265.74861865,-0.04661016949152541
2019-05-08 00:00:00+00:00,0.063,0.06455,0.06138,0.0635,1863266.83711606,0.007936507936507908
2019-05-09 00:00:00+00:00,0.06408,0.0648,0.06,0.06128,2750140.63598772,-0.03496062992125981
2019-05-10 00:00:00+00:00,0.06135,0.06554,0.0587,0.06292,4766337.77186682,0.026762402088772896
2019-05-11 00:00:00+00:00,0.06377,0.0791,0.06377,0.07567,7933018.98482097,0.2026382708200889
2019-05-12 00:00:00+00:00,0.075,0.07747,0.068,0.06999,5393092.76349303,-0.07506277256508531
2019-05-13 00:00:00+00:00,0.0699,0.07729,0.06976,0.07337,3280277.0465095,0.04829261323046152
2019-05-14 00:00:00+00:00,0.07318,0.08477,0.07318,0.08477,7363792.06276407,0.15537685702603232
2019-05-15 00:00:00+00:00,0.085,0.09581,0.0825,0.094,9849102.98917927,0.10888285950218246
2019-05-16 00:00:00+00:00,0.09478,0.10073,0.08319,0.08712,11464461.03363509,-0.07319148936170206
2019-05-17 00:00:00+00:00,0.08839,0.08891,0.0735,0.08257,10358424.9506255,-0.052226813590449894
2019-05-18 00:00:00+00:00,0.08338,0.08582,0.07893,0.07939,2630401.39034473,-0.03851277703766509
2019-05-19 00:00:00+00:00,0.079,0.09,0.079,0.08714,5453393.85476441,0.097619347524877
2019-05-20 00:00:00+00:00,0.08708,0.08728,0.0783,0.08499,5894984.18757658,-0.024672940096396645
2019-05-21 00:00:00+00:00,0.08588,0.08639,0.08242,0.08429,2532457.30618601,-0.008236263089775209
2019-05-22 00:00:00+00:00,0.08428,0.08518,0.07702,0.07711,5683378.57849117,-0.08518210938426862
2019-05-23 00:00:00+00:00,0.07704,0.0807,0.07375,0.08,2235875.36258869,0.03747892620931137
2019-05-24 00:00:00+00:00,0.0807,0.084,0.0784,0.081,2512744.76140631,0.012499999999999956
2019-05-25 00:00:00+00:00,0.08067,0.0823,0.07965,0.08023,705484.76111005,-0.009506172839506277
2019-05-26 00:00:00+00:00,0.07985,0.08731,0.07863,0.08627,2434406.84760603,0.0752835597656738
2019-05-27 00:00:00+00:00,0.0861,0.09375,0.08511,0.09167,5019483.0646726,0.06259418105946457
2019-05-28 00:00:00+00:00,0.09148,0.093,0.08744,0.093,3170721.3265131,0.01450856332496997
2019-05-29 00:00:00+00:00,0.0925,0.0939,0.086,0.09051,3844676.39472216,-0.02677419354838717
2019-05-30 00:00:00+00:00,0.09181,0.09667,0.08,0.08499,5167081.15617217,-0.06098773616175002
2019-05-31 00:00:00+00:00,0.08497,0.08933,0.08202,0.08879,3560625.39911651,0.04471114248735142
2019-06-01 00:00:00+00:00,0.08879,0.09299,0.08615,0.08992,3073778.49882154,0.01272665840747833
2019-06-02 00:00:00+00:00,0.09236,0.0978,0.09207,0.09648,3647041.01054007,0.07295373665480431
2019-06-03 00:00:00+00:00,0.096,0.09779,0.08753,0.08818,4689486.70746187,-0.08602819237147596
2019-06-04 00:00:00+00:00,0.08818,0.08818,0.07901,0.08197,4527372.97979436,-0.07042413245633927
2019-06-05 00:00:00+00:00,0.08223,0.08494,0.0799,0.083,2328445.1758285,0.012565572770525835
2019-06-06 00:00:00+00:00,0.083,0.08412,0.07801,0.08283,2241814.56896625,-0.0020481927710843673
2019-06-07 00:00:00+00:00,0.08345,0.08759,0.0825,0.08527,1423854.21048075,0.029457925872268476
2019-06-08 00:00:00+00:00,0.086,0.08636,0.08133,0.0839,790389.37546881,-0.01606661193854808
2019-06-09 00:00:00+00:00,0.08448,0.08448,0.07708,0.07883,4075099.67428544,-0.06042908224076282
2019-06-10 00:00:00+00:00,0.07801,0.08598,0.078,0.08598,3237066.37873305,0.09070150957757206
2019-06-11 00:00:00+00:00,0.086,0.08974,0.08237,0.08802,4163150.50468478,0.023726448011165413
2019-06-12 00:00:00+00:00,0.0865,0.0965,0.08576,0.0965,5866938.09910134,0.09634174051351962
2019-06-13 00:00:00+00:00,0.0956,0.09688,0.089,0.08982,4553351.99695166,-0.06922279792746122
2019-06-14 00:00:00+00:00,0.09019,0.09098,0.0856,0.09026,4528004.35969266,0.0048986862614117666
2019-06-15 00:00:00+00:00,0.09094,0.09284,0.09053,0.09176,1080338.17650343,0.016618657212497112
2019-06-16 00:00:00+00:00,0.09151,0.0942,0.09017,0.09272,3122712.85994435,0.010462074978204061
2019-06-17 00:00:00+00:00,0.09272,0.09395,0.09147,0.0936,1150250.90292532,0.009490940465918918
2019-06-18 00:00:00+00:00,0.09336,0.09336,0.08854,0.08894,2017430.69495983,-0.04978632478632472
2019-06-19 00:00:00+00:00,0.08964,0.09167,0.08828,0.09,1208541.7851108,0.011918147065437257
2019-06-20 00:00:00+00:00,0.09036,0.09036,0.08517,0.08739,3415784.17371334,-0.029000000000000026
2019-06-21 00:00:00+00:00,0.08741,0.09154,0.08739,0.08961,2104448.02206408,0.02540336422931677
2019-06-22 00:00:00+00:00,0.08975,0.0975,0.08909,0.09386,7125539.85962705,0.04742774243946002
2019-06-23 00:00:00+00:00,0.09386,0.10279,0.09319,0.09594,7332568.05919356,0.02216066481994461
2019-06-24 00:00:00+00:00,0.09552,0.09901,0.09336,0.0971,3187962.01136693,0.012090890139670796
2019-06-25 00:00:00+00:00,0.098,0.098,0.0936,0.09599,1467846.37690433,-0.011431513903192636
2019-06-26 00:00:00+00:00,0.09606,0.106,0.0915,0.09599,9145950.02421871,0.0
2019-06-27 00:00:00+00:00,0.09599,0.09791,0.08025,0.08536,5627455.51785531,-0.11074070215647458
2019-06-28 00:00:00+00:00,0.08411,0.08855,0.0836,0.08849,1955891.24345089,0.036668228678537806
2019-06-29 00:00:00+00:00,0.0885,0.09,0.08374,0.08907,2961358.03937414,0.006554412928014397
2019-06-30 00:00:00+00:00,0.09,0.09,0.081,0.0818,2100284.68724327,-0.0816211968114966
2019-07-01 00:00:00+00:00,0.0818,0.0852,0.0797,0.083,2324820.15527338,0.014669926650366927
2019-07-02 00:00:00+00:00,0.0839,0.0839,0.076,0.08078,2682605.33534392,-0.02674698795180719
2019-07-03 00:00:00+00:00,0.08093,0.08345,0.08,0.082,2252424.85441935,0.015102748205001237
2019-07-04 00:00:00+00:00,0.08288,0.08288,0.0775,0.0775,1744101.94078995,-0.054878048780487854
2019-07-05 00:00:00+00:00,0.077,0.07868,0.07559,0.076,865923.10278504,-0.01935483870967747
2019-07-06 00:00:00+00:00,0.07619,0.0805,0.07619,0.07673,721170.64686803,0.009605263157894894
2019-07-07 00:00:00+00:00,0.07717,0.0809,0.07669,0.07966,772831.04390905,0.038185846474651175
2019-07-08 00:00:00+00:00,0.07987,0.08286,0.07522,0.08036,4344821.54283936,0.008787346221441172
2019-07-09 00:00:00+00:00,0.08002,0.08079,0.07717,0.07777,3392437.25849233,-0.03222996515679433
2019-07-10 00:00:00+00:00,0.078,0.07815,0.069,0.07177,3942909.77125568,-0.07715057220007726
2019-07-11 00:00:00+00:00,0.071,0.07148,0.0625,0.06495,2498221.62332722,-0.09502577678695845
2019-07-12 00:00:00+00:00,0.06491,0.07071,0.06348,0.06968,1930275.31659638,0.072825250192456
2019-07-13 00:00:00+00:00,0.06985,0.06991,0.0644,0.06623,1315362.78129021,-0.0495120551090702
2019-07-14 00:00:00+00:00,0.0669,0.06691,0.05899,0.05901,3804403.33117793,-0.1090140419749358
2019-07-15 00:00:00+00:00,0.059,0.0603,0.05421,0.05904,2795385.60174616,0.0005083884087442314
2019-07-16 00:00:00+00:00,0.05916,0.06082,0.0498,0.05235,9028728.25878192,-0.11331300813008127
2019-07-17 00:00:00+00:00,0.05278,0.05796,0.05018,0.0549,2018889.78746962,0.04871060171919761
2019-07-18 00:00:00+00:00,0.0549,0.05999,0.05346,0.05905,3175662.42877559,0.07559198542805112
2019-07-19 00:00:00+00:00,0.0585,0.06096,0.05657,0.06,2623682.06978302,0.01608806096528359
2019-07-20 00:00:00+00:00,0.0599,0.0652,0.0599,0.0629,2608524.59510279,0.04833333333333334
2019-07-21 00:00:00+00:00,0.06234,0.06383,0.05917,0.06085,2262582.63314838,-0.03259141494435602
2019-07-22 00:00:00+00:00,0.06138,0.06267,0.05803,0.05949,1267385.75770608,-0.022350041084634342
2019-07-23 00:00:00+00:00,0.05949,0.05949,0.05545,0.056,1408861.86391223,-0.058665321902840795
2019-07-24 00:00:00+00:00,0.05546,0.059,0.054,0.05892,867858.23618811,0.052142857142857046
2019-07-25 00:00:00+00:00,0.059,0.0604,0.05833,0.05883,348019.32884203,-0.0015274949083503575
2019-07-26 00:00:00+00:00,0.058,0.063,0.05659,0.0622,1910768.88268065,0.057283698793132665
2019-07-27 00:00:00+00:00,0.06291,0.06384,0.057,0.05962,1610307.91260058,-0.04147909967845653
2019-07-28 00:00:00+00:00,0.06,0.06,0.05639,0.05821,880493.08403686,-0.023649781952365
2019-07-29 00:00:00+00:00,0.05903,0.062,0.058,0.0598,1348883.88194445,0.027314894348050123
2019-07-30 00:00:00+00:00,0.05979,0.06174,0.05801,0.06,1325716.11139187,0.0033444816053511683
2019-07-31 00:00:00+00:00,0.06,0.06095,0.05929,0.05988,1205497.66066255,-0.0019999999999998908
2019-08-01 00:00:00+00:00,0.06001,0.06001,0.05801,0.05873,438158.53285081,-0.019205076820307365
2019-08-02 00:00:00+00:00,0.05864,0.05899,0.05631,0.05751,1306971.15051572,-0.02077302911629486
2019-08-03 00:00:00+00:00,0.057,0.05812,0.057,0.05755,857067.01737692,0.0006955312119631962
2019-08-04 00:00:00+00:00,0.05772,0.05835,0.05622,0.05631,800753.17045066,-0.021546481320590782
2019-08-05 00:00:00+00:00,0.057,0.059,0.05631,0.0565,2818178.8425107,0.003374178653880344
2019-08-06 00:00:00+00:00,0.05635,0.0565,0.05283,0.05316,1594426.46889112,-0.059115044247787685
2019-08-07 00:00:00+00:00,0.0532,0.05416,0.05142,0.0518,903644.85706351,-0.02558314522197136
2019-08-08 00:00:00+00:00,0.05184,0.053,0.05032,0.05227,1754417.9905375,0.009073359073358933
2019-08-09 00:00:00+00:00,0.05215,0.05224,0.04724,0.04769,3783532.06390702,-0.08762196288502
2019-08-10 00:00:00+00:00,0.04777,0.05333,0.0465,0.05236,3719476.39346932,0.09792409310127903
2019-08-11 00:00:00+00:00,0.05292,0.05573,0.05185,0.05507,1245835.87294514,0.051757066462948975
2019-08-12 00:00:00+00:00,0.05358,0.05451,0.05268,0.053,520756.89192668,-0.03758852369711285
2019-08-13 00:00:00+00:00,0.0527,0.0527,0.04994,0.05217,1290976.9045161,-0.015660377358490463
2019-08-14 00:00:00+00:00,0.05228,0.05356,0.04653,0.04692,2228219.67729683,-0.10063254744105798
2019-08-15 00:00:00+00:00,0.047,0.04799,0.04471,0.04763,1483857.57105259,0.015132139812446654
2019-08-16 00:00:00+00:00,0.04704,0.04781,0.04443,0.04665,1763407.90610035,-0.020575267688431653
2019-08-17 00:00:00+00:00,0.04701,0.04781,0.04665,0.04742,527594.49917842,0.016505894962486556
2019-08-18 00:00:00+00:00,0.04743,0.05118,0.0469,0.05103,1253812.3246744,0.07612821594264019
2019-08-19 00:00:00+00:00,0.05006,0.05083,0.04952,0.05049,1269480.96690217,-0.010582010582010581
2019-08-20 00:00:00+00:00,0.05029,0.05029,0.04898,0.04932,482439.31776967,-0.02317290552584661
2019-08-21 00:00:00+00:00,0.04903,0.04904,0.046,0.04684,1082810.21848865,-0.05028386050283862
2019-08-22 00:00:00+00:00,0.048,0.05101,0.04676,0.04945,974323.17639997,0.05572160546541416
2019-08-23 00:00:00+00:00,0.04975,0.05007,0.049,0.04997,557972.85452685,0.010515672396359976
2019-08-24 00:00:00+00:00,0.05006,0.05103,0.04825,0.05019,884634.47162127,0.0044026415849509615
2019-08-25 00:00:00+00:00,0.05048,0.05272,0.04848,0.04942,553770.52938861,-0.015341701534170138
2019-08-26 00:00:00+00:00,0.04943,0.05092,0.04893,0.04977,775564.06301371,0.007082152974504208
2019-08-27 00:00:00+00:00,0.049,0.04954,0.0482,0.04954,309358.41180589,-0.004621257785814792
2019-08-28 00:00:00+00:00,0.05,0.05001,0.04495,0.04583,2157659.18277805,-0.07488897860314891
2019-08-29 00:00:00+00:00,0.04501,0.0452,0.043,0.04453,3601755.83983664,-0.028365699323587235
2019-08-30 00:00:00+00:00,0.04441,0.0458,0.04415,0.04489,914912.33180818,0.008084437457893445
2019-08-31 00:00:00+00:00,0.04488,0.04555,0.044,0.0448,822371.2688678,-0.002004900868790349
2019-09-01 00:00:00+00:00,0.04479,0.04523,0.04382,0.04493,1008119.66849568,0.0029017857142856762
2019-09-02 00:00:00+00:00,0.04428,0.0462,0.04347,0.04541,1337292.37181075,0.01068328511017147
2019-09-03 00:00:00+00:00,0.0454,0.04745,0.04467,0.0464,1146227.32610724,0.02180136533803112
2019-09-04 00:00:00+00:00,0.04632,0.0469,0.04519,0.04544,2224650.66385281,-0.020689655172413723
2019-09-05 00:00:00+00:00,0.04526,0.04557,0.044,0.04441,1460266.02468942,-0.022667253521126862
2019-09-06 00:00:00+00:00,0.04469,0.04489,0.04346,0.04445,3685578.35796899,0.0009006980409818066
2019-09-07 00:00:00+00:00,0.04444,0.04665,0.044,0.04554,1183011.97127045,0.024521934758155117
2019-09-08 00:00:00+00:00,0.04614,0.04759,0.04602,0.04661,381823.72748816,0.023495827843653894
2019-09-09 00:00:00+00:00,0.04661,0.04707,0.0454,0.04706,1125534.2996731,0.009654580562111104
2019-09-10 00:00:00+00:00,0.04706,0.04844,0.04566,0.04636,1045290.57064879,-0.01487462813429663
2019-09-11 00:00:00+00:00,0.04685,0.04685,0.0446,0.04484,191866.57890187,-0.032786885245901676
2019-09-12 00:00:00+00:00,0.04517,0.04651,0.04451,0.04533,539369.20878659,0.010927743086529995
2019-09-13 00:00:00+00:00,0.04541,0.04556,0.04499,0.04546,1775064.32862922,0.002867857930730189
2019-09-14 00:00:00+00:00,0.04581,0.04722,0.04494,0.04651,230203.63299215,0.023097228332600084
2019-09-15 00:00:00+00:00,0.04653,0.0468,0.04626,0.0467,489368.53636514,0.004085142980004175
2019-09-16 00:00:00+00:00,0.04678,0.04761,0.04585,0.04697,1768120.30058494,0.005781584582441157
2019-09-17 00:00:00+00:00,0.04708,0.05073,0.04704,0.04883,2009335.77188188,0.03959974451777737
2019-09-18 00:00:00+00:00,0.04889,0.05561,0.04889,0.05382,3500821.56885135,0.1021912758550072
2019-09-19 00:00:00+00:00,0.05275,0.05474,0.04951,0.05276,1802689.03410994,-0.019695280564845707
2019-09-20 00:00:00+00:00,0.05233,0.05233,0.05029,0.05233,487258.57859814,-0.00815011372251706
2019-09-21 00:00:00+00:00,0.0525,0.05315,0.05124,0.05181,808760.76219858,-0.009936938658513306
2019-09-22 00:00:00+00:00,0.05176,0.05182,0.04772,0.04903,1268123.4917352,-0.05365759505886902
2019-09-23 00:00:00+00:00,0.04903,0.04971,0.04599,0.046,1177353.55726715,-0.06179889863348964
2019-09-24 00:00:00+00:00,0.04596,0.04645,0.03613,0.0375,4770742.34472684,-0.18478260869565222
2019-09-25 00:00:00+00:00,0.03755,0.04036,0.03642,0.03924,2206243.82901814,0.0464
2019-09-26 00:00:00+00:00,0.03931,0.03996,0.0351,0.03784,3359349.93099691,-0.03567787971457692
2019-09-27 00:00:00+00:00,0.03809,0.03993,0.037,0.0393,2167677.54060647,0.03858350951374212
2019-09-28 00:00:00+00:00,0.03953,0.03968,0.03821,0.03833,480146.25979693,-0.024681933842239157
2019-09-29 00:00:00+00:00,0.03867,0.03875,0.03617,0.03729,2968784.49610288,-0.027132794156013773
2019-09-30 00:00:00+00:00,0.03728,0.03998,0.03599,0.03869,5375429.22880765,0.03754357736658642
2019-10-01 00:00:00+00:00,0.039,0.03987,0.03799,0.0385,1816915.7892285,-0.004910829671749828
2019-10-02 00:00:00+00:00,0.03844,0.03949,0.03783,0.03948,899648.43277192,0.025454545454545396
2019-10-03 00:00:00+00:00,0.03959,0.03988,0.0376,0.03846,1924366.55684492,-0.02583586626139822
2019-10-04 00:00:00+00:00,0.03814,0.04017,0.03752,0.03937,1331470.33879051,0.023660946437857433
2019-10-05 00:00:00+00:00,0.03938,0.03975,0.03883,0.03949,1322917.95127278,0.003048006096012079
2019-10-06 00:00:00+00:00,0.03952,0.03999,0.03817,0.03877,997115.45768313,-0.018232463914915176
2019-10-07 00:00:00+00:00,0.03836,0.04185,0.03812,0.0415,4392246.0287117,0.0704152695383029
2019-10-08 00:00:00+00:00,0.04147,0.04204,0.04043,0.0412,1417660.55568543,-0.0072289156626506035
2019-10-09 00:00:00+00:00,0.04126,0.04356,0.04068,0.04268,1398425.71798984,0.03592233009708745
2019-10-10 00:00:00+00:00,0.04264,0.04264,0.04085,0.04151,591907.07835342,-0.027413308341143527
2019-10-11 00:00:00+00:00,0.0415,0.04248,0.03999,0.04,928822.78460736,-0.03637677668031791
2019-10-12 00:00:00+00:00,0.04034,0.04101,0.04025,0.04029,428528.34769729,0.007249999999999979
2019-10-13 00:00:00+00:00,0.0405,0.04177,0.04047,0.04126,791635.8518692,0.024075452965996558
2019-10-14 00:00:00+00:00,0.0409,0.04205,0.04082,0.04157,1472449.61287862,0.007513330101793558
2019-10-15 00:00:00+00:00,0.04182,0.04183,0.03916,0.03963,1216662.02528964,-0.046668270387298594
2019-10-16 00:00:00+00:00,0.03972,0.03972,0.03753,0.0382,2390349.41654056,-0.03608377491799142
2019-10-17 00:00:00+00:00,0.0383,0.03937,0.03791,0.03924,1300496.13650254,0.027225130890052407
2019-10-18 00:00:00+00:00,0.03936,0.03943,0.0375,0.0382,1519632.93853135,-0.02650356778797147
2019-10-19 00:00:00+00:00,0.0381,0.03949,0.03783,0.03903,958418.36152192,0.021727748691099613
2019-10-20 00:00:00+00:00,0.03903,0.03953,0.03831,0.03939,432219.67001225,0.009223674096848544
2019-10-21 00:00:00+00:00,0.0391,0.03937,0.03863,0.03928,842007.66094134,-0.002792586951002818
2019-10-22 00:00:00+00:00,0.03911,0.03998,0.0386,0.0386,615336.55133775,-0.01731160896130346
2019-10-23 00:00:00+00:00,0.03874,0.03874,0.0353,0.03626,1559049.85604045,-0.060621761658031126
2019-10-24 00:00:00+00:00,0.03653,0.03801,0.036,0.03766,1505808.34801413,0.03861003861003853
2019-10-25 00:00:00+00:00,0.0375,0.042,0.0374,0.04113,4022146.04411332,0.09214020180562943
2019-10-26 00:00:00+00:00,0.04113,0.0435,0.0394,0.04077,4204146.93917551,-0.008752735229759279
2019-10-27 00:00:00+00:00,0.04084,0.0437,0.03979,0.04237,1432263.44396557,0.03924454255580079
2019-10-28 00:00:00+00:00,0.04264,0.04461,0.04201,0.04239,2274239.17797481,0.0004720320981825843
2019-10-29 00:00:00+00:00,0.04243,0.04359,0.04237,0.04329,1161106.80705582,0.021231422505308073
2019-10-30 00:00:00+00:00,0.04359,0.04431,0.04122,0.04182,1883055.06456886,-0.03395703395703398
2019-10-31 00:00:00+00:00,0.0421,0.04226,0.0401,0.04119,888335.55477537,-0.015064562410330162
2019-11-01 00:00:00+00:00,0.04151,0.04248,0.04079,0.04209,302760.94441072,0.021849963583394194
2019-11-02 00:00:00+00:00,0.04223,0.04301,0.04201,0.04236,281354.5186344,0.006414825374198241
2019-11-03 00:00:00+00:00,0.04251,0.04259,0.04139,0.04168,260552.84677406,-0.016052880075542952
2019-11-04 00:00:00+00:00,0.04162,0.04362,0.04137,0.04332,836699.31415287,0.039347408829174535
2019-11-05 00:00:00+00:00,0.04352,0.04465,0.04305,0.04419,1408400.38850943,0.020083102493074767
2019-11-06 00:00:00+00:00,0.04408,0.046,0.04372,0.04455,822137.28864677,0.008146639511201537
2019-11-07 00:00:00+00:00,0.04485,0.04496,0.04246,0.04334,995745.28739861,-0.02716049382716057
2019-11-08 00:00:00+00:00,0.04319,0.04362,0.04061,0.04213,2352426.44143644,-0.027918781725888242
2019-11-09 00:00:00+00:00,0.04212,0.04263,0.0419,0.04222,342046.92682409,0.002136244956088218
2019-11-10 00:00:00+00:00,0.04242,0.0443,0.04242,0.04396,1381046.33809639,0.04121269540502137
2019-11-11 00:00:00+00:00,0.04404,0.04404,0.0425,0.04316,957948.91432678,-0.018198362147406777
2019-11-12 00:00:00+00:00,0.04318,0.04454,0.043,0.04358,699941.02111304,0.009731232622798958
2019-11-13 00:00:00+00:00,0.04351,0.0439,0.04314,0.04321,561797.71446032,-0.008490133088572827
2019-11-14 00:00:00+00:00,0.04335,0.04336,0.04188,0.04271,1097320.4073079,-0.01157139551029851
2019-11-15 00:00:00+00:00,0.04242,0.04444,0.04178,0.04392,932565.56365552,0.02833060173261548
2019-11-16 00:00:00+00:00,0.0443,0.04449,0.04332,0.04391,722359.68209976,-0.00022768670309658567
2019-11-17 00:00:00+00:00,0.04391,0.04577,0.04308,0.04519,604102.31708296,0.02915053518560695
2019-11-18 00:00:00+00:00,0.04458,0.046,0.04277,0.04317,1316038.95441417,-0.0447001549015269
2019-11-19 00:00:00+00:00,0.0431,0.04331,0.04111,0.04201,1147108.92438145,-0.026870511929580787
2019-11-20 00:00:00+00:00,0.04213,0.04229,0.04025,0.04115,1118612.59337537,-0.02047131635324917
2019-11-21 00:00:00+00:00,0.04095,0.04095,0.03737,0.03839,3090983.55873296,-0.06707168894289184
2019-11-22 00:00:00+00:00,0.0384,0.03897,0.03443,0.03699,3466986.21426662,-0.03646783016410515
2019-11-23 00:00:00+00:00,0.03721,0.03836,0.03664,0.03802,738371.80442347,0.0278453636117868
2019-11-24 00:00:00+00:00,0.03815,0.03882,0.03501,0.03581,748802.28173812,-0.05812730142030498
2019-11-25 00:00:00+00:00,0.035,0.03764,0.03306,0.036,1919196.55885391,0.005305780508237712
2019-11-26 00:00:00+00:00,0.036,0.03705,0.03546,0.03653,719527.87535303,0.014722222222222303
2019-11-27 00:00:00+00:00,0.03684,0.03994,0.03581,0.03865,2174808.65098123,0.05803449219819323
2019-11-28 00:00:00+00:00,0.0394,0.0398,0.03842,0.039,725772.55468863,0.00905562742561461
2019-11-29 00:00:00+00:00,0.03987,0.042,0.03961,0.04131,1432115.3086583,0.0592307692307692
2019-11-30 00:00:00+00:00,0.04119,0.04199,0.03949,0.04036,1020575.50496898,-0.022996853062212552
2019-12-01 00:00:00+00:00,0.04033,0.04033,0.0385,0.03919,1791385.21238784,-0.028989098116947387
2019-12-02 00:00:00+00:00,0.03944,0.03947,0.0375,0.03806,2020720.6458457,-0.028833886195458125
2019-12-03 00:00:00+00:00,0.03845,0.03861,0.03745,0.03774,664167.09140214,-0.008407777193904176
2019-12-04 00:00:00+00:00,0.03773,0.03873,0.03642,0.03721,1093371.81016645,-0.014043455219925893
2019-12-05 00:00:00+00:00,0.03791,0.03801,0.03688,0.03764,358526.54422456,0.011556033324375159
2019-12-06 00:00:00+00:00,0.03779,0.03843,0.03715,0.03843,141764.18290683,0.02098831030818271
2019-12-07 00:00:00+00:00,0.03825,0.0391,0.03821,0.03872,33573.81387065,0.007546187874056587
2019-12-08 00:00:00+00:00,0.03825,0.03825,0.03801,0.03817,109958.0456808,-0.014204545454545303
2019-12-09 00:00:00+00:00,0.03733,0.0374,0.03718,0.0373,51837.61360438,-0.022792769190463802
2019-12-10 00:00:00+00:00,0.03712,0.03732,0.03601,0.03643,321404.99505732,-0.023324396782841927
2019-12-11 00:00:00+00:00,0.03662,0.03679,0.03601,0.03622,197263.99306257,-0.00576447982432049
2019-12-12 00:00:00+00:00,0.03667,0.03782,0.036,0.03647,3016234.14174217,0.006902263942573095
2019-12-13 00:00:00+00:00,0.03643,0.03762,0.03643,0.03707,352197.6302324,0.016451878256100727
2019-12-14 00:00:00+00:00,0.03734,0.03734,0.03599,0.03623,226196.91708532,-0.022659832748853526
2019-12-15 00:00:00+00:00,0.03601,0.03672,0.0357,0.03641,405338.39393117,0.0049682583494341515
2019-12-16 00:00:00+00:00,0.03655,0.03655,0.03333,0.03399,1054955.95481015,-0.06646525679758308
2019-12-17 00:00:00+00:00,0.0338,0.03414,0.03139,0.03147,1336185.70692471,-0.07413945278022949
2019-12-18 00:00:00+00:00,0.03173,0.03454,0.03062,0.03423,1214586.29508957,0.08770257387988556
2019-12-19 00:00:00+00:00,0.03404,0.03408,0.033,0.033,410530.10408235,-0.035933391761612477
2019-12-20 00:00:00+00:00,0.03277,0.03387,0.0327,0.03383,291250.91834235,0.025151515151515147
2019-12-21 00:00:00+00:00,0.03373,0.03373,0.03286,0.03314,181331.89473532,-0.020396098137747454
2019-12-22 00:00:00+00:00,0.03311,0.03464,0.03301,0.03428,627564.50598792,0.03439951719975842
2019-12-23 00:00:00+00:00,0.03447,0.03447,0.033,0.03317,598129.59428748,-0.03238039673278881
2019-12-24 00:00:00+00:00,0.033,0.03457,0.03289,0.03412,225163.70159243,0.02864033765450702
2019-12-25 00:00:00+00:00,0.03399,0.03399,0.03292,0.0335,161485.3408455,-0.01817116060961299
2019-12-26 00:00:00+00:00,0.0335,0.035,0.03327,0.03389,555410.53122169,0.01164179104477614
2019-12-27 00:00:00+00:00,0.03401,0.03428,0.0318,0.03306,707679.74188824,-0.02449100029507245
2019-12-28 00:00:00+00:00,0.03308,0.034,0.03306,0.03353,542702.42679615,0.014216575922564978
2019-12-29 00:00:00+00:00,0.03328,0.03423,0.03328,0.03419,117492.84590283,0.019683865195347483
2019-12-30 00:00:00+00:00,0.03415,0.03418,0.03319,0.0334,596439.05171439,-0.023106171395144703
2019-12-31 00:00:00+00:00,0.03324,0.03341,0.03228,0.0326,721900.35188245,-0.02395209580838331
2020-01-01 00:00:00+00:00,0.03263,0.03372,0.0326,0.0335,1335856.79976928,0.027607361963190247
2020-01-02 00:00:00+00:00,0.0335,0.0335,0.03218,0.03277,2823321.83885365,-0.021791044776119484
2020-01-03 00:00:00+00:00,0.03293,0.03434,0.03293,0.03395,786045.91216557,0.03600854440036616
2020-01-04 00:00:00+00:00,0.03395,0.03449,0.03385,0.03438,517000.85235306,0.01266568483063324
2020-01-05 00:00:00+00:00,0.0346,0.03517,0.03439,0.03462,178048.30496415,0.00698080279232105
2020-01-06 00:00:00+00:00,0.03469,0.03731,0.0346,0.03727,967397.38436151,0.07654534950895431
2020-01-07 00:00:00+00:00,0.03749,0.038,0.03646,0.03698,1123433.30231105,-0.00778105715052313
2020-01-08 00:00:00+00:00,0.03698,0.03864,0.03583,0.03623,3504874.04146943,-0.02028123309897245
2020-01-09 00:00:00+00:00,0.0361,0.03659,0.03554,0.03614,1428934.85874282,-0.0024841291747170757
2020-01-10 00:00:00+00:00,0.03637,0.03721,0.0348,0.03679,2445798.16644051,0.017985611510791477
2020-01-11 00:00:00+00:00,0.03675,0.03774,0.03647,0.03691,781360.57124903,0.0032617559119325623
2020-01-12 00:00:00+00:00,0.03673,0.03785,0.03662,0.03785,425211.57818391,0.02546735302086156
2020-01-13 00:00:00+00:00,0.03773,0.03783,0.0368,0.03698,207113.47926213,-0.022985468956406963
2020-01-14 00:00:00+00:00,0.0373,0.04262,0.03709,0.0416,4013864.2067581,0.12493239588966998
2020-01-15 00:00:00+00:00,0.0421,0.043,0.04011,0.04247,3663212.52857411,0.02091346153846163
2020-01-16 00:00:00+00:00,0.0429,0.04321,0.04019,0.04145,2068303.00165201,-0.02401695314339536
2020-01-17 00:00:00+00:00,0.04175,0.04616,0.04114,0.04524,3736774.21642537,0.09143546441495776
2020-01-18 00:00:00+00:00,0.04519,0.04571,0.04303,0.0449,2922192.75048079,-0.0075154730327143815
2020-01-19 00:00:00+00:00,0.045,0.04596,0.0414,0.04216,2491533.81987459,-0.06102449888641426
2020-01-20 00:00:00+00:00,0.04216,0.0444,0.04189,0.044,821461.5783039,0.04364326375711558
2020-01-21 00:00:00+00:00,0.04387,0.04675,0.04387,0.046,2348258.81207059,0.045454545454545414
2020-01-22 00:00:00+00:00,0.04601,0.04635,0.0452,0.0455,1338893.44859531,-0.010869565217391353
2020-01-23 00:00:00+00:00,0.0453,0.0453,0.0423,0.04326,1760204.40330972,-0.04923076923076919
2020-01-24 00:00:00+00:00,0.04294,0.04537,0.04131,0.04498,1059671.5160802,0.03975959315765132
2020-01-25 00:00:00+00:00,0.04501,0.04501,0.04287,0.04363,353089.5072284,-0.03001333926189409
2020-01-26 00:00:00+00:00,0.043,0.04499,0.04291,0.0446,1010329.00189094,0.022232408892963518
2020-01-27 00:00:00+00:00,0.04464,0.04884,0.04385,0.04749,3263503.86494728,0.0647982062780268
2020-01-28 00:00:00+00:00,0.04799,0.0545,0.04745,0.0528,8231340.04726051,0.11181301326595072
2020-01-29 00:00:00+00:00,0.05294,0.05759,0.05242,0.05333,4438190.27242422,0.010037878787878762
2020-01-30 00:00:00+00:00,0.05317,0.057,0.052,0.05597,4152403.52651149,0.04950309394337138
2020-01-31 00:00:00+00:00,0.05597,0.05638,0.05232,0.05416,4170317.13632018,-0.032338752903341095
2020-02-01 00:00:00+00:00,0.0537,0.05701,0.0534,0.05611,1979741.3108193,0.036004431314623275
2020-02-02 00:00:00+00:00,0.0557,0.05911,0.055,0.05566,3069915.70496179,-0.008019960791302738
2020-02-03 00:00:00+00:00,0.0554,0.05775,0.05471,0.057,1815807.197839,0.024074739489759356
2020-02-04 00:00:00+00:00,0.057,0.05829,0.05393,0.0559,2740674.98393127,-0.019298245614035148
2020-02-05 00:00:00+00:00,0.05572,0.05997,0.05572,0.05967,1301963.77295755,0.06744186046511635
2020-02-06 00:00:00+00:00,0.05854,0.06086,0.058,0.06006,3306405.09041916,0.006535947712418277
2020-02-07 00:00:00+00:00,0.06013,0.06228,0.05951,0.05978,4227666.13347578,-0.004662004662004726
2020-02-08 00:00:00+00:00,0.05959,0.06132,0.0567,0.06036,6365688.39952927,0.00970224155235866
2020-02-09 00:00:00+00:00,0.06016,0.0626,0.06016,0.06242,5038864.50850226,0.03412856196156411
2020-02-10 00:00:00+00:00,0.06218,0.0623,0.05852,0.06042,2384792.74462727,-0.03204101249599489
2020-02-11 00:00:00+00:00,0.05994,0.06365,0.05875,0.06365,3007846.65453916,0.05345911949685522
2020-02-12 00:00:00+00:00,0.06396,0.07042,0.06384,0.068,5984576.75495505,0.06834249803613512
2020-02-13 00:00:00+00:00,0.06842,0.07231,0.06559,0.06912,4799766.68414411,0.016470588235294015
2020-02-14 00:00:00+00:00,0.06876,0.07131,0.06727,0.07087,2422889.02801707,0.02531828703703698
2020-02-15 00:00:00+00:00,0.07125,0.0749,0.06138,0.06516,5559963.41975083,-0.0805700578524059
2020-02-16 00:00:00+00:00,0.0635,0.06718,0.0558,0.063,6008714.44041588,-0.03314917127071815
2020-02-17 00:00:00+00:00,0.06282,0.06282,0.05586,0.06015,3158509.06874198,-0.04523809523809519
2020-02-18 00:00:00+00:00,0.06017,0.064,0.058,0.06304,3727596.52977878,0.048046550290939294
2020-02-19 00:00:00+00:00,0.06235,0.06336,0.05608,0.05727,2662135.95117702,-0.09152918781725883
2020-02-20 00:00:00+00:00,0.0573,0.05899,0.05515,0.05855,1310416.56982124,0.02235027064780848
2020-02-21 00:00:00+00:00,0.05798,0.05999,0.05684,0.05903,2047634.39449657,0.00819812126387709
2020-02-22 00:00:00+00:00,0.05861,0.05879,0.05706,0.05845,935399.40483581,-0.009825512451295926
2020-02-23 00:00:00+00:00,0.05881,0.06248,0.0583,0.06168,1088319.11011391,0.05526090675791262
2020-02-24 00:00:00+00:00,0.06194,0.06194,0.0571,0.05883,1087167.33670994,-0.0462062256809338
2020-02-25 00:00:00+00:00,0.05902,0.05915,0.056,0.05652,1570323.49904961,-0.03926568077511472
2020-02-26 00:00:00+00:00,0.056,0.05669,0.0463,0.04942,5569678.79274808,-0.1256192498230715
2020-02-27 00:00:00+00:00,0.04942,0.05219,0.0464,0.04995,2816329.41781942,0.010724403075677902
2020-02-28 00:00:00+00:00,0.05,0.05119,0.04658,0.04892,3088182.60012582,-0.020620620620620644
2020-02-29 00:00:00+00:00,0.04937,0.04977,0.04719,0.04719,838382.14481577,-0.03536385936222397
2020-03-01 00:00:00+00:00,0.04762,0.0481,0.045,0.04593,7729602.89592593,-0.026700572155117674
2020-03-02 00:00:00+00:00,0.04553,0.04993,0.04529,0.04913,1547853.84710197,0.06967123884171578
2020-03-03 00:00:00+00:00,0.04911,0.04964,0.04762,0.04877,1008801.51565101,-0.007327498473437832
2020-03-04 00:00:00+00:00,0.04881,0.0506,0.04806,0.04888,3787116.79453599,0.0022554849292597545
2020-03-05 00:00:00+00:00,0.04937,0.07,0.04937,0.05109,2887229.65842311,0.04521276595744683
2020-03-06 00:00:00+00:00,0.051,0.0517,0.05011,0.0517,1468887.31688758,0.011939714229790566
2020-03-07 00:00:00+00:00,0.05184,0.05189,0.04822,0.0489,972279.18221528,-0.05415860735009681
2020-03-08 00:00:00+00:00,0.04875,0.04891,0.04245,0.04245,3304011.41369956,-0.13190184049079745
2020-03-09 00:00:00+00:00,0.04308,0.044,0.03901,0.04182,3887501.65510154,-0.014840989399293236
2020-03-10 00:00:00+00:00,0.04159,0.04313,0.04033,0.04144,4186685.10212221,-0.009086561453850006
2020-03-11 00:00:00+00:00,0.04151,0.04168,0.0375,0.03972,5061883.61975258,-0.04150579150579148
2020-03-12 00:00:00+00:00,0.03949,0.03949,0.02274,0.02274,11210134.59775413,-0.4274924471299093
2020-03-13 00:00:00+00:00,0.0237,0.0295,0.00103,0.02859,12296872.24200624,0.25725593667546187
2020-03-14 00:00:00+00:00,0.02862,0.02932,0.02517,0.02568,1917782.58561852,-0.10178384050367262
2020-03-15 00:00:00+00:00,0.02552,0.02945,0.02551,0.0267,3821650.87239308,0.03971962616822422
2020-03-16 00:00:00+00:00,0.0265,0.02684,0.0215,0.0241,5104938.68918741,-0.09737827715355807
2020-03-17 00:00:00+00:00,0.0243,0.02664,0.0241,0.0259,3008818.89708298,0.07468879668049788
2020-03-18 00:00:00+00:00,0.02589,0.02652,0.0245,0.0262,2447824.99084181,0.01158301158301156
2020-03-19 00:00:00+00:00,0.02622,0.03201,0.02607,0.03057,8532500.10469389,0.166793893129771
2020-03-20 00:00:00+00:00,0.03053,0.034,0.02653,0.0293,8855015.34088549,-0.04154399738305525
2020-03-21 00:00:00+00:00,0.02947,0.03046,0.028,0.02962,2608141.88368374,0.01092150170648476
2020-03-22 00:00:00+00:00,0.02946,0.03049,0.02678,0.02716,4736189.34785449,-0.08305199189736667
2020-03-23 00:00:00+00:00,0.02693,0.03,0.02674,0.02934,1223503.34882266,0.08026509572901341
2020-03-24 00:00:00+00:00,0.02972,0.0305,0.02886,0.03043,4290550.09629733,0.03715064758009534
2020-03-25 00:00:00+00:00,0.03026,0.03049,0.0289,0.02903,2398059.57238048,-0.046007229707525465
2020-03-26 00:00:00+00:00,0.02962,0.03103,0.02933,0.03103,1663651.74601213,0.06889424733034777
2020-03-27 00:00:00+00:00,0.03106,0.0315,0.0287,0.02877,3665184.08390036,-0.07283274250725102
2020-03-28 00:00:00+00:00,0.02879,0.03033,0.02795,0.0299,1220900.28746634,0.039277024678484596
2020-03-29 00:00:00+00:00,0.02989,0.02989,0.0282,0.02843,1474561.63912683,-0.0491638795986622
2020-03-30 00:00:00+00:00,0.0281,0.03059,0.02802,0.02984,1863758.50818006,0.04959549771368277
2020-03-31 00:00:00+00:00,0.02991,0.03098,0.02957,0.03048,2116616.39151651,0.02144772117962468
2020-04-01 00:00:00+00:00,0.03051,0.03108,0.02956,0.03108,2106463.09173825,0.019685039370078705
2020-04-02 00:00:00+00:00,0.0312,0.03372,0.0288,0.03192,3025527.73345688,0.027027027027026973
2020-04-03 00:00:00+00:00,0.03192,0.03269,0.0317,0.0324,2290261.56967838,0.015037593984962516
2020-04-04 00:00:00+00:00,0.03231,0.0326,0.03191,0.03229,729782.46494411,-0.003395061728394988
2020-04-05 00:00:00+00:00,0.03252,0.03256,0.03165,0.032,1048177.82598031,-0.008981108702384555
2020-04-06 00:00:00+00:00,0.03232,0.0361,0.03225,0.03593,2869191.48580879,0.12281249999999977
2020-04-07 00:00:00+00:00,0.03593,0.03698,0.03451,0.0351,2607206.26739264,-0.023100473142220967
2020-04-08 00:00:00+00:00,0.03533,0.04,0.03533,0.03657,3228311.54845665,0.041880341880341954
2020-04-09 00:00:00+00:00,0.03654,0.03656,0.03528,0.03619,1763307.09245597,-0.010391030899644438
2020-04-10 00:00:00+00:00,0.03615,0.03615,0.03229,0.03334,3038345.12422983,-0.07875103619784463
2020-04-11 00:00:00+00:00,0.03341,0.0342,0.03276,0.03328,601444.14082802,-0.001799640071985742
2020-04-12 00:00:00+00:00,0.03355,0.03499,0.03316,0.0337,1169309.89436747,0.012620192307692513
2020-04-13 00:00:00+00:00,0.0335,0.0335,0.032,0.03312,3083867.35857355,-0.01721068249258173
2020-04-14 00:00:00+00:00,0.03336,0.03376,0.03272,0.03313,920389.926716,0.0003019323671498153
2020-04-15 00:00:00+00:00,0.03277,0.03366,0.0319,0.0319,992135.49173522,-0.037126471476003675
2020-04-16 00:00:00+00:00,0.0319,0.035,0.03099,0.03445,3716709.45862266,0.07993730407523514
2020-04-17 00:00:00+00:00,0.03434,0.035,0.03417,0.03447,1528813.00555424,0.0005805515239476478
2020-04-18 00:00:00+00:00,0.03469,0.03692,0.03469,0.03667,2089756.16750109,0.0638236147374529
2020-04-19 00:00:00+00:00,0.03635,0.03683,0.03521,0.03562,1967607.75786823,-0.028633760567221223
2020-04-20 00:00:00+00:00,0.0358,0.03662,0.03394,0.03405,4591406.30412708,-0.044076361594609814
2020-04-21 00:00:00+00:00,0.03459,0.03506,0.03385,0.0349,821210.08188182,0.02496328928047009
2020-04-22 00:00:00+00:00,0.03452,0.0367,0.03157,0.03662,2921895.71919537,0.049283667621776495
2020-04-23 00:00:00+00:00,0.03672,0.04268,0.03656,0.04094,3746888.24464919,0.11796832332058971
2020-04-24 00:00:00+00:00,0.04099,0.04398,0.04099,0.0416,7949259.89527882,0.016121152906692693
2020-04-25 00:00:00+00:00,0.0415,0.04434,0.0407,0.04207,3816384.35441106,0.01129807692307705
2020-04-26 00:00:00+00:00,0.0423,0.04659,0.04188,0.04608,2622584.76736826,0.09531732826241979
2020-04-27 00:00:00+00:00,0.04604,0.04789,0.0443,0.04652,5249202.78675212,0.009548611111110938
2020-04-28 00:00:00+00:00,0.04646,0.04829,0.04602,0.04718,4043048.804495,0.014187446259673386
2020-04-29 00:00:00+00:00,0.04725,0.05228,0.04686,0.05159,5825718.09879117,0.09347181008902061
2020-04-30 00:00:00+00:00,0.05185,0.05444,0.0472,0.04743,10168316.10877322,-0.08063578212831934
2020-05-01 00:00:00+00:00,0.04802,0.0519,0.04765,0.05106,4653417.917265,0.0765338393421886
2020-05-02 00:00:00+00:00,0.05078,0.05149,0.04948,0.05087,2103465.15140322,-0.003721112416764649
2020-05-03 00:00:00+00:00,0.05139,0.05176,0.0478,0.04905,2889571.16134015,-0.03577747198741876
2020-05-04 00:00:00+00:00,0.049,0.05019,0.0456,0.04937,3928827.62610131,0.006523955147808236
2020-05-05 00:00:00+00:00,0.04995,0.0505,0.04878,0.04933,1196162.15788305,-0.0008102086287218313
2020-05-06 00:00:00+00:00,0.04942,0.05117,0.04876,0.04907,2157093.53308161,-0.0052706263936751485
2020-05-07 00:00:00+00:00,0.04887,0.05173,0.0484,0.05138,3956310.25568724,0.04707560627674745
2020-05-08 00:00:00+00:00,0.05127,0.054,0.051,0.052,3745976.52445782,0.012066952121448038
2020-05-09 00:00:00+00:00,0.05153,0.05314,0.05135,0.05151,1208404.03412651,-0.009423076923076867
2020-05-10 00:00:00+00:00,0.05136,0.05136,0.0425,0.04726,5951730.35236798,-0.0825082508250824
2020-05-11 00:00:00+00:00,0.0476,0.05012,0.04488,0.048,7169479.07043511,0.015658061785865263
2020-05-12 00:00:00+00:00,0.04852,0.05109,0.04842,0.0505,2518938.36268045,0.05208333333333348
2020-05-13 00:00:00+00:00,0.0504,0.05282,0.04976,0.05162,1606745.10254485,0.022178217821782198
2020-05-14 00:00:00+00:00,0.052,0.05207,0.0506,0.05127,2546807.45646093,-0.006780317706315264
2020-05-15 00:00:00+00:00,0.05115,0.05183,0.04951,0.05046,1653338.53138498,-0.015798712697484008
2020-05-16 00:00:00+00:00,0.05027,0.05134,0.04997,0.05109,1846101.60183075,0.012485136741974046
2020-05-17 00:00:00+00:00,0.051,0.05233,0.051,0.05128,1056078.97460415,0.003718927383049353
2020-05-18 00:00:00+00:00,0.0518,0.05498,0.0518,0.05436,2467577.57644324,0.06006240249609984
2020-05-19 00:00:00+00:00,0.05426,0.05709,0.0525,0.05684,1983841.39879164,0.045621780721118554
2020-05-20 00:00:00+00:00,0.0568,0.05765,0.054,0.05698,2370069.74971945,0.0024630541871921707
2020-05-21 00:00:00+00:00,0.05698,0.05745,0.0485,0.05228,4508652.77414635,-0.08248508248508257
2020-05-22 00:00:00+00:00,0.0521,0.05688,0.05136,0.05589,1412741.19064044,0.06905126243305282
2020-05-23 00:00:00+00:00,0.05592,0.05645,0.0542,0.05508,708390.67858019,-0.01449275362318847
2020-05-24 00:00:00+00:00,0.05507,0.05612,0.05136,0.05136,1895253.93994468,-0.06753812636165568
2020-05-25 00:00:00+00:00,0.05136,0.05427,0.051,0.05391,3761275.55383447,0.049649532710280386
2020-05-26 00:00:00+00:00,0.0538,0.05395,0.05189,0.05357,1534971.54631791,-0.006306807642366907
2020-05-27 00:00:00+00:00,0.05382,0.0559,0.0531,0.05512,2785030.40116431,0.028934104909464242
2020-05-28 00:00:00+00:00,0.05505,0.06758,0.0547,0.0647,7960940.58543977,0.1738026124818577
2020-05-29 00:00:00+00:00,0.06494,0.06624,0.06247,0.06483,3831542.9014954,0.0020092735703245435
2020-05-30 00:00:00+00:00,0.06476,0.07745,0.06335,0.077,9865223.65679155,0.18772173376523216
2020-05-31 00:00:00+00:00,0.076,0.08699,0.072,0.074,15813690.19707653,-0.038961038961038974
2020-06-01 00:00:00+00:00,0.07388,0.08397,0.07388,0.08135,7729798.24012301,0.09932432432432448
2020-06-02 00:00:00+00:00,0.0817,0.08288,0.0725,0.07876,7280714.51343101,-0.03183773816840818
2020-06-03 00:00:00+00:00,0.07876,0.08599,0.07741,0.0854,4763835.16026273,0.08430675469781623
2020-06-04 00:00:00+00:00,0.08572,0.09025,0.08418,0.08893,5113619.68106664,0.04133489461358297
2020-06-05 00:00:00+00:00,0.08893,0.08949,0.084,0.08535,3896494.22746869,-0.04025638142359156
2020-06-06 00:00:00+00:00,0.08491,0.08699,0.08491,0.08613,2244389.33586955,0.009138840070298748
2020-06-07 00:00:00+00:00,0.08611,0.08878,0.08279,0.08618,4630001.2791725,0.0005805178218971641
2020-06-08 00:00:00+00:00,0.08683,0.08709,0.0845,0.08644,3316276.01815717,0.003016941285681085
2020-06-09 00:00:00+00:00,0.08644,0.08693,0.0832,0.0832,2388010.50839556,-0.037482646922721075
2020-06-10 00:00:00+00:00,0.08308,0.08409,0.07951,0.08362,4037931.08811869,0.005048076923076961
2020-06-11 00:00:00+00:00,0.08362,0.085,0.07382,0.07544,9476973.35582173,-0.09782348720401823
2020-06-12 00:00:00+00:00,0.07508,0.08081,0.07508,0.07945,3134124.64107717,0.053154825026511254
2020-06-13 00:00:00+00:00,0.07938,0.07938,0.07731,0.07839,2126949.76515891,-0.013341724354940299
2020-06-14 00:00:00+00:00,0.07872,0.07872,0.07575,0.07667,1264660.88402333,-0.02194157418038012
2020-06-15 00:00:00+00:00,0.07621,0.0798,0.06933,0.07818,12276673.95977673,0.01969479587844014
2020-06-16 00:00:00+00:00,0.07775,0.07979,0.077,0.079,1901099.1021024,0.010488616014325824
2020-06-17 00:00:00+00:00,0.07935,0.08358,0.07752,0.08351,3307275.36959785,0.05708860759493661
2020-06-18 00:00:00+00:00,0.083,0.08421,0.08,0.08183,3210653.64316872,-0.02011735121542335
2020-06-19 00:00:00+00:00,0.08171,0.08171,0.07842,0.07999,2191255.789652,-0.022485640962971898
2020-06-20 00:00:00+00:00,0.07998,0.08087,0.07708,0.07937,2025900.17439029,-0.007750968871109043
2020-06-21 00:00:00+00:00,0.07984,0.08099,0.07812,0.07822,1211404.23747526,-0.014489101675696059
2020-06-22 00:00:00+00:00,0.07848,0.08435,0.07848,0.08435,2833496.87101236,0.07836870365635384
2020-06-23 00:00:00+00:00,0.08424,0.08452,0.08167,0.08288,1547326.19819297,-0.01742738589211612
2020-06-24 00:00:00+00:00,0.08291,0.08711,0.08,0.08241,4352207.80138202,-0.005670849420849389
2020-06-25 00:00:00+00:00,0.0823,0.083,0.07877,0.08173,1951988.47008004,-0.008251425797840106
2020-06-26 00:00:00+00:00,0.08138,0.08166,0.07908,0.0806,2274080.25696098,-0.013826012480117389
2020-06-27 00:00:00+00:00,0.0805,0.08089,0.07463,0.07762,3072561.45582988,-0.036972704714640314
2020-06-28 00:00:00+00:00,0.0768,0.081,0.07399,0.08046,3607392.82524224,0.03658850811646497
2020-06-29 00:00:00+00:00,0.0805,0.08434,0.08033,0.08367,2572249.69119979,0.03989560029828465
2020-06-30 00:00:00+00:00,0.08403,0.08478,0.08188,0.08357,2348865.83875232,-0.0011951715071111257
2020-07-01 00:00:00+00:00,0.0832,0.09683,0.08268,0.09683,8296692.47665161,0.15866937896374278
2020-07-02 00:00:00+00:00,0.09655,0.09655,0.08802,0.09302,5025985.13352692,-0.03934730971806255
2020-07-03 00:00:00+00:00,0.09278,0.10169,0.09245,0.09648,7668379.60826071,0.03719630187056544
2020-07-04 00:00:00+00:00,0.0964,0.101,0.09615,0.1,5526550.9770258,0.036484245439469376
2020-07-05 00:00:00+00:00,0.09992,0.1,0.0944,0.09838,5015615.07384174,-0.016200000000000103
2020-07-06 00:00:00+00:00,0.098,0.10603,0.09743,0.10516,6546546.14868217,0.06891644643220185
2020-07-07 00:00:00+00:00,0.10531,0.11898,0.103,0.11758,9438069.05407758,0.11810574362875625
2020-07-08 00:00:00+00:00,0.117,0.1376,0.11412,0.13024,16276578.94591636,0.10767137268242899
2020-07-09 00:00:00+00:00,0.13024,0.13024,0.11714,0.12453,10796057.79014462,-0.04384213759213751
2020-07-10 00:00:00+00:00,0.12303,0.12537,0.1111,0.11892,6708833.5734927,-0.04504938569019512
2020-07-11 00:00:00+00:00,0.11881,0.12723,0.11803,0.12504,3683993.5438515,0.051463168516650004
2020-07-12 00:00:00+00:00,0.12534,0.12821,0.1201,0.12691,2867003.84112867,0.01495521433141378
2020-07-13 00:00:00+00:00,0.127,0.13547,0.1219,0.12416,9647425.64736723,-0.021668899219919546
2020-07-14 00:00:00+00:00,0.12411,0.135,0.12104,0.1324,8252959.46238658,0.06636597938144306
2020-07-15 00:00:00+00:00,0.13253,0.13253,0.12788,0.13071,6263091.54493587,-0.012764350453172146
2020-07-16 00:00:00+00:00,0.12952,0.13316,0.11837,0.12604,5562285.66940318,-0.03572794736439433
2020-07-17 00:00:00+00:00,0.12617,0.1266,0.12,0.12231,3196969.96723625,-0.02959377975245958
2020-07-18 00:00:00+00:00,0.122,0.1247,0.11851,0.12259,2756052.09805746,0.002289264982421768
2020-07-19 00:00:00+00:00,0.12267,0.1245,0.12,0.1241,581073.9082458,0.012317481034342048
2020-07-20 00:00:00+00:00,0.12386,0.12549,0.1155,0.11833,1826523.25095688,-0.04649476228847704
2020-07-21 00:00:00+00:00,0.11707,0.12498,0.117,0.12307,1852875.25909209,0.040057466407504405
2020-07-22 00:00:00+00:00,0.12307,0.125,0.12091,0.1247,2549519.72758309,0.013244495002843859
2020-07-23 00:00:00+00:00,0.12468,0.12597,0.12399,0.1241,1679461.60863134,-0.004811547714514863
2020-07-24 00:00:00+00:00,0.12394,0.12401,0.12099,0.12232,2520684.4808243,-0.014343271555197434
2020-07-25 00:00:00+00:00,0.12265,0.14541,0.12265,0.14541,4235461.8252546,0.18876716808371485
2020-07-26 00:00:00+00:00,0.14301,0.15498,0.14191,0.14925,2156514.38355397,0.026408087476789577
2020-07-27 00:00:00+00:00,0.14913,0.1495,0.131,0.13918,3457512.20538503,-0.06747068676716916
2020-07-28 00:00:00+00:00,0.1374,0.15122,0.13492,0.14984,2051193.28689249,0.07659146429084651
2020-07-29 00:00:00+00:00,0.14998,0.15035,0.13895,0.14001,4005985.86798127,-0.06560331019754406
2020-07-30 00:00:00+00:00,0.139,0.14287,0.13759,0.14091,1618436.5235801,0.006428112277694575
2020-07-31 00:00:00+00:00,0.14097,0.14106,0.13621,0.14,1389619.8512977,-0.006458022851465461
2020-08-01 00:00:00+00:00,0.13902,0.14687,0.13888,0.14301,1147799.52180636,0.021499999999999853
2020-08-02 00:00:00+00:00,0.14405,0.14869,0.12713,0.13412,2621586.10970583,-0.062163485070974134
2020-08-03 00:00:00+00:00,0.13383,0.139,0.13207,0.137,1121945.9956757,0.02147330748583376
2020-08-04 00:00:00+00:00,0.1372,0.14767,0.13602,0.14257,3086106.73402769,0.04065693430656925
2020-08-05 00:00:00+00:00,0.14376,0.14495,0.1404,0.14237,494870.91140881,-0.0014028196675317517
2020-08-06 00:00:00+00:00,0.14236,0.1457,0.14028,0.14509,812347.20520556,0.019105148556577856
2020-08-07 00:00:00+00:00,0.1455,0.14674,0.13414,0.13907,819409.07404045,-0.041491488041905056
2020-08-08 00:00:00+00:00,0.13862,0.1475,0.138,0.14678,1143357.25652759,0.05543970662256403
2020-08-09 00:00:00+00:00,0.14668,0.15194,0.1425,0.14405,1420696.78231869,-0.01859926420493241
2020-08-10 00:00:00+00:00,0.14591,0.1471,0.1418,0.14432,654020.46217367,0.0018743491843109528
2020-08-11 00:00:00+00:00,0.14414,0.14496,0.13288,0.13714,1896411.8831976,-0.049750554323724994
2020-08-12 00:00:00+00:00,0.13711,0.13793,0.127,0.13638,1920829.7034087,-0.00554178212046097
2020-08-13 00:00:00+00:00,0.13671,0.14175,0.133,0.1394,2153130.46024945,0.022144009385540286
2020-08-14 00:00:00+00:00,0.13992,0.14125,0.13701,0.13861,743149.82457358,-0.005667144906743027
2020-08-15 00:00:00+00:00,0.13831,0.14142,0.13689,0.13896,959106.95427775,0.0025250703412451614
2020-08-16 00:00:00+00:00,0.13835,0.13928,0.136,0.13899,503337.57494003,0.00021588946459405456
2020-08-17 00:00:00+00:00,0.13932,0.14472,0.13778,0.14135,2041240.33257696,0.01697963882293685
2020-08-18 00:00:00+00:00,0.14142,0.14303,0.13406,0.13699,1286507.51901115,-0.030845419172267463
2020-08-19 00:00:00+00:00,0.1371,0.13821,0.12827,0.12998,1322068.22408355,-0.05117161836630402
2020-08-20 00:00:00+00:00,0.13059,0.1346,0.12642,0.1342,728423.26770454,0.03246653331281735
2020-08-21 00:00:00+00:00,0.13393,0.13393,0.122,0.12209,1374414.25739437,-0.0902384500745157
2020-08-22 00:00:00+00:00,0.12206,0.127,0.11802,0.12564,2853993.68968603,0.029076910475878348
2020-08-23 00:00:00+00:00,0.12595,0.12629,0.12006,0.1215,694170.63046351,-0.03295128939828085
2020-08-24 00:00:00+00:00,0.12149,0.12723,0.12032,0.12403,507147.50028444,0.020823045267489793
2020-08-25 00:00:00+00:00,0.1235,0.1235,0.10531,0.113,5342193.90202512,-0.08893009755704262
2020-08-26 00:00:00+00:00,0.11175,0.118,0.1105,0.11421,537777.97823745,0.010707964601770037
2020-08-27 00:00:00+00:00,0.11473,0.1155,0.1024,0.10696,2928497.47071633,-0.06347955520532356
2020-08-28 00:00:00+00:00,0.10739,0.11148,0.10612,0.10957,2831657.73066343,0.024401645474943834
2020-08-29 00:00:00+00:00,0.10963,0.118,0.10845,0.11656,1459932.07023324,0.0637948343524688
2020-08-30 00:00:00+00:00,0.11627,0.11854,0.114,0.1177,1047802.62842592,0.009780370624571155
2020-08-31 00:00:00+00:00,0.11754,0.12675,0.11318,0.12251,3436123.95141135,0.040866610025488415
2020-09-01 00:00:00+00:00,0.12205,0.12826,0.119,0.1245,2722541.44200646,0.016243571953310054
2020-09-02 00:00:00+00:00,0.125,0.12649,0.1111,0.115,3585893.41836799,-0.07630522088353409
2020-09-03 00:00:00+00:00,0.1149,0.11683,0.09339,0.09517,6843464.44085195,-0.1724347826086956
2020-09-04 00:00:00+00:00,0.09506,0.10399,0.09333,0.1027,4289013.59128274,0.07912157192392555
2020-09-05 00:00:00+00:00,0.10203,0.104,0.08627,0.08921,4672868.14410023,-0.13135345666991238
2020-09-06 00:00:00+00:00,0.0895,0.0955,0.08553,0.09269,1249527.40488603,0.039009079699585225
2020-09-07 00:00:00+00:00,0.09282,0.09425,0.0864,0.0935,2503245.10189172,0.0087388067752725
2020-09-08 00:00:00+00:00,0.094,0.09682,0.0885,0.09081,2826071.30900831,-0.028770053475935753
2020-09-09 00:00:00+00:00,0.09149,0.105,0.08949,0.0934,4176428.22419938,0.02852108798590458
2020-09-10 00:00:00+00:00,0.0935,0.111,0.0935,0.09718,3432989.84485242,0.04047109207708788
2020-09-11 00:00:00+00:00,0.09717,0.09764,0.09316,0.09691,1398721.8925909,-0.00277834945462041
2020-09-12 00:00:00+00:00,0.09701,0.09812,0.09419,0.09749,1467902.93727089,0.005984934475286252
2020-09-13 00:00:00+00:00,0.09774,0.09951,0.0927,0.09501,1437263.59219148,-0.025438506513488557
2020-09-14 00:00:00+00:00,0.09401,0.09765,0.09318,0.09684,1220641.42596846,0.019261130407325577
2020-09-15 00:00:00+00:00,0.09671,0.09773,0.093,0.09336,2493851.88994288,-0.035935563816604676
2020-09-16 00:00:00+00:00,0.09301,0.09301,0.08973,0.09123,3590839.306273,-0.022814910025706903
2020-09-17 00:00:00+00:00,0.09101,0.09497,0.09089,0.09421,1759805.95934553,0.03266469363148072
2020-09-18 00:00:00+00:00,0.09411,0.09416,0.0897,0.091,996627.76970669,-0.03407281604925172
2020-09-19 00:00:00+00:00,0.0915,0.09311,0.09084,0.0916,772869.34151559,0.00659340659340657
2020-09-20 00:00:00+00:00,0.09101,0.09218,0.08785,0.0893,1956336.24518756,-0.02510917030567683
2020-09-21 00:00:00+00:00,0.0893,0.09,0.0773,0.07981,4483783.12012711,-0.10627099664053752
2020-09-22 00:00:00+00:00,0.0795,0.08332,0.07917,0.08165,4692908.66467904,0.023054755043227626
2020-09-23 00:00:00+00:00,0.08178,0.089,0.07659,0.07676,2855369.6439916,-0.05988977342314761
2020-09-24 00:00:00+00:00,0.0765,0.08373,0.07578,0.0827,2291356.22036901,0.07738405419489314
2020-09-25 00:00:00+00:00,0.08258,0.09861,0.08248,0.097,3666909.9223195,0.17291414752116085
2020-09-26 00:00:00+00:00,0.0972,0.09983,0.09231,0.09575,2170949.71415515,-0.012886597938144395
2020-09-27 00:00:00+00:00,0.09607,0.10279,0.0945,0.10055,1729280.70317552,0.050130548302872
2020-09-28 00:00:00+00:00,0.10192,0.1065,0.1,0.1,5611417.08942427,-0.005469915464942798
2020-09-29 00:00:00+00:00,0.0995,0.1032,0.0975,0.10128,1921726.09226122,0.012799999999999923
2020-09-30 00:00:00+00:00,0.10064,0.10157,0.09662,0.10117,1578455.19102149,-0.0010860979462875564
2020-10-01 00:00:00+00:00,0.1015,0.10449,0.095,0.09768,1855616.60178655,-0.03449639221112977
2020-10-02 00:00:00+00:00,0.09737,0.10004,0.08991,0.0929,2790561.74842857,-0.04893529893529902
2020-10-03 00:00:00+00:00,0.09237,0.09517,0.09237,0.0931,379965.1357034,0.0021528525296017342
2020-10-04 00:00:00+00:00,0.09385,0.098,0.09241,0.09709,1287385.68359807,0.042857142857142705
2020-10-05 00:00:00+00:00,0.09675,0.09945,0.096,0.0975,1416284.30055924,0.004222885982078539
2020-10-06 00:00:00+00:00,0.09796,0.09852,0.09121,0.09303,2272731.9216647,-0.04584615384615387
2020-10-07 00:00:00+00:00,0.09229,0.09445,0.08956,0.09356,1070644.00593976,0.005697086961195419
2020-10-08 00:00:00+00:00,0.09373,0.097,0.08988,0.09617,2222827.17998626,0.027896536981615982
2020-10-09 00:00:00+00:00,0.09647,0.10268,0.09494,0.1015,2152220.49817723,0.05542268898825009
2020-10-10 00:00:00+00:00,0.10169,0.11122,0.1015,0.10486,3574702.3408642,0.03310344827586187
2020-10-11 00:00:00+00:00,0.105,0.1093,0.10407,0.10646,3107242.26178674,0.015258439824527903
2020-10-12 00:00:00+00:00,0.10645,0.1137,0.1025,0.11,2083671.56243012,0.03325192560586143
2020-10-13 00:00:00+00:00,0.109,0.1142,0.10778,0.10919,2304849.14828176,-0.007363636363636461
2020-10-14 00:00:00+00:00,0.10992,0.11231,0.10549,0.10724,1785963.38886056,-0.017858778276398923
2020-10-15 00:00:00+00:00,0.10717,0.10801,0.10453,0.10672,3904419.29651567,-0.004848936963819495
2020-10-16 00:00:00+00:00,0.10637,0.10725,0.1024,0.1041,2467666.86508486,-0.024550224887556205
2020-10-17 00:00:00+00:00,0.1032,0.10716,0.1032,0.10611,1589840.38622681,0.019308357348703176
2020-10-18 00:00:00+00:00,0.106,0.1075,0.10505,0.10746,430030.96574644,0.012722646310432628
2020-10-19 00:00:00+00:00,0.10755,0.11133,0.10607,0.10851,1367220.90905152,0.009771077610273515
2020-10-20 00:00:00+00:00,0.1088,0.10899,0.101,0.1024,2036571.74572017,-0.056308174361809904
2020-10-21 00:00:00+00:00,0.10151,0.1087,0.1015,0.1052,2169572.26361499,0.02734375
2020-10-22 00:00:00+00:00,0.10648,0.1129,0.10526,0.111,2588141.48214252,0.05513307984790883
2020-10-23 00:00:00+00:00,0.11034,0.112,0.10521,0.10683,1458538.56605285,-0.03756756756756763
2020-10-24 00:00:00+00:00,0.10853,0.11,0.1075,0.10828,871060.39973772,0.013572966395207331
2020-10-25 00:00:00+00:00,0.10761,0.1085,0.10631,0.10653,839685.94771863,-0.01616180273365353
2020-10-26 00:00:00+00:00,0.10623,0.10763,0.09909,0.10332,4814555.42225657,-0.03013235708251205
2020-10-27 00:00:00+00:00,0.10341,0.10597,0.102,0.10277,3555991.59758362,-0.005323267518389407
2020-10-28 00:00:00+00:00,0.10276,0.1035,0.095,0.09903,5215488.83764392,-0.03639194317407801
2020-10-29 00:00:00+00:00,0.09901,0.1005,0.09503,0.09549,1794618.73211726,-0.03574674341108752
2020-10-30 00:00:00+00:00,0.09537,0.09588,0.09,0.09405,3202027.20787143,-0.015080113100848336
2020-10-31 00:00:00+00:00,0.093,0.09518,0.0922,0.09269,1035246.31274308,-0.01446039340776184
2020-11-01 00:00:00+00:00,0.09394,0.09866,0.09296,0.0972,738778.4998613,0.04865681303268965
2020-11-02 00:00:00+00:00,0.09848,0.101,0.09173,0.09249,2332160.00139361,-0.04845679012345672
2020-11-03 00:00:00+00:00,0.09228,0.094,0.08801,0.09379,2118642.20874176,0.014055573575521674
2020-11-04 00:00:00+00:00,0.09372,0.09632,0.092,0.09564,1535361.04343746,0.01972491736858939
2020-11-05 00:00:00+00:00,0.0956,0.09864,0.09225,0.0983,2969920.69803288,0.027812630698452523
2020-11-06 00:00:00+00:00,0.09831,0.11008,0.09831,0.10924,4571741.56119458,0.11129196337741609
2020-11-07 00:00:00+00:00,0.10944,0.11371,0.09912,0.10141,4329499.80177843,-0.0716770413767851
2020-11-08 00:00:00+00:00,0.101,0.10836,0.10005,0.1069,2568437.89570033,0.054136672911941464
2020-11-09 00:00:00+00:00,0.10635,0.1078,0.10137,0.1055,3480016.58283776,-0.013096351730589317
2020-11-10 00:00:00+00:00,0.10518,0.109,0.10379,0.10613,2463197.28330944,0.005971563981042705
2020-11-11 00:00:00+00:00,0.10606,0.10886,0.10579,0.10604,1599379.15614263,-0.0008480165834354736
2020-11-12 00:00:00+00:00,0.10603,0.1065,0.10268,0.10466,3418945.07987098,-0.01301395699735941
2020-11-13 00:00:00+00:00,0.10476,0.108,0.10457,0.10658,1728432.53220954,0.01834511752340906
2020-11-14 00:00:00+00:00,0.10617,0.10703,0.10168,0.10438,2070042.44194006,-0.020641771439294354
2020-11-15 00:00:00+00:00,0.10449,0.10526,0.099,0.10085,3130370.03547729,-0.033818739222073235
2020-11-16 00:00:00+00:00,0.10087,0.105,0.1,0.10385,1023885.80453794,0.02974714923153199
2020-11-17 00:00:00+00:00,0.1049,0.1125,0.10484,0.10968,4150237.84685708,0.0561386615310544
2020-11-18 00:00:00+00:00,0.10963,0.11168,0.10201,0.10679,4671883.60200897,-0.026349380014587975
2020-11-19 00:00:00+00:00,0.107,0.1081,0.1045,0.1059,2937129.27562375,-0.008334113681056299
2020-11-20 00:00:00+00:00,0.10592,0.11898,0.10579,0.1185,9207878.96166047,0.11898016997167149
2020-11-21 00:00:00+00:00,0.11873,0.13484,0.11655,0.13346,13175939.81533347,0.12624472573839673
2020-11-22 00:00:00+00:00,0.134,0.15332,0.1188,0.14642,21161663.38660678,0.09710774763974217
2020-11-23 00:00:00+00:00,0.14647,0.159,0.14112,0.15414,11379001.98192138,0.05272503756317448
2020-11-24 00:00:00+00:00,0.15468,0.18827,0.14782,0.16675,17646613.23459445,0.08180874529648374
2020-11-25 00:00:00+00:00,0.16859,0.17527,0.16859,0.173,231274.64377864,0.03748125937031466
2020-11-26 00:00:00+00:00,0.16528,0.16588,0.1564,0.15836,421723.95420501,-0.08462427745664736
2020-11-27 00:00:00+00:00,0.139,0.13943,0.137,0.137,15990.00364524,-0.13488254609749928
2020-11-28 00:00:00+00:00,0.14197,0.1425,0.1405,0.14118,18640.24355574,0.030510948905109414
2020-11-29 00:00:00+00:00,0.16508,0.166,0.16318,0.16318,159629.35873689,0.15582943759739343
2020-11-30 00:00:00+00:00,0.16762,0.1692,0.16756,0.1692,24717.30405488,0.03689177595293547
2020-12-01 00:00:00+00:00,0.173,0.17474,0.17048,0.1706,58199.53825591,0.008274231678487176
2020-12-02 00:00:00+00:00,0.15536,0.15536,0.153,0.153,27358.40326256,-0.10316529894490034
2020-12-03 00:00:00+00:00,0.15933,0.16089,0.15933,0.16087,101821.75190291,0.05143790849673202
2020-12-04 00:00:00+00:00,0.16425,0.16425,0.16303,0.16397,59985.98081361,0.01927021818859953
2020-12-05 00:00:00+00:00,0.14803,0.14925,0.14651,0.1483,55537.4473462,-0.09556626212111985
2020-12-06 00:00:00+00:00,0.16022,0.16111,0.16006,0.1611,4439.37434682,0.08631153068105202
2020-12-07 00:00:00+00:00,0.15913,0.15954,0.15711,0.15783,18155.8350706,-0.020297951582867735
2020-12-08 00:00:00+00:00,0.15426,0.15426,0.15366,0.15366,668.695468,-0.026420832541341976
2020-12-09 00:00:00+00:00,0.14067,0.14067,0.14066,0.14066,21991.15951284,-0.0846023688663281
2020-12-10 00:00:00+00:00,0.14866,0.14875,0.14725,0.14804,314169.41354522,0.052466941561211344
2020-12-11 00:00:00+00:00,0.14246,0.14277,0.1415,0.14179,39091.60046557,-0.042218319373142466
2020-12-12 00:00:00+00:00,0.1391,0.143,0.139,0.143,113442.21894988,0.00853374709076804
2020-12-13 00:00:00+00:00,0.1445,0.14508,0.14436,0.1449,325685.6793886,0.01328671328671338
2020-12-14 00:00:00+00:00,0.15365,0.1543,0.15282,0.15282,16235.94288445,0.05465838509316767
2020-12-15 00:00:00+00:00,0.159,0.16,0.159,0.15986,267343.72292952,0.04606726868210953
2020-12-16 00:00:00+00:00,0.15405,0.15405,0.153,0.153,87145.36977993,-0.04291254847991999
2020-12-17 00:00:00+00:00,0.16875,0.1758,0.1608,0.16332,7454111.83014329,0.0674509803921568
2020-12-18 00:00:00+00:00,0.16196,0.16348,0.15959,0.15959,193033.86282292,-0.022838599069311627
2020-12-19 00:00:00+00:00,0.16487,0.17174,0.16276,0.16594,2342313.02481907,0.039789460492511974
2020-12-20 00:00:00+00:00,0.16413,0.16883,0.15848,0.16221,1607659.72603239,-0.02247800409786671
2020-12-21 00:00:00+00:00,0.156,0.165,0.1517,0.15318,1056302.04037929,-0.055668577769557914
2020-12-22 00:00:00+00:00,0.153,0.16151,0.14907,0.15679,3397423.39302501,0.023567045306175816
2020-12-23 00:00:00+00:00,0.15698,0.15813,0.13002,0.13699,8329546.12350993,-0.12628356400280638
2020-12-24 00:00:00+00:00,0.1354,0.15496,0.1316,0.15368,5216805.95268834,0.12183371048981684
2020-12-25 00:00:00+00:00,0.15309,0.16791,0.15065,0.15765,4263375.36168457,0.025832899531494036
2020-12-26 00:00:00+00:00,0.15772,0.16217,0.14888,0.15807,4857139.92227454,0.002664129400570703
2020-12-27 00:00:00+00:00,0.15805,0.16599,0.14888,0.1563,6287204.44836477,-0.011197570696526826
2020-12-28 00:00:00+00:00,0.15464,0.17966,0.15336,0.17671,6078750.98922641,0.13058221369161882
2020-12-29 00:00:00+00:00,0.176,0.19707,0.173,0.19079,13980499.25701087,0.07967856940750373
2020-12-30 00:00:00+00:00,0.19051,0.193,0.1754,0.184,6918401.8577636,-0.0355888673410556
2020-12-31 00:00:00+00:00,0.18388,0.18388,0.18201,0.1825,66986.94512263,-0.008152173913043459
2021-01-01 00:00:00+00:00,0.18155,0.1821,0.17912,0.17912,336850.64026885,-0.018520547945205412
2021-01-02 00:00:00+00:00,0.175,0.17598,0.17135,0.17261,36585.47476684,-0.03634435015631976
2021-01-03 00:00:00+00:00,0.17418,0.184,0.17376,0.17452,73299.01647828,0.011065407566189567
2021-01-04 00:00:00+00:00,0.20501,0.21282,0.20501,0.21,389699.92305162,0.2033004813201924
2021-01-05 00:00:00+00:00,0.22474,0.26456,0.20685,0.25949,16167296.55575976,0.2356666666666667
2021-01-06 00:00:00+00:00,0.2595,0.26678,0.254,0.26634,1320940.93795572,0.02639793440980398
2021-01-07 00:00:00+00:00,0.33516,0.33516,0.32001,0.3255,211327.78918012,0.2221220995719757
2021-01-08 00:00:00+00:00,0.2985,0.30619,0.29517,0.29954,269182.50273203,-0.07975422427035339
2021-01-09 00:00:00+00:00,0.30462,0.315,0.30462,0.3143,189042.40144118,0.04927555585230703
2021-01-10 00:00:00+00:00,0.33423,0.33616,0.33013,0.33329,31485.11054523,0.06041998090995837
2021-01-11 00:00:00+00:00,0.3019,0.30424,0.294,0.301,278900.2295289,-0.09688259473731586
2021-01-12 00:00:00+00:00,0.27579,0.27749,0.26416,0.265,575396.88767168,-0.11960132890365438
2021-01-13 00:00:00+00:00,0.28852,0.289,0.284,0.289,64028.35441085,0.09056603773584881
2021-01-14 00:00:00+00:00,0.31388,0.31879,0.31338,0.31568,479498.57512018,0.09231833910034615
2021-01-15 00:00:00+00:00,0.31106,0.31349,0.31,0.3105,29022.91369382,-0.0164090217942221
2021-01-16 00:00:00+00:00,0.30263,0.3095,0.30263,0.30869,392638.25567709,-0.005829307568437914
2021-01-17 00:00:00+00:00,0.34993,0.34993,0.33794,0.34474,861452.93671556,0.1167838284362952
2021-01-18 00:00:00+00:00,0.3818,0.396,0.3818,0.39221,324864.5069994,0.13769797528572258
2021-01-19 00:00:00+00:00,0.37171,0.37668,0.37059,0.37279,135603.25523016,-0.04951429081359471
2021-01-20 00:00:00+00:00,0.366,0.37085,0.366,0.36933,106372.22905712,-0.009281364843477635
2021-01-21 00:00:00+00:00,0.37651,0.379,0.37273,0.37341,132045.84425259,0.011047031110389183
2021-01-22 00:00:00+00:00,0.3075,0.3075,0.28,0.28991,1577080.63616307,-0.22361479339064305
2021-01-23 00:00:00+00:00,0.34912,0.35153,0.3455,0.35021,478401.53902019,0.20799558483667346
2021-01-24 00:00:00+00:00,0.344,0.34661,0.34164,0.3439,18825.18660541,-0.01801776077210826
2021-01-25 00:00:00+00:00,0.35402,0.35886,0.35402,0.35886,15229.45446492,0.04350101773771464
2021-01-26 00:00:00+00:00,0.3413,0.34648,0.338,0.34537,185858.97856675,-0.037591261216073146
2021-01-27 00:00:00+00:00,0.34359,0.34467,0.33945,0.33973,40826.27925323,-0.01633031241856564
2021-01-28 00:00:00+00:00,0.31134,0.31136,0.3074,0.3074,7007.74840751,-0.09516380655226198
2021-01-29 00:00:00+00:00,0.345,0.358,0.34419,0.357,207370.75799178,0.16135328562134021
2021-01-30 00:00:00+00:00,0.34829,0.35032,0.34764,0.3489,28388.51929971,-0.02268907563025213
2021-01-31 00:00:00+00:00,0.36386,0.36386,0.36076,0.36279,23873.94012083,0.03981083404987107
2021-02-01 00:00:00+00:00,0.34572,0.42385,0.33219,0.40517,13590138.46263833,0.11681689131453443
2021-02-02 00:00:00+00:00,0.40981,0.43,0.40981,0.42266,1520039.82633418,0.04316706567613604
2021-02-03 00:00:00+00:00,0.42741,0.43226,0.41849,0.41905,787616.22034413,-0.008541144182084848
2021-02-04 00:00:00+00:00,0.44355,0.45026,0.44007,0.44007,271515.22667131,0.05016107863023511
2021-02-05 00:00:00+00:00,0.44258,0.44666,0.4377,0.4384,82413.71521833,-0.003794850819187845
2021-02-06 00:00:00+00:00,0.5443,0.66773,0.5278,0.635,17893762.58863708,0.4484489051094891
2021-02-07 00:00:00+00:00,0.635,0.71,0.582,0.66548,28799051.17347136,0.04799999999999982
2021-02-08 00:00:00+00:00,0.6633,0.725,0.63302,0.67783,18398278.60071047,0.018558033299272747
2021-02-09 00:00:00+00:00,0.67921,0.71177,0.66116,0.70524,8812254.1597917,0.04043786790198123
2021-02-10 00:00:00+00:00,0.70779,0.95152,0.70779,0.94027,29531040.2252838,0.3332624354829563
2021-02-11 00:00:00+00:00,0.94332,0.97733,0.866,0.92865,20229473.60962214,-0.012358152445574255
2021-02-12 00:00:00+00:00,0.92622,0.94877,0.86606,0.92802,11517478.35483508,-0.000678404135034727
2021-02-13 00:00:00+00:00,0.92775,0.9573,0.82671,0.91448,13760612.55160757,-0.014590202797353458
2021-02-14 00:00:00+00:00,0.915,0.9196,0.80473,0.8445,8394639.18477166,-0.07652436357274073
2021-02-15 00:00:00+00:00,0.845,0.912,0.6815,0.86284,13389644.21276847,0.02171699230313795
2021-02-16 00:00:00+00:00,0.85933,0.905,0.83676,0.87065,7417670.99311165,0.009051504334523175
2021-02-17 00:00:00+00:00,0.87002,0.898,0.82553,0.89294,6223564.87427762,0.025601562051340787
2021-02-18 00:00:00+00:00,0.89463,0.95818,0.89414,0.9158,8196010.78634259,0.02560082424351018
2021-02-19 00:00:00+00:00,0.91597,0.94498,0.87773,0.92697,6023118.17417346,0.012196986241537422
2021-02-20 00:00:00+00:00,0.92701,1.19616,0.915,1.11462,23790388.62530731,0.20243373571960266
2021-02-21 00:00:00+00:00,1.1172,1.15,1.07037,1.10114,7048824.96312714,-0.012093807755109265
2021-02-22 00:00:00+00:00,1.10338,1.145,0.75,1.09836,29387105.46285512,-0.0025246562653250537
2021-02-23 00:00:00+00:00,1.09825,1.139,0.8369,0.9631,29096752.44361624,-0.12314723769984348
2021-02-24 00:00:00+00:00,0.9631,1.0765,0.8996,1.04906,15330274.49882216,0.0892534523933135
2021-02-25 00:00:00+00:00,1.05092,1.174,1.01713,1.07663,14308918.07381609,0.02628067031437653
2021-02-26 00:00:00+00:00,1.07632,1.29728,0.99,1.243,24228593.18079447,0.1545284823941373
2021-02-27 00:00:00+00:00,1.24445,1.48397,1.2292,1.324,28059861.29424174,0.0651649235720031
2021-02-28 00:00:00+00:00,1.32,1.36177,1.15,1.31469,22793231.74446675,-0.00703172205438074
2021-03-01 00:00:00+00:00,1.31829,1.35729,1.231,1.2985,9135511.59898164,-0.012314690155093566
2021-03-02 00:00:00+00:00,1.29769,1.30146,1.17773,1.22553,9618696.11592276,-0.05619561031959952
2021-03-03 00:00:00+00:00,1.22351,1.26566,1.20927,1.21499,7979841.65209897,-0.0086003606602858
2021-03-04 00:00:00+00:00,1.21438,1.23092,1.06626,1.11245,10176296.76939053,-0.08439575634367369
2021-03-05 00:00:00+00:00,1.11227,1.19757,1.03511,1.15855,11660102.69086919,0.04144006472201012
2021-03-06 00:00:00+00:00,1.1639,1.1818,1.08499,1.1292,5011863.43025939,-0.02533339087652664
2021-03-07 00:00:00+00:00,1.13055,1.14543,1.10668,1.1304,3358161.98690333,0.0010626992561106885
2021-03-08 00:00:00+00:00,1.13036,1.17778,1.10669,1.11888,4322540.04946134,-0.010191082802547768
2021-03-09 00:00:00+00:00,1.119,1.22,1.1114,1.199,10192764.03221731,0.07160732160732164
2021-03-10 00:00:00+00:00,1.19871,1.20738,1.12001,1.13311,4457840.26303543,-0.054954128440366956
2021-03-11 00:00:00+00:00,1.13461,1.14008,1.10752,1.12423,6593095.53800353,-0.007836838435809401
2021-03-12 00:00:00+00:00,1.12424,1.12851,1.02533,1.03289,6521888.05647596,-0.08124671997722888
2021-03-13 00:00:00+00:00,1.03112,1.18992,0.98709,1.10199,8483494.50751766,0.0668996698583586
2021-03-14 00:00:00+00:00,1.10059,1.10193,1.05325,1.05325,4062509.89756866,-0.0442290764888974
2021-03-15 00:00:00+00:00,1.05265,1.07014,1.00165,1.03022,6101492.92093667,-0.021865653928317186
2021-03-16 00:00:00+00:00,1.03,1.27489,1.0,1.2501,18292987.94227654,0.21343014113490333
2021-03-17 00:00:00+00:00,1.2501,1.42962,1.20571,1.378,17201603.5635217,0.10231181505479547
2021-03-18 00:00:00+00:00,1.378,1.48587,1.21931,1.23146,27474784.28748153,-0.10634252539912914
2021-03-19 00:00:00+00:00,1.22995,1.3434,1.18234,1.29452,8155560.58860739,0.051207509785133
2021-03-20 00:00:00+00:00,1.29433,1.30951,1.20001,1.20062,4030013.45914718,-0.07253653863980458
