time,BTC Close,ETH Close,ADA Close,USDT Close,XRP Close,LTC Close,TRX Close,TUSD Close,DGB Close,BSV Close
2019-03-20 00:00:00+00:00,4036.183,138.856,0.054,0.996,0.317,60.136,0.023,0.999,0.014,66.113
2019-03-21 00:00:00+00:00,3975.867,134.669,0.054,0.997,0.309,58.522,0.022,0.999,0.013,64.811
2019-03-22 00:00:00+00:00,3982.0,135.941,0.057,0.996,0.31,59.241,0.023,1.002,0.013,66.619
2019-03-23 00:00:00+00:00,3985.089,136.26,0.064,0.995,0.31,60.68,0.024,1.001,0.013,66.562
2019-03-24 00:00:00+00:00,3968.389,135.538,0.062,0.998,0.306,59.527,0.023,1.001,0.013,65.662
2019-03-25 00:00:00+00:00,3909.999,133.136,0.059,0.994,0.3,58.75,0.023,0.999,0.012,63.588
2019-03-26 00:00:00+00:00,3917.974,132.92,0.062,0.996,0.3,58.3,0.022,0.998,0.012,63.184
2019-03-27 00:00:00+00:00,4028.013,139.45,0.067,0.997,0.31,61.4,0.023,1.001,0.012,65.077
2019-03-28 00:00:00+00:00,4012.891,137.364,0.066,0.996,0.305,60.201,0.023,0.999,0.013,63.72
2019-03-29 00:00:00+00:00,4090.0,142.771,0.071,0.997,0.307,61.137,0.024,1.001,0.013,64.586
2019-03-30 00:00:00+00:00,4094.444,142.231,0.073,0.999,0.31,60.347,0.023,1.001,0.013,64.301
2019-03-31 00:00:00+00:00,4090.204,141.296,0.07,0.998,0.308,60.42,0.024,1.001,0.012,64.775
2019-04-01 00:00:00+00:00,4138.7,141.298,0.071,0.998,0.313,60.362,0.025,1.001,0.013,65.407
2019-04-02 00:00:00+00:00,4903.79,165.03,0.086,1.011,0.354,77.4,0.027,1.003,0.014,80.0
2019-04-03 00:00:00+00:00,4970.639,160.954,0.091,1.003,0.343,85.201,0.026,1.002,0.014,86.037
2019-04-04 00:00:00+00:00,4905.178,157.348,0.088,1.002,0.33,84.731,0.025,0.999,0.015,82.198
2019-04-05 00:00:00+00:00,5037.49,165.853,0.091,1.003,0.363,88.622,0.028,0.999,0.015,84.284
2019-04-06 00:00:00+00:00,5036.716,165.835,0.091,1.001,0.352,92.605,0.027,1.0,0.015,84.441
2019-04-07 00:00:00+00:00,5191.518,174.889,0.09,1.007,0.363,90.908,0.029,1.001,0.015,86.0
2019-04-08 00:00:00+00:00,5285.0,180.9,0.086,1.011,0.358,89.207,0.03,0.999,0.015,83.052
2019-04-09 00:00:00+00:00,5192.931,175.9,0.083,1.008,0.349,86.84,0.03,1.0,0.014,78.76
2019-04-10 00:00:00+00:00,5324.67,177.478,0.089,1.002,0.355,88.206,0.031,1.001,0.014,79.836
2019-04-11 00:00:00+00:00,5051.436,165.12,0.083,1.003,0.328,79.5,0.027,1.001,0.013,71.374
2019-04-12 00:00:00+00:00,5081.666,164.394,0.084,1.004,0.325,79.169,0.027,0.999,0.014,71.378
2019-04-13 00:00:00+00:00,5076.094,164.121,0.083,1.005,0.327,78.029,0.027,1.001,0.013,70.076
2019-04-14 00:00:00+00:00,5163.46,168.414,0.085,1.005,0.329,83.5,0.027,0.999,0.014,71.255
2019-04-15 00:00:00+00:00,5039.002,160.268,0.082,1.0,0.319,78.478,0.027,1.001,0.013,58.501
2019-04-16 00:00:00+00:00,5206.103,166.409,0.083,1.005,0.326,81.0,0.027,1.001,0.014,56.94
2019-04-17 00:00:00+00:00,5225.201,166.726,0.083,1.01,0.335,79.327,0.027,0.999,0.013,54.835
2019-04-18 00:00:00+00:00,5284.646,174.14,0.081,1.008,0.337,82.21,0.027,1.0,0.014,59.327
2019-04-19 00:00:00+00:00,5285.282,173.916,0.079,1.004,0.332,82.61,0.027,0.999,0.013,59.164
2019-04-20 00:00:00+00:00,5323.6,173.41,0.075,1.006,0.328,81.045,0.026,1.0,0.014,58.249
2019-04-21 00:00:00+00:00,5300.847,170.019,0.075,1.008,0.322,77.499,0.025,1.0,0.013,56.181
2019-04-22 00:00:00+00:00,5383.568,171.51,0.078,1.005,0.324,76.976,0.025,0.999,0.014,58.164
2019-04-23 00:00:00+00:00,5537.071,170.893,0.074,1.005,0.321,74.26,0.025,0.999,0.013,55.947
2019-04-24 00:00:00+00:00,5443.23,165.619,0.072,1.006,0.3,73.162,0.024,1.0,0.012,53.333
2019-04-25 00:00:00+00:00,5138.357,152.136,0.068,0.982,0.287,70.558,0.022,1.008,0.01,51.402
2019-04-26 00:00:00+00:00,5161.489,153.124,0.068,0.972,0.294,71.285,0.023,1.022,0.011,52.361
2019-04-27 00:00:00+00:00,5172.017,155.425,0.069,0.976,0.292,70.434,0.023,1.004,0.01,53.315
2019-04-28 00:00:00+00:00,5152.476,153.543,0.067,0.971,0.291,67.456,0.022,1.0,0.01,53.2
2019-04-29 00:00:00+00:00,5151.347,152.488,0.063,0.982,0.287,66.604,0.022,1.0,0.01,51.666
2019-04-30 00:00:00+00:00,5269.79,160.221,0.07,0.991,0.306,73.395,0.024,1.001,0.01,52.905
2019-05-01 00:00:00+00:00,5326.098,158.468,0.068,0.988,0.299,72.253,0.023,1.002,0.011,52.788
2019-05-02 00:00:00+00:00,5393.231,159.293,0.068,0.979,0.297,72.42,0.022,1.001,0.011,52.422
2019-05-03 00:00:00+00:00,5669.999,164.8,0.069,0.983,0.303,77.905,0.023,1.002,0.011,53.715
2019-05-04 00:00:00+00:00,5770.242,162.032,0.06605,0.991,0.299,77.232,0.023,1.002,0.01019,52.191
2019-05-05 00:00:00+00:00,5720.744,161.457,0.066,0.991,0.298,75.075,0.023,1.00298,0.01079,53.653
2019-05-06 00:00:00+00:00,5685.612,171.5,0.06608,0.99099,0.3,74.285,0.02364,1.00001,0.01027,52.358
2019-05-07 00:00:00+00:00,5753.769,166.422,0.063,0.984,0.293,73.057,0.02339,1.00138,0.01025,52.129
2019-05-08 00:00:00+00:00,5940.0,169.596,0.0635,0.992,0.29702,73.823,0.02407,1.00199,0.00997,58.587
2019-05-09 00:00:00+00:00,6152.9,169.93,0.06128,0.995,0.294,73.927,0.02328,1.06699,0.01027,57.746
2019-05-10 00:00:00+00:00,6345.0,172.14,0.06292,0.99516,0.29787,76.648,0.02343,1.00292,0.0104,57.036
2019-05-11 00:00:00+00:00,7226.01,193.0,0.07567,1.001,0.32301,88.72,0.02519,1.00599,0.01152,60.366
2019-05-12 00:00:00+00:00,6972.99,188.402,0.06999,1.0,0.31,84.663,0.0238,1.00199,0.01027,58.022
2019-05-13 00:00:00+00:00,7814.376,196.593,0.07337,1.00001,0.325,87.564,0.02466,1.00898,0.01021,60.755
2019-05-14 00:00:00+00:00,7989.85,217.74,0.08477,0.99793,0.41,91.91,0.02746,1.0,0.01155,60.51
2019-05-15 00:00:00+00:00,8196.865,248.94,0.094,1.005,0.45999,102.75,0.03129,1.0,0.01512,72.93
2019-05-16 00:00:00+00:00,7889.0,265.053,0.08712,1.0,0.418,95.491,0.02844,1.0015,0.0132,65.4
2019-05-17 00:00:00+00:00,7361.252,244.982,0.08257,0.99827,0.389,89.984,0.02718,1.0005,0.01275,60.953
2019-05-18 00:00:00+00:00,7271.825,234.68,0.07939,1.0,0.373,86.725,0.02662,0.9985,0.01247,59.597
2019-05-19 00:00:00+00:00,8185.427,261.19,0.08714,1.0023,0.4195,94.941,0.0284,1.001,0.01299,67.617
2019-05-20 00:00:00+00:00,8007.935,252.366,0.08499,1.004,0.4,91.869,0.02794,1.002,0.0123,63.499
2019-05-21 00:00:00+00:00,7950.89,255.665,0.08429,1.003,0.399,92.0,0.0285,1.0005,0.01498,106.7
2019-05-22 00:00:00+00:00,7632.74,244.053,0.07711,1.00179,0.372,87.79,0.02649,1.002,0.0145,104.965
2019-05-23 00:00:00+00:00,7880.0,245.841,0.08,1.00056,0.381,88.903,0.02726,1.002,0.0142,102.0
2019-05-24 00:00:00+00:00,8004.421,249.188,0.081,1.003,0.384,100.723,0.02754,0.9985,0.01481,98.649
2019-05-25 00:00:00+00:00,8078.263,251.715,0.08023,1.006,0.387,102.98,0.02752,0.999,0.01598,93.127
2019-05-26 00:00:00+00:00,8748.999,267.485,0.08627,1.012,0.41,113.0,0.03126,1.0025,0.01508,105.903
2019-05-27 00:00:00+00:00,8784.279,271.861,0.09167,1.00231,0.433,116.859,0.03524,1.002,0.01665,116.937
2019-05-28 00:00:00+00:00,8733.001,271.604,0.093,1.0033,0.44921,114.4,0.03479,0.999,0.01597,122.352
2019-05-29 00:00:00+00:00,8667.84,268.834,0.09051,1.002,0.443,114.9,0.03382,0.999,0.01651,209.987
2019-05-30 00:00:00+00:00,8276.795,254.624,0.08499,1.00017,0.419,108.046,0.03125,1.002,0.01404,185.237
2019-05-31 00:00:00+00:00,8560.001,268.383,0.08879,1.00198,0.438,114.15,0.033,1.0,0.015,196.567
2019-06-01 00:00:00+00:00,8555.879,265.264,0.08992,1.0001,0.43,111.576,0.03775,0.999,0.01512,191.476
2019-06-02 00:00:00+00:00,8744.73,270.0,0.09648,1.002,0.44599,114.973,0.0383,0.999,0.01581,191.0
2019-06-03 00:00:00+00:00,8105.0,249.895,0.08818,0.998,0.4167,106.36,0.034,1.0005,0.01502,222.464
2019-06-04 00:00:00+00:00,7667.274,240.596,0.08197,0.99801,0.398,101.881,0.03552,1.01,0.01412,228.324
2019-06-05 00:00:00+00:00,7786.93,246.06,0.083,1.002,0.403,104.0,0.03395,1.002,0.014,216.864
2019-06-06 00:00:00+00:00,7801.46,248.943,0.08283,1.0029,0.42097,111.628,0.03255,1.003,0.01415,199.328
2019-06-07 00:00:00+00:00,8004.9,249.826,0.08527,1.00201,0.42125,117.346,0.03376,1.0,0.01447,204.578
2019-06-08 00:00:00+00:00,7941.113,244.176,0.0839,1.00449,0.41,118.634,0.0321,1.0005,0.0138,194.945
2019-06-09 00:00:00+00:00,7645.001,231.658,0.07883,1.00161,0.38699,115.15,0.0298,1.0005,0.01287,184.135
2019-06-10 00:00:00+00:00,8027.469,248.099,0.08598,1.00471,0.4015,129.58,0.03171,1.0,0.01305,192.34
2019-06-11 00:00:00+00:00,7920.0,245.175,0.08802,1.00351,0.394,136.198,0.0312,1.0,0.0125,185.492
2019-06-12 00:00:00+00:00,8174.0,262.924,0.0965,1.00475,0.402,136.0,0.03379,1.00098,0.01253,189.449
2019-06-13 00:00:00+00:00,8228.87,255.0,0.08982,1.002,0.39997,131.0,0.03277,1.00009,0.01246,214.474
2019-06-14 00:00:00+00:00,8699.0,264.45,0.09026,1.006,0.405,132.539,0.03203,1.0,0.0125,217.479
2019-06-15 00:00:00+00:00,8851.122,268.863,0.09176,1.00474,0.411,138.271,0.03269,1.00049,0.01275,209.708
2019-06-16 00:00:00+00:00,8986.779,269.201,0.09272,1.00338,0.428,136.95,0.03293,0.99999,0.01298,213.092
2019-06-17 00:00:00+00:00,9333.01,273.704,0.0936,1.00407,0.448,133.782,0.03395,1.0,0.01267,225.0
2019-06-18 00:00:00+00:00,9081.6,264.332,0.08894,1.00085,0.42603,135.171,0.033,0.9985,0.01311,222.5
2019-06-19 00:00:00+00:00,9280.0,268.734,0.09,1.00186,0.43455,136.899,0.0334,0.9999,0.01618,224.988
2019-06-20 00:00:00+00:00,9538.655,272.148,0.08739,1.0016,0.43001,135.162,0.03283,0.9999,0.01485,217.699
2019-06-21 00:00:00+00:00,10226.534,296.142,0.08961,1.00412,0.445,139.06,0.0333,1.0,0.014,222.401
2019-06-22 00:00:00+00:00,10646.535,308.568,0.09386,0.994,0.472,141.229,0.037,0.99802,0.0149,236.595
2019-06-23 00:00:00+00:00,10795.0,306.501,0.09594,0.99499,0.46501,136.463,0.03701,0.99899,0.01444,236.019
2019-06-24 00:00:00+00:00,11012.551,310.38,0.0971,0.99955,0.47292,135.6,0.03834,0.9995,0.01366,235.654
2019-06-25 00:00:00+00:00,11765.144,316.279,0.09599,0.99645,0.46598,135.77,0.03803,0.9995,0.01451,237.084
2019-06-26 00:00:00+00:00,12763.001,332.502,0.09599,0.98,0.457,130.267,0.03592,0.98898,0.013,217.5
2019-06-27 00:00:00+00:00,11127.812,293.312,0.08536,0.98005,0.40598,114.071,0.032,0.99988,0.01215,196.9
2019-06-28 00:00:00+00:00,12364.4,309.826,0.08849,0.994,0.42101,119.449,0.03372,0.99987,0.01281,207.203
2019-06-29 00:00:00+00:00,11875.6,316.417,0.08907,0.994,0.424,133.32,0.035,0.99988,0.01264,213.171
2019-06-30 00:00:00+00:00,10756.29,289.096,0.0818,0.99099,0.39141,121.689,0.03179,0.99988,0.0119,193.133
2019-07-01 00:00:00+00:00,10571.36,293.513,0.083,0.997,0.40771,122.746,0.03223,0.99988,0.013,197.375
2019-07-02 00:00:00+00:00,10841.149,290.13,0.08078,0.99979,0.39701,117.95,0.03195,0.99721,0.01195,192.576
2019-07-03 00:00:00+00:00,11974.56,302.723,0.082,1.00391,0.40507,122.0,0.03255,1.002,0.01231,203.348
2019-07-04 00:00:00+00:00,11134.981,283.105,0.0775,0.99802,0.38699,119.393,0.03107,1.00099,0.0118,195.495
2019-07-05 00:00:00+00:00,10987.352,287.391,0.076,1.00002,0.37999,118.865,0.03187,1.0,0.01155,196.705
2019-07-06 00:00:00+00:00,11240.759,287.195,0.07673,0.99901,0.38999,118.297,0.032,1.0,0.01233,197.53
2019-07-07 00:00:00+00:00,11479.626,307.173,0.07966,1.0052,0.39801,119.195,0.035,0.998,0.01349,200.4
2019-07-08 00:00:00+00:00,12287.629,313.0,0.08036,1.003,0.40202,123.421,0.034,1.0,0.013,202.107
2019-07-09 00:00:00+00:00,12577.849,307.91,0.07777,1.001,0.394,119.319,0.03445,0.99701,0.01345,206.191
2019-07-10 00:00:00+00:00,12090.991,287.978,0.07177,0.999,0.361,107.845,0.032,0.998,0.01254,191.434
2019-07-11 00:00:00+00:00,11338.904,269.062,0.06495,1.001,0.327,103.175,0.028,1.0,0.01202,162.395
2019-07-12 00:00:00+00:00,11810.0,276.847,0.06968,1.003,0.346,104.818,0.02969,1.0,0.01321,165.746
2019-07-13 00:00:00+00:00,11378.233,269.625,0.06623,1.0,0.332,100.917,0.02834,1.0,0.01275,154.213
2019-07-14 00:00:00+00:00,10194.999,226.185,0.05901,1.00064,0.304,89.831,0.02496,0.99801,0.01155,127.253
2019-07-15 00:00:00+00:00,10858.695,228.243,0.05904,1.00197,0.31499,90.593,0.02521,1.002,0.0119,129.0
2019-07-16 00:00:00+00:00,9411.608,198.907,0.05235,1.00001,0.295,79.809,0.02093,1.0,0.01044,112.55
2019-07-17 00:00:00+00:00,9682.238,210.835,0.0549,1.00123,0.31,90.15,0.02282,1.00099,0.01096,120.093
2019-07-18 00:00:00+00:00,10654.447,225.886,0.05905,1.00396,0.32101,101.1,0.02587,1.00189,0.0121,135.671
2019-07-19 00:00:00+00:00,10529.999,220.702,0.06,1.00114,0.32,98.263,0.02814,1.002,0.01198,146.0
2019-07-20 00:00:00+00:00,10754.832,228.754,0.0629,1.001,0.334,100.65,0.02901,1.0,0.01213,173.169
2019-07-21 00:00:00+00:00,10591.785,226.213,0.06085,0.9996,0.33,99.963,0.0292,1.0,0.01185,176.413
2019-07-22 00:00:00+00:00,10325.083,217.418,0.05949,0.999,0.32036,94.926,0.0264,1.0,0.0111,168.5
2019-07-23 00:00:00+00:00,9854.196,212.079,0.056,0.999,0.309,89.903,0.02444,1.0,0.01051,169.061
2019-07-24 00:00:00+00:00,9771.864,217.483,0.05892,1.0,0.31599,94.847,0.02391,1.001,0.01083,167.0
2019-07-25 00:00:00+00:00,9868.0,218.45,0.05883,0.99901,0.314,93.49,0.02306,1.001,0.01081,161.0
2019-07-26 00:00:00+00:00,9851.638,219.353,0.0622,1.00001,0.32297,94.453,0.0231,1.0,0.011,161.589
2019-07-27 00:00:00+00:00,9468.511,206.879,0.05962,0.999,0.31,88.746,0.0219,1.0,0.01055,150.541
2019-07-28 00:00:00+00:00,9525.626,212.0,0.05821,0.999,0.312,89.82,0.02225,1.001,0.01069,147.75
2019-07-29 00:00:00+00:00,9510.948,210.705,0.0598,0.9973,0.31,90.467,0.022,1.0019,0.01025,146.276
2019-07-30 00:00:00+00:00,9579.999,209.654,0.06,1.0009,0.319,90.384,0.02215,1.00199,0.01025,148.533
2019-07-31 00:00:00+00:00,10089.0,218.5,0.05988,1.00215,0.32,98.913,0.0223,1.0,0.01057,149.929
2019-08-01 00:00:00+00:00,10399.633,216.942,0.05873,1.00015,0.31673,99.45,0.02203,1.002,0.01041,146.856
2019-08-02 00:00:00+00:00,10527.446,217.161,0.05751,0.99901,0.31256,94.603,0.0218,1.0015,0.00998,148.578
2019-08-03 00:00:00+00:00,10801.099,221.886,0.05755,1.001,0.3163,94.008,0.02195,1.0,0.01008,151.021
2019-08-04 00:00:00+00:00,10979.906,222.814,0.05631,1.00299,0.32,93.44,0.02245,0.999,0.01006,150.0
2019-08-05 00:00:00+00:00,11797.981,233.312,0.0565,0.99994,0.32136,96.169,0.02297,1.001,0.01085,152.624
2019-08-06 00:00:00+00:00,11472.862,225.947,0.05316,0.999,0.311,93.04,0.02177,1.0005,0.00997,147.28
2019-08-07 00:00:00+00:00,11979.86,224.716,0.0518,1.0,0.311,90.594,0.02178,1.0005,0.01015,146.876
2019-08-08 00:00:00+00:00,11984.82,221.256,0.05227,0.999,0.308,90.35,0.022,1.00001,0.00991,144.0
2019-08-09 00:00:00+00:00,11857.777,209.148,0.04769,0.9975,0.29528,84.325,0.01981,1.0,0.00977,139.49
2019-08-10 00:00:00+00:00,11295.569,206.247,0.05236,0.99601,0.29885,85.507,0.02048,1.00199,0.00928,141.3
2019-08-11 00:00:00+00:00,11507.001,216.5,0.05507,0.9975,0.30276,89.998,0.02073,0.99799,0.00998,145.731
2019-08-12 00:00:00+00:00,11393.455,211.674,0.053,0.99749,0.30061,85.815,0.02076,1.00009,0.00976,142.497
2019-08-13 00:00:00+00:00,10865.948,208.56,0.05217,0.99599,0.29664,84.216,0.0204,1.00249,0.00959,143.774
2019-08-14 00:00:00+00:00,10020.998,185.716,0.04692,0.99797,0.26201,75.682,0.01768,0.99952,0.00896,132.782
2019-08-15 00:00:00+00:00,10302.091,187.691,0.04763,0.99899,0.264,76.791,0.01751,0.99802,0.00946,135.001
2019-08-16 00:00:00+00:00,10370.57,185.551,0.04665,1.00009,0.26174,74.806,0.01699,0.999,0.00936,135.593
2019-08-17 00:00:00+00:00,10218.9,185.516,0.04742,0.999,0.26597,72.857,0.01683,0.999,0.00881,133.0
2019-08-18 00:00:00+00:00,10315.979,194.391,0.05103,1.0,0.28301,76.417,0.0178,0.999,0.00918,136.553
2019-08-19 00:00:00+00:00,10924.745,202.721,0.05049,1.0,0.28228,77.34,0.018,1.0,0.0094,145.47
2019-08-20 00:00:00+00:00,10750.279,196.326,0.04932,0.99975,0.27443,74.977,0.01764,0.9985,0.0091,140.418
2019-08-21 00:00:00+00:00,10122.55,186.356,0.04684,0.99899,0.26597,73.01,0.01678,1.0,0.00872,133.623
2019-08-22 00:00:00+00:00,10116.777,191.093,0.04945,0.99975,0.271,73.381,0.0174,1.00099,0.0089,134.934
2019-08-23 00:00:00+00:00,10412.087,194.588,0.04997,0.99999,0.27631,75.703,0.01801,1.00122,0.00943,135.914
2019-08-24 00:00:00+00:00,10146.0,190.855,0.05019,1.0,0.27063,73.692,0.01777,1.00185,0.00918,132.778
2019-08-25 00:00:00+00:00,10150.33,186.243,0.04942,1.0,0.26694,72.379,0.01756,1.002,0.00895,133.0
2019-08-26 00:00:00+00:00,10367.578,188.755,0.04977,0.998,0.26964,73.601,0.01772,1.00799,0.0088,131.767
2019-08-27 00:00:00+00:00,10174.886,187.156,0.04954,0.999,0.26851,72.653,0.01752,1.003,0.00874,134.252
2019-08-28 00:00:00+00:00,9724.484,172.858,0.04583,0.99602,0.25616,66.869,0.016,1.0,0.00798,125.134
2019-08-29 00:00:00+00:00,9476.96,168.837,0.04453,0.999,0.25707,63.641,0.01547,1.00001,0.00805,127.438
2019-08-30 00:00:00+00:00,9585.427,168.574,0.04489,0.99976,0.25511,64.28,0.01562,1.00001,0.00835,130.343
2019-08-31 00:00:00+00:00,9600.54,171.774,0.0448,0.99975,0.25759,64.549,0.0155,,0.00811,129.393
2019-09-01 00:00:00+00:00,9767.628,170.786,0.04493,0.99974,0.25611,66.2,0.01556,1.00002,0.00848,129.876
2019-09-02 00:00:00+00:00,10382.85,178.521,0.04541,0.99998,0.26124,67.141,0.01598,1.0,0.00866,134.48
2019-09-03 00:00:00+00:00,10633.093,179.474,0.0464,1.0,0.26594,69.025,0.016,1.00399,0.00885,135.446
2019-09-04 00:00:00+00:00,10589.501,174.955,0.04544,1.00049,0.25882,67.11,0.01567,1.003,0.0087,132.049
2019-09-05 00:00:00+00:00,10586.138,174.789,0.04441,1.001,0.25683,65.409,0.01487,1.0,0.00801,130.0
2019-09-06 00:00:00+00:00,10315.0,169.457,0.04445,1.00004,0.25001,64.975,0.01415,0.997,0.00819,130.65
2019-09-07 00:00:00+00:00,10490.805,178.168,0.04554,1.00239,0.26154,69.27,0.01544,0.99862,0.00811,134.771
2019-09-08 00:00:00+00:00,10412.099,181.444,0.04661,1.00037,0.26231,70.45,0.01576,0.99851,0.00864,132.399
2019-09-09 00:00:00+00:00,10321.618,180.915,0.04706,1.00033,0.25912,70.303,0.0158,1.00001,0.00839,130.995
2019-09-10 00:00:00+00:00,10108.907,179.899,0.04636,1.00055,0.25886,70.351,0.01557,1.0,0.00817,127.388
2019-09-11 00:00:00+00:00,10157.359,177.541,0.04484,0.99998,0.25561,69.874,0.01489,0.99997,0.00801,119.549
2019-09-12 00:00:00+00:00,10431.9,180.606,0.04533,1.0001,0.25455,68.999,0.0149,0.99999,0.00808,118.75
2019-09-13 00:00:00+00:00,10367.025,181.717,0.04546,1.0008,0.25526,68.97,0.0155,0.999,0.00812,116.998
2019-09-14 00:00:00+00:00,10362.059,188.346,0.04651,1.00172,0.26231,70.839,0.0158,0.99902,0.00807,119.735
2019-09-15 00:00:00+00:00,10305.623,189.611,0.0467,1.00085,0.2595,70.354,0.01548,,0.00809,120.059
2019-09-16 00:00:00+00:00,10260.0,197.093,0.04697,1.0,0.26029,72.213,0.01568,1.001,0.0079,123.18
2019-09-17 00:00:00+00:00,10194.8,207.881,0.04883,1.00053,0.2845,74.191,0.01677,1.0,0.00818,124.894
2019-09-18 00:00:00+00:00,10161.115,210.013,0.05382,1.00041,0.3126,77.86,0.018,1.0,0.00831,125.681
2019-09-19 00:00:00+00:00,10279.435,221.132,0.05276,1.0,0.30206,77.276,0.01765,0.99952,0.00844,122.285
2019-09-20 00:00:00+00:00,10170.71,218.026,0.05233,0.9994,0.29346,75.162,0.01715,0.99951,0.00824,122.0
2019-09-21 00:00:00+00:00,9986.974,215.708,0.05181,0.99944,0.28998,73.24,0.01814,0.99951,0.0081,121.53
2019-09-22 00:00:00+00:00,10035.125,211.727,0.04903,0.99996,0.27792,72.361,0.01696,1.002,0.00782,118.937
2019-09-23 00:00:00+00:00,9692.578,200.88,0.046,0.9996,0.26639,66.42,0.01597,1.00001,0.00755,112.0
2019-09-24 00:00:00+00:00,8542.477,166.467,0.0375,1.00389,0.234,55.0,0.01263,0.99901,0.00687,86.367
2019-09-25 00:00:00+00:00,8438.561,170.572,0.03924,1.00072,0.24594,57.144,0.01323,0.99901,0.0068,85.439
2019-09-26 00:00:00+00:00,8056.929,165.826,0.03784,1.0,0.245,55.073,0.01285,1.0035,0.0076,83.708
2019-09-27 00:00:00+00:00,8195.161,174.007,0.0393,1.00214,0.2424,55.911,0.01361,0.999,0.00792,84.578
2019-09-28 00:00:00+00:00,8220.0,173.655,0.03833,1.00128,0.24179,55.408,0.01357,0.99998,0.00769,84.207
2019-09-29 00:00:00+00:00,8057.138,169.42,0.03729,0.99978,0.242,54.02,0.01356,0.999,0.00761,81.988
2019-09-30 00:00:00+00:00,8304.738,181.223,0.03869,1.0015,0.25603,56.05,0.01443,0.99999,0.00776,87.049
2019-10-01 00:00:00+00:00,8321.746,176.451,0.0385,1.0031,0.25007,55.91,0.01398,0.9995,0.00756,84.878
2019-10-02 00:00:00+00:00,8382.53,180.981,0.03948,1.00298,0.25478,56.549,0.01443,0.9995,0.00757,85.0
2019-10-03 00:00:00+00:00,8238.962,175.825,0.03846,1.00121,0.24768,56.681,0.01434,0.99999,0.00759,83.19
2019-10-04 00:00:00+00:00,8157.001,176.4,0.03937,1.0009,0.25332,56.567,0.01462,0.99999,0.00748,82.709
2019-10-05 00:00:00+00:00,8146.87,176.44,0.03949,1.0,0.253,56.791,0.01504,1.003,0.00747,83.277
2019-10-06 00:00:00+00:00,7856.158,170.272,0.03877,1.0,0.25259,54.43,0.01452,0.99998,0.00724,80.346
2019-10-07 00:00:00+00:00,8215.294,180.115,0.0415,1.001,0.27656,57.708,0.01615,0.99998,0.00769,84.5
2019-10-08 00:00:00+00:00,8185.449,180.907,0.0412,0.99989,0.27713,57.056,0.01694,1.00053,0.00793,83.826
2019-10-09 00:00:00+00:00,8591.375,193.433,0.04268,1.00101,0.2827,59.414,0.01692,1.001,0.00841,90.575
2019-10-10 00:00:00+00:00,8593.528,191.392,0.04151,1.001,0.27101,57.4,0.01627,1.00001,0.0085,88.546
2019-10-11 00:00:00+00:00,8272.412,180.754,0.04,1.001,0.26644,55.75,0.01574,1.00001,0.00874,83.706
2019-10-12 00:00:00+00:00,8309.001,179.947,0.04029,1.00255,0.273,55.823,0.01572,0.99998,0.00868,86.985
2019-10-13 00:00:00+00:00,8288.271,181.437,0.04126,1.00244,0.27769,56.424,0.01601,0.99998,0.00884,85.786
2019-10-14 00:00:00+00:00,8350.048,186.697,0.04157,1.00002,0.2985,56.708,0.01675,0.99999,0.00864,86.604
2019-10-15 00:00:00+00:00,8164.449,180.774,0.03963,1.00189,0.28806,54.64,0.01568,1.00199,0.00811,89.0
2019-10-16 00:00:00+00:00,8008.0,174.605,0.0382,1.00055,0.28396,52.473,0.01505,0.99998,0.00777,87.603
2019-10-17 00:00:00+00:00,8077.215,177.205,0.03924,1.00101,0.30194,54.827,0.01539,0.99998,0.00808,89.81
2019-10-18 00:00:00+00:00,7957.964,173.085,0.0382,1.00198,0.29404,53.186,0.01529,1.0025,0.00776,90.193
2019-10-19 00:00:00+00:00,7958.615,171.775,0.03903,1.00205,0.29037,53.705,0.01543,0.999,0.00773,89.837
2019-10-20 00:00:00+00:00,8230.858,174.895,0.03939,1.00257,0.29337,54.83,0.01553,0.9971,0.00754,95.195
2019-10-21 00:00:00+00:00,8214.481,174.399,0.03928,1.002,0.29329,54.769,0.01555,1.0025,0.00752,112.913
2019-10-22 00:00:00+00:00,8027.635,171.497,0.0386,0.99999,0.29183,53.444,0.0151,1.00198,0.0071,106.66
2019-10-23 00:00:00+00:00,7479.96,162.469,0.03626,1.002,0.273,49.519,0.01415,1.00195,0.00699,96.944
2019-10-24 00:00:00+00:00,7433.838,160.716,0.03766,1.00255,0.27782,49.78,0.0152,1.00195,0.00672,108.982
2019-10-25 00:00:00+00:00,8675.219,181.477,0.04113,1.00002,0.29797,56.631,0.01772,1.005,0.00777,132.03
2019-10-26 00:00:00+00:00,9271.52,180.116,0.04077,1.00349,0.294,56.927,0.01658,1.005,0.00778,139.392
2019-10-27 00:00:00+00:00,9552.996,184.853,0.04237,1.0022,0.29902,59.928,0.01912,0.99853,0.00763,140.505
2019-10-28 00:00:00+00:00,9221.232,182.228,0.04239,1.00129,0.29545,57.822,0.02005,1.00149,0.00747,137.832
2019-10-29 00:00:00+00:00,9431.596,190.961,0.04329,1.00187,0.30318,59.927,0.0221,1.0015,0.00737,141.0
2019-10-30 00:00:00+00:00,9170.0,183.07,0.04182,1.001,0.295,57.857,0.01997,0.99782,0.00707,135.0
2019-10-31 00:00:00+00:00,9162.654,182.551,0.04119,1.00066,0.29471,58.47,0.01986,1.0015,0.00691,127.2
2019-11-01 00:00:00+00:00,9260.402,183.468,0.04209,0.99969,0.29222,58.237,0.01969,1.0015,0.00694,128.0
2019-11-02 00:00:00+00:00,9307.694,182.922,0.04236,1.0,0.29573,58.425,0.01996,1.0015,0.00735,132.152
2019-11-03 00:00:00+00:00,9213.384,181.862,0.04168,0.99999,0.29001,58.347,0.01968,,0.00726,128.028
2019-11-04 00:00:00+00:00,9420.384,186.23,0.04332,1.0,0.29994,61.415,0.01987,0.99901,0.00734,131.607
2019-11-05 00:00:00+00:00,9310.497,188.736,0.04419,0.999,0.30168,63.18,0.01984,0.99901,0.00728,138.704
2019-11-06 00:00:00+00:00,9352.0,191.694,0.04455,0.99921,0.31,63.9,0.02016,0.999,0.00722,139.499
2019-11-07 00:00:00+00:00,9216.169,186.876,0.04334,0.9986,0.29099,61.326,0.01954,0.999,0.00698,133.071
2019-11-08 00:00:00+00:00,8768.823,183.802,0.04213,0.99862,0.27597,60.471,0.01871,1.00002,0.0069,125.477
2019-11-09 00:00:00+00:00,8804.099,185.133,0.04222,0.99916,0.27822,62.288,0.01886,1.001,0.00713,129.662
2019-11-10 00:00:00+00:00,9042.321,189.1,0.04396,0.99969,0.27907,63.855,0.01939,1.00127,0.00723,135.0
2019-11-11 00:00:00+00:00,8721.537,184.777,0.04316,0.99863,0.27348,61.613,0.019,1.00126,0.00702,130.654
2019-11-12 00:00:00+00:00,8809.0,186.169,0.04358,0.998,0.27177,61.173,0.01957,1.00127,0.00711,130.935
2019-11-13 00:00:00+00:00,8761.669,188.404,0.04321,0.99999,0.27232,60.85,0.01994,1.00499,0.0069,129.262
2019-11-14 00:00:00+00:00,8641.08,184.494,0.04271,0.99855,0.26766,59.012,0.01928,1.00201,0.00713,125.703
2019-11-15 00:00:00+00:00,8454.075,179.627,0.04392,0.99941,0.25989,57.513,0.01858,0.9995,0.0069,124.293
2019-11-16 00:00:00+00:00,8487.36,182.688,0.04391,0.99751,0.26262,58.386,0.01865,0.99951,0.00677,123.052
2019-11-17 00:00:00+00:00,8500.644,183.797,0.04519,0.999,0.26304,59.132,0.01875,1.00299,0.00685,123.501
2019-11-18 00:00:00+00:00,8180.0,178.198,0.04317,0.99851,0.25231,55.906,0.01715,0.9995,0.00657,116.501
2019-11-19 00:00:00+00:00,8119.676,175.148,0.04201,0.99851,0.25303,54.811,0.01691,0.9995,0.00671,110.283
2019-11-20 00:00:00+00:00,8078.384,174.17,0.04115,0.9963,0.249,55.0,0.01646,1.00248,0.00708,106.0
2019-11-21 00:00:00+00:00,7615.512,160.945,0.03839,0.99899,0.24364,50.681,0.01528,1.00249,0.0069,100.887
2019-11-22 00:00:00+00:00,7304.25,150.2,0.03699,1.002,0.23178,47.597,0.01442,1.00298,0.0067,98.626
2019-11-23 00:00:00+00:00,7324.499,152.266,0.03802,1.0,0.23385,48.313,0.015,0.9995,0.0067,108.372
2019-11-24 00:00:00+00:00,6901.5,139.918,0.03581,1.00078,0.21905,43.733,0.01385,0.9995,0.00637,99.332
2019-11-25 00:00:00+00:00,7131.21,146.654,0.036,1.00087,0.21867,45.946,0.01425,0.9996,0.00634,104.458
2019-11-26 00:00:00+00:00,7167.234,147.693,0.03653,1.00091,0.22099,47.17,0.01537,1.002,0.00638,106.886
2019-11-27 00:00:00+00:00,7536.79,153.099,0.03865,1.0,0.22458,47.866,0.01615,0.99961,0.00697,107.953
2019-11-28 00:00:00+00:00,7426.725,151.107,0.039,1.00031,0.22386,46.937,0.01575,0.9996,0.00689,105.55
2019-11-29 00:00:00+00:00,7761.31,154.273,0.04131,1.0,0.23045,48.738,0.01614,1.00099,0.0069,108.07
2019-11-30 00:00:00+00:00,7558.757,152.268,0.04036,1.0016,0.2261,47.307,0.01548,0.99961,0.00682,105.991
2019-12-01 00:00:00+00:00,7399.277,151.287,0.03919,1.00267,0.22516,47.691,0.01597,0.99961,0.00667,104.279
2019-12-02 00:00:00+00:00,7309.126,149.037,0.03806,1.00199,0.22054,45.747,0.01523,0.9995,0.0065,101.288
2019-12-03 00:00:00+00:00,7299.894,147.496,0.03774,1.003,0.21997,44.748,0.01527,1.0029,0.0066,96.055
2019-12-04 00:00:00+00:00,7198.21,145.876,0.03721,0.9985,0.2153,44.8,0.01428,0.99951,0.00647,95.294
2019-12-05 00:00:00+00:00,7411.363,147.956,0.03764,1.0005,0.22245,44.807,0.0146,0.9995,0.00631,95.305
2019-12-06 00:00:00+00:00,7551.365,148.964,0.03843,1.002,0.22625,45.428,0.01465,1.004,0.00652,96.506
2019-12-07 00:00:00+00:00,7534.277,148.108,0.03872,1.0017,0.22799,45.216,0.01456,1.002,0.00647,95.212
2019-12-08 00:00:00+00:00,7531.771,147.346,0.03817,1.00066,0.23,45.837,0.01449,0.9995,0.00654,95.374
2019-12-09 00:00:00+00:00,7342.573,147.411,0.0373,0.99929,0.22357,44.568,0.01435,1.006,0.00653,95.11
2019-12-10 00:00:00+00:00,7226.433,145.687,0.03643,1.001,0.22227,44.131,0.01408,1.00998,0.00633,95.793
2019-12-11 00:00:00+00:00,7201.423,143.106,0.03622,0.99626,0.221,43.587,0.01408,0.9995,0.00646,94.322
2019-12-12 00:00:00+00:00,7193.85,145.032,0.03647,0.99901,0.219,43.741,0.0138,,0.00654,92.54
2019-12-13 00:00:00+00:00,7261.478,144.948,0.03707,0.999,0.21937,44.181,0.01406,1.0,0.00666,93.45
2019-12-14 00:00:00+00:00,7077.74,141.758,0.03623,1.0011,0.216,43.418,0.0139,1.003,0.00646,92.85
2019-12-15 00:00:00+00:00,7118.511,142.485,0.03641,1.001,0.21755,43.467,0.01396,1.00001,0.00629,92.815
2019-12-16 00:00:00+00:00,6892.734,132.432,0.03399,0.99721,0.20572,40.096,0.01336,1.0,0.00622,88.9
2019-12-17 00:00:00+00:00,6619.469,121.61,0.03147,0.999,0.182,36.858,0.01238,1.00001,0.00583,80.01
2019-12-18 00:00:00+00:00,7286.56,132.892,0.03423,1.00197,0.19583,40.922,0.01339,1.0,0.00663,86.699
2019-12-19 00:00:00+00:00,7145.139,128.094,0.033,1.0,0.18879,39.6,0.01304,1.0,0.00629,84.44
2019-12-20 00:00:00+00:00,7199.036,128.452,0.03383,1.0,0.195,40.285,0.01347,,0.006,88.44
2019-12-21 00:00:00+00:00,7138.304,127.111,0.03314,0.999,0.19123,39.792,0.01352,0.9995,0.00588,85.071
2019-12-22 00:00:00+00:00,7514.846,132.277,0.03428,1.00006,0.19601,41.914,0.0149,0.9995,0.00583,88.358
2019-12-23 00:00:00+00:00,7327.021,128.042,0.03317,1.00125,0.19008,40.429,0.01378,1.005,0.00572,86.23
2019-12-24 00:00:00+00:00,7281.629,128.019,0.03412,0.99905,0.19049,40.214,0.01346,,0.00584,86.4
2019-12-25 00:00:00+00:00,7200.635,124.8,0.0335,0.99718,0.18887,40.139,0.0132,1.0,0.00572,85.707
2019-12-26 00:00:00+00:00,7385.416,125.48,0.03389,0.99821,0.18947,39.945,0.01376,1.004,0.00562,87.533
2019-12-27 00:00:00+00:00,7243.177,126.426,0.03306,0.99972,0.18875,41.188,0.01325,1.007,0.00553,90.0
2019-12-28 00:00:00+00:00,7303.505,128.01,0.03353,0.99885,0.19307,42.636,0.01354,1.0,0.00547,94.597
2019-12-29 00:00:00+00:00,7393.018,134.279,0.03419,0.99706,0.19724,43.169,0.01376,,0.00555,101.0
2019-12-30 00:00:00+00:00,7220.81,131.185,0.0334,0.99801,0.19231,42.431,0.01327,0.9995,0.0053,96.128
2019-12-31 00:00:00+00:00,7171.998,128.846,0.0326,0.99501,0.19334,41.169,0.01326,1.00131,0.00532,96.498
2020-01-01 00:00:00+00:00,7181.401,130.222,0.0335,0.9975,0.1915,41.459,0.01329,1.00131,0.00531,97.025
2020-01-02 00:00:00+00:00,6940.133,126.851,0.03277,0.99605,0.18747,39.348,0.01275,0.99901,0.0053,92.49
2020-01-03 00:00:00+00:00,7335.221,134.191,0.03395,0.9979,0.19255,42.19,0.01334,0.999,0.00543,102.196
2020-01-04 00:00:00+00:00,7348.0,134.115,0.03438,0.99827,0.19221,42.465,0.0134,0.999,0.00546,109.91
2020-01-05 00:00:00+00:00,7358.856,134.853,0.03462,0.99818,0.19405,43.25,0.01367,0.999,0.00541,109.643
2020-01-06 00:00:00+00:00,7771.675,144.171,0.03727,1.0,0.2227,45.747,0.01459,1.00449,0.00577,118.125
2020-01-07 00:00:00+00:00,8165.528,143.181,0.03698,0.998,0.214,46.358,0.01437,1.00449,0.00596,114.624
2020-01-08 00:00:00+00:00,8053.418,140.552,0.03623,0.998,0.208,45.435,0.01406,1.00199,0.00565,112.446
2020-01-09 00:00:00+00:00,7817.804,137.694,0.03614,0.9997,0.20271,44.979,0.01396,1.00398,0.00549,116.75
2020-01-10 00:00:00+00:00,8185.541,145.03,0.03679,1.00158,0.212,48.907,0.01469,1.0,0.00562,171.416
2020-01-11 00:00:00+00:00,8022.145,142.496,0.03691,0.99863,0.2104,49.265,0.01467,0.99652,0.00572,149.864
2020-01-12 00:00:00+00:00,8187.559,146.33,0.03785,1.00006,0.2152,51.414,0.01479,0.9975,0.00581,164.805
2020-01-13 00:00:00+00:00,8107.852,143.546,0.03698,0.99991,0.21215,49.582,0.01467,1.003,0.00577,174.46
2020-01-14 00:00:00+00:00,8830.329,166.308,0.0416,1.001,0.23518,58.459,0.01673,1.0,0.00634,424.0
2020-01-15 00:00:00+00:00,8819.648,166.297,0.04247,1.0,0.23252,58.211,0.01724,1.00396,0.0068,317.95
2020-01-16 00:00:00+00:00,8719.188,164.142,0.04145,0.998,0.2287,57.59,0.01702,1.00499,0.00697,315.118
2020-01-17 00:00:00+00:00,8905.412,170.124,0.04524,0.99914,0.24036,61.184,0.0176,1.005,0.00699,286.098
2020-01-18 00:00:00+00:00,8919.773,174.323,0.0449,1.002,0.24404,59.492,0.01767,0.9975,0.00698,255.544
2020-01-19 00:00:00+00:00,8702.126,166.89,0.04216,0.99801,0.23565,57.754,0.01661,1.0025,0.00673,280.2
2020-01-20 00:00:00+00:00,8623.821,166.54,0.044,0.99999,0.23297,57.465,0.01654,1.0,0.00675,300.0
2020-01-21 00:00:00+00:00,8723.745,169.563,0.046,0.999,0.2375,57.755,0.01725,1.00299,0.00676,315.712
2020-01-22 00:00:00+00:00,8667.995,167.695,0.0455,0.99763,0.23664,58.333,0.01731,1.02,0.00667,307.0
2020-01-23 00:00:00+00:00,8397.15,162.719,0.04326,0.99683,0.22475,54.267,0.01616,1.0,0.00647,259.855
2020-01-24 00:00:00+00:00,8441.076,162.461,0.04498,0.998,0.22122,54.302,0.0164,1.0,0.00647,264.902
2020-01-25 00:00:00+00:00,8337.746,160.207,0.04363,0.999,0.2201,53.284,0.01613,0.995,0.00621,261.458
2020-01-26 00:00:00+00:00,8589.988,167.331,0.0446,0.99842,0.23069,55.898,0.01672,0.999,0.00623,273.227
2020-01-27 00:00:00+00:00,8906.508,169.971,0.04749,0.9987,0.23024,58.641,0.01706,0.998,0.00636,298.543
2020-01-28 00:00:00+00:00,9390.0,175.865,0.0528,1.00016,0.24045,60.598,0.01855,1.0,0.00656,297.086
2020-01-29 00:00:00+00:00,9287.186,173.823,0.05333,0.99899,0.235,60.061,0.01882,0.9995,0.0063,286.81
2020-01-30 00:00:00+00:00,9497.257,184.373,0.05597,0.99645,0.24233,67.881,0.01948,1.00099,0.00635,297.892
2020-01-31 00:00:00+00:00,9336.269,179.504,0.05416,1.00072,0.23873,67.55,0.01882,1.0025,0.00618,271.787
2020-02-01 00:00:00+00:00,9384.336,183.526,0.05611,0.99992,0.24054,71.048,0.01905,1.0025,0.00632,278.807
2020-02-02 00:00:00+00:00,9324.376,188.235,0.05566,0.998,0.25066,69.85,0.0191,0.999,0.00641,278.479
2020-02-03 00:00:00+00:00,9289.033,189.536,0.057,0.998,0.2542,69.606,0.01922,1.001,0.00637,279.99
2020-02-04 00:00:00+00:00,9170.604,188.313,0.0559,0.99619,0.2669,67.728,0.01925,0.9975,0.00639,269.94
2020-02-05 00:00:00+00:00,9610.677,203.92,0.05967,0.999,0.2781,72.81,0.02082,0.9995,0.00702,299.988
2020-02-06 00:00:00+00:00,9758.0,212.963,0.06006,0.99862,0.28267,73.357,0.02253,0.9995,0.00714,294.776
2020-02-07 00:00:00+00:00,9804.588,223.142,0.05978,0.99795,0.27858,74.361,0.02212,0.9995,0.00725,295.133
2020-02-08 00:00:00+00:00,9908.659,223.425,0.06036,1.0012,0.27793,76.676,0.02199,1.0,0.00732,335.914
2020-02-09 00:00:00+00:00,10166.238,228.665,0.06242,1.0009,0.2832,76.918,0.02198,1.002,0.00752,351.022
2020-02-10 00:00:00+00:00,9856.324,223.781,0.06042,1.00039,0.2747,74.22,0.0222,1.0,0.00738,353.901
2020-02-11 00:00:00+00:00,10275.302,237.852,0.06365,1.0042,0.28139,77.099,0.02295,1.0,0.00797,368.246
2020-02-12 00:00:00+00:00,10361.187,265.488,0.068,1.0,0.30511,81.536,0.02423,0.9996,0.00799,367.525
2020-02-13 00:00:00+00:00,10233.558,268.315,0.06912,1.0004,0.32759,80.398,0.0239,0.99755,0.00796,360.482
2020-02-14 00:00:00+00:00,10368.11,285.958,0.07087,1.00142,0.33716,83.174,0.0263,0.998,0.00829,362.99
2020-02-15 00:00:00+00:00,9920.551,264.781,0.06516,1.00096,0.30648,76.331,0.02355,1.002,0.00808,311.284
2020-02-16 00:00:00+00:00,9943.334,260.0,0.063,1.00049,0.29552,75.101,0.0225,0.998,0.00803,285.402
2020-02-17 00:00:00+00:00,9705.413,267.532,0.06015,0.99945,0.28697,72.875,0.02162,0.9995,0.00749,310.31
2020-02-18 00:00:00+00:00,10186.584,282.955,0.06304,1.00264,0.29831,77.281,0.02265,1.0,0.0078,309.902
2020-02-19 00:00:00+00:00,9600.178,258.448,0.05727,1.00096,0.275,70.681,0.0202,0.9995,0.00694,288.666
2020-02-20 00:00:00+00:00,9608.948,257.526,0.05855,1.00112,0.27077,69.447,0.02,0.9995,0.00663,286.611
2020-02-21 00:00:00+00:00,9699.219,265.834,0.05903,1.00172,0.27678,73.453,0.02027,0.9995,0.00689,289.019
2020-02-22 00:00:00+00:00,9669.56,262.321,0.05845,1.00173,0.275,75.115,0.02011,0.9995,0.00691,280.133
2020-02-23 00:00:00+00:00,9976.684,275.919,0.06168,1.00333,0.28406,80.084,0.02143,0.9995,0.00714,296.209
2020-02-24 00:00:00+00:00,9667.47,266.251,0.05883,0.99949,0.271,75.874,0.0197,1.0,0.00665,278.057
2020-02-25 00:00:00+00:00,9304.247,246.318,0.05652,0.99919,0.252,71.238,0.01924,1.003,0.00632,259.161
2020-02-26 00:00:00+00:00,8796.65,223.877,0.04942,0.99927,0.2292,60.809,0.0166,1.005,0.00592,226.15
2020-02-27 00:00:00+00:00,8804.316,227.231,0.04995,0.999,0.23704,61.383,0.01691,0.9995,0.006,226.0
2020-02-28 00:00:00+00:00,8694.123,227.592,0.04892,1.00196,0.238,60.418,0.01723,0.9995,0.00593,217.0
2020-02-29 00:00:00+00:00,8528.389,217.652,0.04719,1.00022,0.229,57.958,0.01647,0.9995,0.0058,210.586
2020-03-01 00:00:00+00:00,8528.927,217.621,0.04593,0.999,0.2289,58.291,0.01652,0.9995,0.00553,229.697
2020-03-02 00:00:00+00:00,8917.846,231.702,0.04913,1.00006,0.239,61.352,0.01747,0.9995,0.00605,253.664
2020-03-03 00:00:00+00:00,8757.591,223.702,0.04877,1.00056,0.23404,61.2,0.01726,0.99951,0.00588,249.548
2020-03-04 00:00:00+00:00,8767.87,224.547,0.04888,1.00115,0.2345,60.131,0.01783,1.003,0.00602,232.223
2020-03-05 00:00:00+00:00,9073.368,228.721,0.05109,1.00121,0.23859,61.767,0.01774,1.005,0.00642,241.44
2020-03-06 00:00:00+00:00,9156.0,245.69,0.0517,1.00277,0.24506,63.143,0.01817,0.9996,0.00629,249.0
2020-03-07 00:00:00+00:00,8901.469,237.558,0.0489,1.00065,0.23632,60.488,0.01717,1.002,0.00591,234.318
2020-03-08 00:00:00+00:00,8040.036,199.342,0.04245,1.0009,0.20384,51.32,0.01458,0.99961,0.00544,194.189
2020-03-09 00:00:00+00:00,7929.153,203.56,0.04182,1.0002,0.20874,50.496,0.015,0.9995,0.00531,199.774
2020-03-10 00:00:00+00:00,7888.469,200.45,0.04144,1.0,0.21184,50.189,0.01512,1.0,0.00552,199.273
2020-03-11 00:00:00+00:00,7943.571,194.943,0.03972,1.00098,0.20739,48.724,0.01495,0.9999,0.00532,191.987
2020-03-12 00:00:00+00:00,4888.08,109.083,0.02274,1.01293,0.13414,30.044,0.00845,0.9995,0.00309,114.083
2020-03-13 00:00:00+00:00,5639.892,135.603,0.02859,1.01005,0.15908,38.172,0.01029,1.0,0.00369,120.566
2020-03-14 00:00:00+00:00,5164.435,121.923,0.02568,0.998,0.14605,34.299,0.00966,0.9999,0.0034,113.349
2020-03-15 00:00:00+00:00,5345.671,123.093,0.0267,0.9975,0.15233,36.421,0.01025,0.99801,0.0034,121.839
2020-03-16 00:00:00+00:00,5037.248,111.196,0.0241,1.00273,0.141,33.222,0.00966,1.00199,0.00309,111.277
2020-03-17 00:00:00+00:00,5347.788,116.445,0.0259,1.00407,0.14729,34.178,0.01024,0.999,0.00321,120.396
2020-03-18 00:00:00+00:00,5410.334,118.545,0.0262,1.00309,0.14767,34.927,0.01025,0.9995,0.00319,123.833
2020-03-19 00:00:00+00:00,6190.655,137.193,0.03057,1.0037,0.1659,39.151,0.01164,1.002,0.00391,156.749
2020-03-20 00:00:00+00:00,6202.648,133.537,0.0293,0.99959,0.15678,38.0,0.01118,0.99902,0.00352,160.647
2020-03-21 00:00:00+00:00,6195.213,132.784,0.02962,1.00069,0.15813,38.344,0.01122,0.9992,0.00368,167.965
2020-03-22 00:00:00+00:00,5832.473,122.533,0.02716,1.00054,0.14832,35.535,0.01054,1.00119,0.00316,156.763
2020-03-23 00:00:00+00:00,6499.728,136.736,0.02934,1.00467,0.15928,39.17,0.01145,1.00099,0.00349,170.017
2020-03-24 00:00:00+00:00,6772.331,138.868,0.03043,1.0034,0.16352,40.63,0.01157,0.9992,0.00363,178.573
2020-03-25 00:00:00+00:00,6694.985,136.28,0.02903,1.00169,0.16211,39.35,0.01139,0.999,0.00383,173.448
2020-03-26 00:00:00+00:00,6757.786,139.022,0.03103,1.00372,0.1769,40.505,0.01191,1.0004,0.00409,173.607
2020-03-27 00:00:00+00:00,6363.965,131.528,0.02877,1.00119,0.17341,38.03,0.01123,0.9988,0.00429,163.672
2020-03-28 00:00:00+00:00,6258.904,131.443,0.0299,1.00222,0.17534,39.0,0.01141,0.9992,0.00433,157.638
2020-03-29 00:00:00+00:00,5882.002,124.784,0.02843,0.9993,0.16307,37.168,0.0107,0.9994,0.00421,147.158
2020-03-30 00:00:00+00:00,6404.945,132.416,0.02984,1.0025,0.17146,39.059,0.01146,0.9992,0.00429,165.753
2020-03-31 00:00:00+00:00,6425.102,133.1,0.03048,1.0025,0.174,39.413,0.01164,0.9984,0.00456,165.351
2020-04-01 00:00:00+00:00,6664.981,135.929,0.03108,1.00265,0.17511,39.428,0.01166,1.0008,0.00468,168.162
2020-04-02 00:00:00+00:00,6799.87,141.441,0.03192,1.00005,0.17841,40.048,0.012,0.9982,0.00487,175.702
2020-04-03 00:00:00+00:00,6743.385,141.373,0.0324,1.00154,0.1791,40.659,0.01191,1.0004,0.00515,179.015
2020-04-04 00:00:00+00:00,6875.281,144.45,0.03229,1.00225,0.18092,40.778,0.01197,0.9992,0.00547,179.259
2020-04-05 00:00:00+00:00,6780.932,142.84,0.032,1.001,0.17935,40.386,0.01255,1.00059,0.00527,174.236
2020-04-06 00:00:00+00:00,7345.257,171.581,0.03593,1.00174,0.199,44.997,0.01382,1.0,0.00645,192.661
2020-04-07 00:00:00+00:00,7202.697,164.62,0.0351,1.0,0.19325,44.767,0.01327,0.9994,0.0062,184.484
2020-04-08 00:00:00+00:00,7370.372,173.015,0.03657,1.00087,0.20241,46.662,0.0138,1.00049,0.0066,218.342
2020-04-09 00:00:00+00:00,7293.348,170.119,0.03619,1.00126,0.19941,46.341,0.01348,1.0,0.00672,214.387
2020-04-10 00:00:00+00:00,6874.276,158.037,0.03334,1.00167,0.18775,42.305,0.01231,1.00099,0.00608,186.773
2020-04-11 00:00:00+00:00,6891.622,158.642,0.03328,1.00197,0.18772,42.631,0.01235,1.0,0.00619,187.065
2020-04-12 00:00:00+00:00,6910.404,158.819,0.0337,1.00191,0.18947,42.008,0.01279,0.9999,0.00616,191.563
2020-04-13 00:00:00+00:00,6863.54,156.836,0.03312,1.003,0.18808,41.526,0.0126,1.0,0.00561,188.53
2020-04-14 00:00:00+00:00,6874.317,158.592,0.03313,1.0013,0.1864,41.128,0.01253,1.0,0.00538,189.077
2020-04-15 00:00:00+00:00,6622.894,152.924,0.0319,1.00167,0.18039,39.3,0.0122,0.99991,0.00493,181.756
2020-04-16 00:00:00+00:00,7116.578,172.483,0.03445,1.00145,0.19194,42.445,0.01321,1.00078,0.0062,195.182
2020-04-17 00:00:00+00:00,7034.026,171.107,0.03447,1.00147,0.1888,42.265,0.013,0.9995,0.0066,193.48
2020-04-18 00:00:00+00:00,7259.96,187.828,0.03667,1.0017,0.19538,44.313,0.01333,0.9992,0.00786,202.043
2020-04-19 00:00:00+00:00,7126.568,180.362,0.03562,1.0012,0.19,42.3,0.01295,0.9995,0.0079,195.078
2020-04-20 00:00:00+00:00,6844.165,170.485,0.03405,1.00208,0.18164,40.439,0.01243,0.99994,0.00696,183.996
2020-04-21 00:00:00+00:00,6860.911,171.021,0.0349,1.0025,0.184,40.763,0.01254,1.00045,0.00765,183.187
2020-04-22 00:00:00+00:00,7141.727,183.1,0.03662,1.00149,0.18894,41.901,0.01291,0.9995,0.009,192.861
2020-04-23 00:00:00+00:00,7486.401,184.939,0.04094,1.001,0.19303,42.834,0.01367,0.9995,0.01053,192.855
2020-04-24 00:00:00+00:00,7510.969,187.672,0.0416,1.00121,0.19299,44.646,0.01396,0.9995,0.01241,193.233
2020-04-25 00:00:00+00:00,7550.2,194.339,0.04207,1.00056,0.1948,44.296,0.01395,0.99977,0.01649,193.499
2020-04-26 00:00:00+00:00,7707.0,197.799,0.04608,1.00117,0.19707,44.453,0.01415,0.9995,0.0142,197.159
2020-04-27 00:00:00+00:00,7790.017,196.303,0.04652,1.00292,0.1979,44.625,0.01453,1.002,0.011,196.261
2020-04-28 00:00:00+00:00,7760.0,196.821,0.04718,1.00193,0.21552,45.886,0.01537,1.00181,0.01209,196.048
2020-04-29 00:00:00+00:00,8785.064,215.537,0.05159,1.00066,0.22574,48.851,0.01616,1.00096,0.01519,206.674
2020-04-30 00:00:00+00:00,8635.375,206.483,0.04743,1.0013,0.21142,46.365,0.0153,0.99943,0.01549,207.827
2020-05-01 00:00:00+00:00,8832.754,212.168,0.05106,1.00143,0.21841,47.096,0.01588,0.99999,0.01612,211.24
2020-05-02 00:00:00+00:00,8976.842,213.833,0.05087,1.0013,0.22361,49.344,0.01638,0.9995,0.01888,212.39
2020-05-03 00:00:00+00:00,8902.331,210.275,0.04905,1.001,0.2197,48.146,0.01604,0.99961,0.0188,207.65
2020-05-04 00:00:00+00:00,8889.058,207.002,0.04937,1.00261,0.21862,47.008,0.01617,0.99994,0.01911,203.623
2020-05-05 00:00:00+00:00,9032.252,205.65,0.04933,1.00164,0.21599,46.628,0.01593,1.0,0.02377,207.766
2020-05-06 00:00:00+00:00,9158.975,198.889,0.04907,1.00081,0.21122,45.267,0.01554,0.99858,0.02279,202.198
2020-05-07 00:00:00+00:00,10005.045,212.395,0.05138,1.00238,0.21866,47.66,0.01623,0.99901,0.02434,207.383
2020-05-08 00:00:00+00:00,9811.63,211.627,0.052,1.00174,0.21863,47.815,0.01632,1.0,0.02219,210.951
2020-05-09 00:00:00+00:00,9520.0,210.008,0.05151,1.00055,0.2185,47.048,0.0161,1.00011,0.0215,210.806
2020-05-10 00:00:00+00:00,8745.285,187.736,0.04726,1.00021,0.19597,42.142,0.01441,1.00045,0.01886,182.427
2020-05-11 00:00:00+00:00,8579.282,185.945,0.048,1.00207,0.19304,41.973,0.01397,1.0002,0.0174,187.895
2020-05-12 00:00:00+00:00,8827.644,189.944,0.0505,1.001,0.19833,42.275,0.01455,0.99943,0.02114,187.173
2020-05-13 00:00:00+00:00,9318.824,199.927,0.05162,1.00196,0.20201,43.271,0.015,0.9999,0.0222,191.598
2020-05-14 00:00:00+00:00,9795.0,203.143,0.05127,1.00107,0.20458,44.12,0.01534,0.99999,0.02187,193.29
2020-05-15 00:00:00+00:00,9311.818,194.284,0.05046,0.99961,0.19729,42.766,0.01489,1.00045,0.02109,185.756
2020-05-16 00:00:00+00:00,9381.886,200.606,0.05109,1.00047,0.20044,43.176,0.01515,0.99994,0.02092,188.346
2020-05-17 00:00:00+00:00,9678.673,206.891,0.05128,1.0,0.20138,43.636,0.01504,0.9995,0.0194,190.8
2020-05-18 00:00:00+00:00,9724.77,214.542,0.05436,0.99999,0.20544,45.286,0.0154,0.99998,0.0181,204.46
2020-05-19 00:00:00+00:00,9781.29,214.656,0.05684,1.0004,0.20477,45.728,0.01555,1.0006,0.01777,201.295
2020-05-20 00:00:00+00:00,9513.288,210.05,0.05698,0.99999,0.20218,44.18,0.01502,1.0004,0.01588,196.972
2020-05-21 00:00:00+00:00,9052.488,198.511,0.05228,0.9988,0.1939,42.722,0.01425,0.9996,0.01396,192.63
2020-05-22 00:00:00+00:00,9172.828,207.207,0.05589,1.0,0.20049,44.254,0.01499,1.00215,0.01866,195.09
2020-05-23 00:00:00+00:00,9180.344,206.578,0.05508,1.0001,0.19856,43.853,0.0151,0.9998,0.01867,193.001
2020-05-24 00:00:00+00:00,8715.242,199.522,0.05136,0.99911,0.19414,42.1,0.0142,0.99951,0.01833,186.0
2020-05-25 00:00:00+00:00,8891.853,204.047,0.05391,0.99926,0.19593,42.944,0.01473,1.00061,0.01938,185.902
2020-05-26 00:00:00+00:00,8842.433,201.061,0.05357,1.0,0.19386,42.409,0.01461,0.9995,0.01872,180.491
2020-05-27 00:00:00+00:00,9200.0,207.647,0.05512,1.00042,0.19758,43.75,0.0148,1.00029,0.0181,188.19
2020-05-28 00:00:00+00:00,9580.993,220.307,0.0647,1.00075,0.2002,44.724,0.0151,1.00043,0.01874,192.69
2020-05-29 00:00:00+00:00,9432.239,220.701,0.06483,1.00006,0.1972,44.537,0.01504,1.00009,0.017,190.0
2020-05-30 00:00:00+00:00,9700.0,243.621,0.077,1.0004,0.2071,47.637,0.01637,1.00027,0.01767,203.75
2020-05-31 00:00:00+00:00,9453.359,231.481,0.074,0.999,0.20276,45.1,0.01578,0.99892,0.01702,192.3
2020-06-01 00:00:00+00:00,10196.896,247.915,0.08135,1.001,0.21126,48.338,0.01703,1.0,0.01811,200.778
2020-06-02 00:00:00+00:00,9528.598,238.038,0.07876,1.00056,0.203,46.04,0.01626,1.001,0.01794,196.309
2020-06-03 00:00:00+00:00,9665.047,244.675,0.0854,1.00044,0.2038,47.09,0.01677,0.99926,0.01797,194.437
2020-06-04 00:00:00+00:00,9796.738,243.362,0.08893,0.99989,0.20434,47.496,0.01673,0.99926,0.01803,194.89
2020-06-05 00:00:00+00:00,9624.235,239.966,0.08535,1.0,0.203,46.958,0.01698,0.99996,0.01737,194.47
2020-06-06 00:00:00+00:00,9676.618,242.223,0.08613,1.0001,0.20459,46.858,0.017,0.99927,0.01723,194.273
2020-06-07 00:00:00+00:00,9752.0,244.645,0.08618,1.0011,0.20296,46.67,0.01806,1.00099,0.01697,192.39
2020-06-08 00:00:00+00:00,9791.528,246.75,0.08644,1.00074,0.20438,46.498,0.01796,1.00146,0.0173,191.96
2020-06-09 00:00:00+00:00,9780.645,243.982,0.0832,1.00135,0.20104,46.048,0.0176,1.00095,0.01641,189.79
2020-06-10 00:00:00+00:00,9895.648,247.977,0.08362,1.00089,0.20299,46.644,0.0177,0.9995,0.01962,193.52
2020-06-11 00:00:00+00:00,9258.57,230.217,0.07544,0.999,0.18821,43.167,0.01572,0.999,0.02013,180.75
2020-06-12 00:00:00+00:00,9468.454,237.662,0.07945,0.99966,0.19241,44.524,0.01641,0.99944,0.02377,182.48
2020-06-13 00:00:00+00:00,9480.167,238.242,0.07839,0.99978,0.19298,45.086,0.01669,1.00044,0.02091,182.704
2020-06-14 00:00:00+00:00,9330.45,231.435,0.07667,0.99927,0.19002,44.049,0.01622,1.00096,0.0217,179.22
2020-06-15 00:00:00+00:00,9430.096,231.179,0.07818,1.00089,0.19292,43.783,0.01614,1.00045,0.02221,174.397
2020-06-16 00:00:00+00:00,9532.407,235.193,0.079,1.0002,0.19193,43.873,0.01615,0.99994,0.02067,177.14
2020-06-17 00:00:00+00:00,9458.781,233.674,0.08351,0.99973,0.19355,44.076,0.01615,0.9995,0.01837,175.516
2020-06-18 00:00:00+00:00,9383.82,231.673,0.08183,0.99968,0.18991,43.383,0.01605,1.001,0.0171,172.36
2020-06-19 00:00:00+00:00,9302.345,228.38,0.07999,0.9986,0.18683,42.722,0.016,0.99978,0.01679,170.53
2020-06-20 00:00:00+00:00,9360.116,228.993,0.07937,0.99938,0.18804,43.701,0.016,0.99951,0.01714,172.291
2020-06-21 00:00:00+00:00,9284.997,227.697,0.07822,0.99917,0.18578,42.9,0.01585,0.99951,0.01734,170.451
2020-06-22 00:00:00+00:00,9690.001,243.488,0.08435,1.00154,0.19056,44.402,0.01638,1.00129,0.0209,177.545
2020-06-23 00:00:00+00:00,9625.215,243.09,0.08288,1.00002,0.18861,44.06,0.01645,1.00045,0.02035,178.08
2020-06-24 00:00:00+00:00,9286.986,234.468,0.08241,0.9988,0.18378,42.546,0.01599,1.00011,0.01872,172.42
2020-06-25 00:00:00+00:00,9249.079,232.377,0.08173,0.99888,0.18155,42.25,0.01602,1.00646,0.01938,172.502
2020-06-26 00:00:00+00:00,9157.313,229.412,0.0806,0.99894,0.18304,43.02,0.01586,0.99943,0.01868,167.849
2020-06-27 00:00:00+00:00,9006.666,220.83,0.07762,0.99919,0.175,41.233,0.01551,1.00028,0.01809,155.36
2020-06-28 00:00:00+00:00,9117.33,224.78,0.08046,0.99927,0.17688,41.35,0.01572,0.9995,0.01995,160.79
2020-06-29 00:00:00+00:00,9184.095,227.691,0.08367,0.99926,0.17749,41.918,0.01618,1.00096,0.02135,159.35
2020-06-30 00:00:00+00:00,9135.037,225.575,0.08357,1.0006,0.175,41.294,0.01646,1.00062,0.02082,157.866
2020-07-01 00:00:00+00:00,9244.367,231.304,0.09683,1.00114,0.17676,41.882,0.01687,1.0,0.02042,158.57
2020-07-02 00:00:00+00:00,9092.32,226.469,0.09302,1.0006,0.17508,41.064,0.01665,0.9996,0.02007,154.5
2020-07-03 00:00:00+00:00,9066.15,225.247,0.09648,1.00058,0.17576,41.1,0.01668,0.99909,0.02044,155.623
2020-07-04 00:00:00+00:00,9132.58,229.199,0.1,1.00036,0.17816,41.964,0.01681,1.00079,0.0203,156.54
2020-07-05 00:00:00+00:00,9084.937,228.093,0.09838,1.0007,0.17651,41.607,0.01694,0.99927,0.01951,154.24
2020-07-06 00:00:00+00:00,9349.061,241.842,0.10516,1.00048,0.18913,44.01,0.0181,1.00079,0.02116,194.333
2020-07-07 00:00:00+00:00,9260.853,239.307,0.11758,0.9998,0.1848,43.358,0.01719,1.00045,0.02235,186.053
2020-07-08 00:00:00+00:00,9442.36,247.0,0.13024,1.00056,0.20532,45.416,0.01798,1.00044,0.02245,190.36
2020-07-09 00:00:00+00:00,9242.54,242.189,0.12453,1.00039,0.20208,44.369,0.01849,1.0,0.02149,185.64
2020-07-10 00:00:00+00:00,9287.0,241.213,0.11892,1.00097,0.19941,44.093,0.01806,1.00113,0.02152,182.017
2020-07-11 00:00:00+00:00,9241.42,239.598,0.12504,1.00073,0.20199,44.724,0.01844,0.99909,0.02109,181.107
2020-07-12 00:00:00+00:00,9300.254,242.649,0.12691,1.0004,0.20042,44.771,0.01811,1.00095,0.02189,184.628
2020-07-13 00:00:00+00:00,9239.259,239.7,0.12416,1.0,0.19892,43.889,0.01746,0.9995,0.02152,181.674
2020-07-14 00:00:00+00:00,9256.874,240.351,0.1324,1.00007,0.19974,43.836,0.01769,0.99944,0.02111,180.69
2020-07-15 00:00:00+00:00,9193.234,238.566,0.13071,0.9995,0.1975,43.262,0.01755,0.9996,0.02051,179.323
2020-07-16 00:00:00+00:00,9134.648,233.419,0.12604,0.99995,0.19443,42.015,0.01717,1.00128,0.0197,174.19
2020-07-17 00:00:00+00:00,9159.973,233.012,0.12231,1.00009,0.19429,41.89,0.01729,0.9995,0.02089,172.384
2020-07-18 00:00:00+00:00,9179.162,235.966,0.12259,1.00021,0.1998,42.45,0.01745,1.001,0.02027,174.052
2020-07-19 00:00:00+00:00,9218.25,238.962,0.1241,1.00047,0.20035,42.696,0.01747,1.00096,0.02006,172.58
2020-07-20 00:00:00+00:00,9166.534,236.265,0.11833,0.99982,0.19455,41.959,0.01711,1.0001,0.02111,170.149
2020-07-21 00:00:00+00:00,9396.528,245.8,0.12307,1.00092,0.19977,43.766,0.01757,0.9996,0.02082,179.2
2020-07-22 00:00:00+00:00,9536.889,264.351,0.1247,1.00114,0.20306,45.067,0.018,1.00095,0.0221,184.442
2020-07-23 00:00:00+00:00,9622.408,275.781,0.1241,1.00148,0.20777,45.087,0.01792,0.99909,0.02496,184.5
2020-07-24 00:00:00+00:00,9557.793,279.761,0.12232,1.0016,0.20451,44.171,0.01794,0.99951,0.02452,180.311
2020-07-25 00:00:00+00:00,9714.821,304.999,0.14541,1.00154,0.21598,48.951,0.01871,0.9992,0.02567,192.66
2020-07-26 00:00:00+00:00,9943.058,311.15,0.14925,1.0017,0.21528,48.237,0.01849,0.9995,0.02442,190.613
2020-07-27 00:00:00+00:00,11044.629,321.965,0.13918,1.002,0.22411,53.193,0.019,1.0,0.0233,208.027
2020-07-28 00:00:00+00:00,10938.118,317.357,0.14984,1.00215,0.23084,55.908,0.01916,1.00097,0.02408,216.65
2020-07-29 00:00:00+00:00,11105.197,318.288,0.14001,1.00053,0.24321,55.151,0.01927,1.0006,0.02374,212.43
2020-07-30 00:00:00+00:00,11117.079,335.084,0.14091,1.00234,0.24493,56.833,0.01923,0.9995,0.02531,215.45
2020-07-31 00:00:00+00:00,11345.497,346.62,0.14,1.00099,0.26004,58.034,0.01973,1.00019,0.02429,231.41
2020-08-01 00:00:00+00:00,11819.7,387.776,0.14301,1.00162,0.293,61.804,0.02053,1.00024,0.02703,247.735
2020-08-02 00:00:00+00:00,11065.723,370.236,0.13412,1.00073,0.2875,56.937,0.01932,1.00079,0.02524,217.321
2020-08-03 00:00:00+00:00,11238.274,386.201,0.137,1.00079,0.31069,58.528,0.01984,1.001,0.02653,229.66
2020-08-04 00:00:00+00:00,11193.91,389.311,0.14257,1.00001,0.30073,57.521,0.02032,0.99962,0.02626,225.58
2020-08-05 00:00:00+00:00,11742.161,401.112,0.14237,1.00018,0.30214,58.612,0.02023,0.998,0.02631,231.968
2020-08-06 00:00:00+00:00,11779.596,395.209,0.14509,1.001,0.30417,58.887,0.02039,0.99893,0.02748,236.08
2020-08-07 00:00:00+00:00,11611.723,380.145,0.13907,1.0015,0.29384,57.15,0.01999,1.00044,0.02739,226.07
2020-08-08 00:00:00+00:00,11772.0,396.748,0.14678,1.00119,0.29301,58.374,0.02045,0.9995,0.02899,229.33
2020-08-09 00:00:00+00:00,11693.67,390.704,0.14405,1.00041,0.28799,56.764,0.02038,0.9995,0.02938,223.21
2020-08-10 00:00:00+00:00,11896.14,396.087,0.14432,1.001,0.29482,58.11,0.02167,0.9995,0.03215,224.51
2020-08-11 00:00:00+00:00,11390.84,378.934,0.13714,1.0,0.284,54.1,0.01986,0.9996,0.03049,210.136
2020-08-12 00:00:00+00:00,11578.731,387.165,0.13638,1.0008,0.28263,54.484,0.02017,1.00061,0.03198,207.42
2020-08-13 00:00:00+00:00,11789.722,424.506,0.1394,1.00179,0.2954,57.16,0.02234,0.9998,0.03199,213.439
2020-08-14 00:00:00+00:00,11771.68,437.408,0.13861,1.0019,0.30016,56.75,0.02476,0.9995,0.0348,211.78
2020-08-15 00:00:00+00:00,11880.02,433.313,0.13896,1.0009,0.29958,59.948,0.02485,0.9992,0.0358,224.049
2020-08-16 00:00:00+00:00,11918.679,434.033,0.13899,1.00148,0.304,64.018,0.02797,0.9995,0.0368,222.97
2020-08-17 00:00:00+00:00,12295.211,430.885,0.14135,1.00168,0.31507,66.78,0.03022,0.9998,0.03474,227.76
2020-08-18 00:00:00+00:00,11951.404,423.494,0.13699,1.00023,0.30308,65.347,0.02905,0.9995,0.03366,217.472
2020-08-19 00:00:00+00:00,11732.76,407.48,0.12998,1.0001,0.28951,62.501,0.02646,0.99977,0.03114,206.199
2020-08-20 00:00:00+00:00,11872.181,416.753,0.1342,1.002,0.293,62.423,0.02737,1.00095,0.0322,209.143
2020-08-21 00:00:00+00:00,11520.719,386.454,0.12209,0.99961,0.2789,58.846,0.02419,0.9995,0.02956,196.82
2020-08-22 00:00:00+00:00,11682.92,396.096,0.12564,1.0006,0.286,60.186,0.02519,0.9995,0.02995,196.842
2020-08-23 00:00:00+00:00,11657.6,390.961,0.1215,1.00086,0.28611,60.727,0.02442,0.9995,0.0288,194.37
2020-08-24 00:00:00+00:00,11760.921,408.228,0.12403,1.00065,0.28945,62.455,0.02515,1.00112,0.03136,204.72
2020-08-25 00:00:00+00:00,11330.497,383.309,0.113,1.00055,0.27704,58.62,0.02303,1.00099,0.02935,192.167
2020-08-26 00:00:00+00:00,11469.23,386.11,0.11421,1.00108,0.27673,58.198,0.02365,1.00045,0.02927,191.299
2020-08-27 00:00:00+00:00,11334.191,383.167,0.10696,1.00041,0.26384,56.051,0.02306,1.00011,0.02728,186.222
2020-08-28 00:00:00+00:00,11539.148,395.514,0.10957,1.0008,0.27188,57.347,0.0239,0.9995,0.02708,192.0
2020-08-29 00:00:00+00:00,11482.82,398.912,0.11656,1.0009,0.27401,57.024,0.02507,0.9992,0.02733,189.999
2020-08-30 00:00:00+00:00,11720.0,428.941,0.1177,1.0006,0.283,62.487,0.02696,0.9997,0.02654,196.183
2020-08-31 00:00:00+00:00,11655.09,435.178,0.12251,1.00041,0.28155,61.06,0.02931,0.9995,0.027,192.478
2020-09-01 00:00:00+00:00,11924.834,475.825,0.1245,1.00099,0.2957,62.573,0.03465,1.0,0.02612,203.773
2020-09-02 00:00:00+00:00,11401.889,440.213,0.115,1.00116,0.27676,58.259,0.03445,1.00079,0.025,184.112
2020-09-03 00:00:00+00:00,10170.587,382.776,0.09517,1.003,0.24523,47.5,0.04055,1.00099,0.02305,153.921
2020-09-04 00:00:00+00:00,10465.171,386.107,0.1027,1.00091,0.25525,50.45,0.03576,0.9995,0.02438,159.266
2020-09-05 00:00:00+00:00,10161.984,334.964,0.08921,1.00001,0.2375,47.59,0.02973,1.00129,0.02127,161.819
2020-09-06 00:00:00+00:00,10260.962,352.645,0.09269,1.0006,0.24092,48.009,0.03164,0.9995,0.0222,163.12
2020-09-07 00:00:00+00:00,10373.061,353.617,0.0935,1.0003,0.2419,48.768,0.03217,0.9995,0.02175,173.51
2020-09-08 00:00:00+00:00,10130.242,337.076,0.09081,1.0009,0.23625,47.17,0.03489,0.9995,0.02152,170.3
2020-09-09 00:00:00+00:00,10233.755,351.301,0.0934,1.00149,0.23864,47.795,0.03401,1.00099,0.02162,169.573
2020-09-10 00:00:00+00:00,10353.241,368.0,0.09718,1.0012,0.24272,48.499,0.03302,1.001,0.02269,165.981
2020-09-11 00:00:00+00:00,10399.907,374.204,0.09691,1.0014,0.24326,49.053,0.03337,0.9997,0.02285,167.549
2020-09-12 00:00:00+00:00,10450.61,388.2,0.09749,1.00089,0.24806,50.729,0.03276,0.99971,0.02275,168.545
2020-09-13 00:00:00+00:00,10335.0,366.29,0.09501,1.0007,0.2422,48.11,0.0305,1.0016,0.02131,162.842
2020-09-14 00:00:00+00:00,10683.608,377.168,0.09684,1.00051,0.24599,49.024,0.03032,0.99994,0.02179,164.722
2020-09-15 00:00:00+00:00,10787.178,364.243,0.09336,1.00088,0.24295,48.234,0.02794,0.9997,0.021,165.718
2020-09-16 00:00:00+00:00,10955.641,365.346,0.09123,1.0004,0.24697,47.699,0.02645,0.9997,0.02585,162.943
2020-09-17 00:00:00+00:00,10950.704,389.539,0.09421,1.0009,0.25253,48.905,0.02813,1.00111,0.02433,164.296
2020-09-18 00:00:00+00:00,10943.867,384.293,0.091,1.00119,0.2497,48.32,0.02883,1.00112,0.02381,162.046
2020-09-19 00:00:00+00:00,11090.708,384.898,0.0916,1.00063,0.25153,48.558,0.0277,1.0,0.02696,161.65
2020-09-20 00:00:00+00:00,10925.119,370.755,0.0893,1.00057,0.246,47.07,0.02694,1.00111,0.02983,154.309
2020-09-21 00:00:00+00:00,10417.17,340.31,0.07981,0.9999,0.231,43.251,0.02513,0.99971,0.02716,146.15
2020-09-22 00:00:00+00:00,10536.178,343.867,0.08165,1.0006,0.23343,44.309,0.02495,0.9997,0.028,155.675
2020-09-23 00:00:00+00:00,10239.171,320.763,0.07676,1.0,0.22112,43.127,0.02483,1.00045,0.02421,149.887
2020-09-24 00:00:00+00:00,10743.419,349.221,0.0827,1.0002,0.23302,44.96,0.02637,1.001,0.02527,156.376
2020-09-25 00:00:00+00:00,10693.997,351.915,0.097,1.00094,0.2415,46.034,0.02715,0.9997,0.0248,156.091
2020-09-26 00:00:00+00:00,10735.73,354.029,0.09575,1.00095,0.24174,46.16,0.02704,0.9995,0.0245,164.593
2020-09-27 00:00:00+00:00,10776.661,357.704,0.10055,1.00025,0.24288,45.923,0.02655,0.9997,0.02418,170.062
2020-09-28 00:00:00+00:00,10706.506,354.48,0.1,1.00008,0.24176,45.11,0.02619,1.00079,0.0248,166.953
2020-09-29 00:00:00+00:00,10843.788,360.006,0.10128,1.0005,0.24374,45.673,0.02637,1.00146,0.02472,172.0
2020-09-30 00:00:00+00:00,10783.327,359.85,0.10117,1.0006,0.24164,46.214,0.02616,1.00111,0.02667,171.689
2020-10-01 00:00:00+00:00,10623.028,353.017,0.09768,1.0,0.23768,46.07,0.02582,1.00062,0.02643,168.85
2020-10-02 00:00:00+00:00,10576.8,346.043,0.0929,1.001,0.23409,45.002,0.02605,0.99961,0.02549,160.422
2020-10-03 00:00:00+00:00,10552.755,346.229,0.0931,1.00099,0.23298,45.571,0.02713,1.001,0.026,159.0
2020-10-04 00:00:00+00:00,10680.3,352.696,0.09709,1.0008,0.24767,46.75,0.02643,1.00099,0.02639,161.228
2020-10-05 00:00:00+00:00,10796.531,353.483,0.0975,1.00074,0.25023,46.386,0.02639,1.001,0.02574,162.086
2020-10-06 00:00:00+00:00,10603.0,340.743,0.09303,1.00137,0.24511,45.82,0.0256,1.00095,0.02396,159.289
2020-10-07 00:00:00+00:00,10680.18,341.949,0.09356,1.0005,0.24804,46.55,0.0255,1.00028,0.02409,163.556
2020-10-08 00:00:00+00:00,10922.816,350.913,0.09617,1.0013,0.25133,47.18,0.02573,1.00099,0.025,164.4
2020-10-09 00:00:00+00:00,11064.29,365.79,0.1015,1.0015,0.2538,47.809,0.0264,1.0013,0.02494,168.888
2020-10-10 00:00:00+00:00,11305.489,370.99,0.10486,1.00041,0.25498,48.97,0.02657,0.9992,0.02591,172.312
2020-10-11 00:00:00+00:00,11370.79,374.781,0.10646,1.00073,0.25559,50.752,0.02657,0.9995,0.0251,171.47
2020-10-12 00:00:00+00:00,11542.13,386.648,0.11,1.00045,0.25572,50.631,0.02718,0.9996,0.02515,169.75
2020-10-13 00:00:00+00:00,11429.255,381.482,0.10919,1.001,0.25659,49.91,0.02679,0.9995,0.02436,170.748
2020-10-14 00:00:00+00:00,11431.536,379.175,0.10724,1.00081,0.24955,49.634,0.02681,0.9995,0.02393,166.633
2020-10-15 00:00:00+00:00,11510.0,377.299,0.10672,1.0011,0.24563,49.41,0.02645,0.9992,0.02396,169.379
2020-10-16 00:00:00+00:00,11328.549,365.683,0.1041,1.00101,0.24041,47.55,0.02581,0.9992,0.02355,160.618
2020-10-17 00:00:00+00:00,11370.94,368.548,0.10611,1.00089,0.24036,46.943,0.02566,1.0,0.02289,159.5
2020-10-18 00:00:00+00:00,11514.865,378.145,0.10746,1.00087,0.24238,47.579,0.02595,0.9996,0.02312,160.133
2020-10-19 00:00:00+00:00,11759.02,379.448,0.10851,1.0005,0.2459,48.04,0.02589,1.0,0.02278,159.458
2020-10-20 00:00:00+00:00,11926.062,368.788,0.1024,1.0015,0.24359,46.907,0.02597,1.00099,0.02145,157.824
2020-10-21 00:00:00+00:00,12813.98,391.597,0.1052,1.00174,0.25167,53.139,0.0267,1.00025,0.02164,165.067
2020-10-22 00:00:00+00:00,12987.34,414.97,0.111,1.00167,0.2575,54.44,0.02713,0.9992,0.02368,169.619
2020-10-23 00:00:00+00:00,12823.082,406.583,0.10683,1.00051,0.25194,55.448,0.02663,1.00145,0.02172,164.274
2020-10-24 00:00:00+00:00,13132.956,412.788,0.10828,1.0016,0.25668,59.205,0.02714,0.99977,0.02126,175.349
2020-10-25 00:00:00+00:00,13045.826,406.25,0.10653,1.00159,0.25332,58.859,0.02702,1.00078,0.0214,181.212
2020-10-26 00:00:00+00:00,13078.94,393.425,0.10332,1.00118,0.24923,56.953,0.02679,1.001,0.02036,173.82
2020-10-27 00:00:00+00:00,13655.791,403.901,0.10277,1.0012,0.25379,58.113,0.0269,1.00099,0.0194,174.986
2020-10-28 00:00:00+00:00,13285.8,388.707,0.09903,1.00101,0.2475,56.0,0.02691,0.9995,0.02151,170.346
2020-10-29 00:00:00+00:00,13464.786,387.542,0.09549,1.00096,0.24293,54.812,0.0266,1.001,0.02001,167.173
2020-10-30 00:00:00+00:00,13568.231,382.899,0.09405,1.00167,0.23987,54.328,0.02567,0.9995,0.01996,163.857
2020-10-31 00:00:00+00:00,13810.803,386.84,0.09269,1.00084,0.2407,55.776,0.02572,0.99994,0.01987,165.589
2020-11-01 00:00:00+00:00,13768.694,396.814,0.0972,1.00154,0.24019,55.499,0.02573,1.00045,0.02061,164.809
2020-11-02 00:00:00+00:00,13576.979,383.952,0.09249,1.00104,0.235,53.964,0.02443,0.99994,0.02031,158.68
2020-11-03 00:00:00+00:00,14035.99,388.511,0.09379,1.00177,0.23983,53.97,0.0244,1.0,0.01882,153.42
2020-11-04 00:00:00+00:00,14169.001,403.154,0.09564,1.00199,0.238,54.52,0.02426,1.0,0.01955,151.782
2020-11-05 00:00:00+00:00,15602.36,417.466,0.0983,1.00179,0.2456,59.038,0.02489,1.00112,0.01977,160.45
2020-11-06 00:00:00+00:00,15592.14,456.198,0.10924,1.0018,0.25944,63.47,0.0262,1.0,0.0215,168.256
2020-11-07 00:00:00+00:00,14845.15,435.894,0.10141,1.0014,0.2499,59.0,0.02453,1.00181,0.02027,162.108
2020-11-08 00:00:00+00:00,15484.44,454.561,0.1069,1.0022,0.25426,60.547,0.02557,1.0,0.02121,167.086
2020-11-09 00:00:00+00:00,15332.432,445.077,0.1055,1.0009,0.25046,59.114,0.02492,1.0,0.02076,160.407
2020-11-10 00:00:00+00:00,15323.871,451.241,0.10613,1.00229,0.25494,58.078,0.02486,1.0,0.02016,157.387
2020-11-11 00:00:00+00:00,15714.189,464.359,0.10604,1.00169,0.25706,59.406,0.025,0.99978,0.01949,159.195
2020-11-12 00:00:00+00:00,16302.241,463.269,0.10466,1.00151,0.25497,60.773,0.02498,0.99951,0.0193,157.448
2020-11-13 00:00:00+00:00,16346.479,477.5,0.10658,1.0013,0.26516,65.873,0.02533,0.9996,0.02,161.506
2020-11-14 00:00:00+00:00,16096.16,462.389,0.10438,1.00197,0.26866,63.961,0.02521,1.0,0.01906,158.522
2020-11-15 00:00:00+00:00,15975.9,449.451,0.10085,1.00179,0.26981,62.41,0.02531,1.00164,0.01871,154.521
2020-11-16 00:00:00+00:00,16722.99,461.74,0.10385,1.00071,0.28891,74.098,0.02548,1.00109,0.01905,158.175
2020-11-17 00:00:00+00:00,17685.775,482.649,0.10968,1.00137,0.30305,76.389,0.02644,0.9995,0.02051,167.456
2020-11-18 00:00:00+00:00,17801.208,478.925,0.10679,1.0013,0.29461,74.0,0.02686,1.00062,0.02156,163.038
2020-11-19 00:00:00+00:00,17824.13,472.055,0.1059,1.00147,0.304,81.594,0.02583,1.00007,0.0209,161.641
2020-11-20 00:00:00+00:00,18676.24,510.334,0.1185,1.00051,0.32981,82.803,0.02621,0.99943,0.02099,166.305
2020-11-21 00:00:00+00:00,18716.77,552.945,0.13346,1.00098,0.46241,86.846,0.03056,1.00043,0.02323,194.227
2020-11-22 00:00:00+00:00,18443.07,561.457,0.14642,1.001,0.44758,83.027,0.02871,1.0,0.02206,178.25
2020-11-23 00:00:00+00:00,18393.24,609.905,0.15414,1.0014,0.61726,89.37,0.03172,0.99977,0.02364,196.395
2020-11-24 00:00:00+00:00,19161.58,605.227,0.16675,1.00105,0.69393,89.245,0.03498,0.99875,0.02585,209.389
2020-11-25 00:00:00+00:00,19190.999,603.66,0.173,1.00056,0.69805,89.79,0.03572,1.00045,0.02636,209.256
2020-11-26 00:00:00+00:00,18797.03,574.203,0.15836,0.99972,0.63996,82.502,0.03293,1.00011,0.02635,191.454
2020-11-27 00:00:00+00:00,17128.213,516.805,0.137,1.00177,0.52563,69.938,0.02953,0.99875,0.02208,167.123
2020-11-28 00:00:00+00:00,17057.617,515.892,0.14118,1.00109,0.55449,68.524,0.03037,0.9992,0.0216,160.476
2020-11-29 00:00:00+00:00,17660.416,537.882,0.16318,1.0012,0.618,72.138,0.03045,1.00043,0.02401,167.636
2020-11-30 00:00:00+00:00,18320.09,585.552,0.1692,1.00125,0.61792,79.451,0.0309,0.99977,0.024,169.636
2020-12-01 00:00:00+00:00,19656.96,612.662,0.1706,1.0003,0.6575,87.142,0.03219,1.00006,0.0238,180.086
2020-12-02 00:00:00+00:00,18508.861,577.11,0.153,1.00146,0.604,83.798,0.02993,0.99892,0.02259,167.0
2020-12-03 00:00:00+00:00,19301.14,598.793,0.16087,1.001,0.63241,89.13,0.03129,0.99875,0.02354,172.122
2020-12-04 00:00:00+00:00,19463.24,615.437,0.16397,1.00128,0.63,88.655,0.03157,0.99994,0.02338,170.972
2020-12-05 00:00:00+00:00,18622.68,568.301,0.1483,1.00059,0.55774,80.308,0.02943,0.9998,0.02148,175.655
2020-12-06 00:00:00+00:00,19264.261,602.979,0.1611,1.0009,0.593,84.645,0.03076,0.99977,0.02172,183.79
2020-12-07 00:00:00+00:00,19335.687,599.379,0.15783,1.00098,0.61605,83.772,0.03086,0.9995,0.02167,178.224
2020-12-08 00:00:00+00:00,19180.399,589.732,0.15366,1.00067,0.60529,83.352,0.03018,0.99994,0.02139,179.19
2020-12-09 00:00:00+00:00,18256.33,551.28,0.14066,0.99988,0.55161,75.949,0.0278,1.0013,0.02046,172.799
2020-12-10 00:00:00+00:00,18480.0,571.682,0.14804,1.0006,0.5797,77.179,0.02867,1.00095,0.02038,171.138
2020-12-11 00:00:00+00:00,18200.0,557.665,0.14179,1.0002,0.566,74.43,0.02804,0.9995,0.01974,166.572
2020-12-12 00:00:00+00:00,18262.02,553.509,0.143,1.00001,0.50698,73.411,0.02833,0.9995,0.01945,163.626
2020-12-13 00:00:00+00:00,18853.771,569.01,0.1449,1.0007,0.506,77.0,0.02921,0.99977,0.01993,166.0
2020-12-14 00:00:00+00:00,19060.93,586.829,0.15282,0.99971,0.51299,81.613,0.02921,0.9995,0.01972,168.071
2020-12-15 00:00:00+00:00,19283.231,587.357,0.15986,1.00072,0.50032,83.1,0.02927,0.9995,0.01986,167.176
2020-12-16 00:00:00+00:00,19424.38,586.046,0.153,1.00033,0.4609,79.9,0.02901,0.99875,0.01989,168.682
2020-12-17 00:00:00+00:00,22818.961,644.689,0.16332,1.00009,0.57813,101.766,0.03071,1.00028,0.02168,179.254
2020-12-18 00:00:00+00:00,23137.08,637.823,0.15959,1.00058,0.55771,108.166,0.03029,0.9991,0.02161,174.59
2020-12-19 00:00:00+00:00,23848.437,658.325,0.16594,1.00088,0.57724,120.185,0.03126,0.99977,0.02317,177.222
2020-12-20 00:00:00+00:00,23763.586,638.734,0.16221,1.0008,0.55728,114.485,0.03132,0.999,0.02225,182.871
2020-12-21 00:00:00+00:00,22731.269,608.911,0.15318,1.00048,0.515,105.408,0.02937,0.99858,0.02135,171.77
2020-12-22 00:00:00+00:00,23822.086,637.187,0.15679,1.00003,0.44853,114.568,0.02893,0.99992,0.02185,171.619
2020-12-23 00:00:00+00:00,23255.47,585.502,0.13699,1.00057,0.25413,102.512,0.02503,0.99994,0.01866,154.754
2020-12-24 00:00:00+00:00,23720.945,612.043,0.15368,0.9997,0.33731,110.943,0.02774,1.001,0.02,162.02
2020-12-25 00:00:00+00:00,24682.757,626.256,0.15765,0.99919,0.31909,127.67,0.02852,0.99841,0.02026,165.03
2020-12-26 00:00:00+00:00,26459.894,636.301,0.15807,0.99872,0.29483,129.673,0.02776,0.99994,0.02577,164.296
2020-12-27 00:00:00+00:00,26231.696,683.5,0.1563,0.9988,0.283,127.0,0.02879,1.00113,0.02656,166.535
2020-12-28 00:00:00+00:00,27035.389,729.352,0.17671,0.9983,0.24745,129.815,0.02952,0.99977,0.02587,167.944
2020-12-29 00:00:00+00:00,27348.15,731.686,0.19079,0.99969,0.22131,129.105,0.02768,1.00045,0.02533,164.161
2020-12-30 00:00:00+00:00,28090.46,752.134,0.184,1.00049,0.22384,125.732,0.02684,1.0,0.02524,166.922
2020-12-31 00:00:00+00:00,28760.051,752.703,0.1825,1.0,0.21956,124.667,0.02657,1.00028,0.02483,166.486
2021-01-01 00:00:00+00:00,29370.099,733.287,0.17912,1.0023,0.24415,123.577,0.02694,0.998,0.02504,162.735
2021-01-02 00:00:00+00:00,29218.75,720.659,0.17261,1.00249,0.21799,126.608,0.02685,0.99993,0.02594,161.748
2021-01-03 00:00:00+00:00,31899.999,764.698,0.17452,0.97457,0.217,135.478,0.02596,0.999,0.02809,161.424
2021-01-04 00:00:00+00:00,32768.002,969.984,0.21,0.9988,0.22454,160.701,0.0305,0.9989,0.03069,171.164
2021-01-05 00:00:00+00:00,32377.792,1103.963,0.25949,1.00062,0.23978,157.347,0.02868,0.99858,0.0277,171.056
2021-01-06 00:00:00+00:00,33511.694,1086.94,0.26634,1.00009,0.22554,155.977,0.02804,1.0001,0.02767,167.176
2021-01-07 00:00:00+00:00,37077.826,1209.997,0.3255,1.0015,0.248,166.923,0.03004,0.99406,0.02985,179.638
2021-01-08 00:00:00+00:00,39501.261,1215.0,0.29954,0.9981,0.334,168.113,0.03099,0.9995,0.03209,175.149
2021-01-09 00:00:00+00:00,40814.977,1231.411,0.3143,1.00109,0.31151,175.795,0.03059,1.001,0.03049,182.855
2021-01-10 00:00:00+00:00,40533.029,1287.551,0.33329,1.002,0.33348,177.92,0.03556,0.99895,0.03177,290.124
2021-01-11 00:00:00+00:00,37936.97,1238.551,0.301,0.9986,0.30912,167.2,0.03241,1.00181,0.02955,246.065
2021-01-12 00:00:00+00:00,34361.557,1050.375,0.265,1.0004,0.284,135.0,0.02848,1.002,0.02551,186.496
2021-01-13 00:00:00+00:00,33679.11,1043.495,0.289,0.9993,0.28948,131.61,0.02849,0.99977,0.0247,191.944
2021-01-14 00:00:00+00:00,37819.86,1130.833,0.31568,1.00099,0.30339,146.975,0.03073,0.997,0.02804,209.397
2021-01-15 00:00:00+00:00,39450.0,1244.362,0.3105,0.99917,0.29601,153.479,0.03038,0.99994,0.02741,223.099
2021-01-16 00:00:00+00:00,37228.298,1187.671,0.30869,1.0001,0.281,145.77,0.02995,1.00062,0.02787,209.722
2021-01-17 00:00:00+00:00,35728.851,1222.846,0.34474,0.9987,0.282,145.5,0.0304,1.00011,0.027,203.792
2021-01-18 00:00:00+00:00,35827.494,1238.475,0.39221,0.99961,0.27701,142.812,0.03037,0.99841,0.0263,199.456
2021-01-19 00:00:00+00:00,36542.518,1258.009,0.37279,0.99982,0.283,150.557,0.03136,0.9992,0.02703,205.702
2021-01-20 00:00:00+00:00,36185.094,1397.503,0.36933,1.0002,0.29403,155.882,0.03106,0.99943,0.02663,204.942
2021-01-21 00:00:00+00:00,35382.608,1369.407,0.37341,1.0003,0.296,149.199,0.03038,0.9998,0.02659,198.632
2021-01-22 00:00:00+00:00,29727.27,1083.95,0.28991,0.9995,0.265,127.42,0.02736,1.00062,0.02252,170.201
2021-01-23 00:00:00+00:00,32521.29,1220.0,0.35021,1.00025,0.2738,136.461,0.0285,0.999,0.02419,178.479
2021-01-24 00:00:00+00:00,31914.429,1236.459,0.3439,1.00061,0.27099,137.013,0.02936,1.00044,0.02464,173.502
2021-01-25 00:00:00+00:00,32534.888,1427.341,0.35886,1.00199,0.2757,142.0,0.0302,0.999,0.02548,175.069
2021-01-26 00:00:00+00:00,32509.245,1351.0,0.34537,1.00069,0.26803,138.938,0.02939,1.0,0.02462,178.538
2021-01-27 00:00:00+00:00,32448.329,1351.13,0.33973,1.00115,0.26883,133.557,0.02898,1.0,0.0225,173.649
2021-01-28 00:00:00+00:00,30217.73,1233.436,0.3074,1.0016,0.24842,121.947,0.02819,1.0,0.02214,162.352
2021-01-29 00:00:00+00:00,34064.84,1343.739,0.357,1.0025,0.26863,136.265,0.03011,1.00095,0.02679,172.356
2021-01-30 00:00:00+00:00,33676.05,1395.525,0.3489,1.0006,0.28797,135.694,0.03305,0.99926,0.02954,172.911
2021-01-31 00:00:00+00:00,33810.44,1378.854,0.36279,1.0012,0.42699,132.877,0.03175,0.9998,0.02863,178.808
2021-02-01 00:00:00+00:00,33353.75,1279.973,0.40517,1.00098,0.478,131.789,0.03311,1.00062,0.02913,172.962
2021-02-02 00:00:00+00:00,34693.79,1383.463,0.42266,0.99964,0.348,135.825,0.0335,0.999,0.02996,179.001
2021-02-03 00:00:00+00:00,36974.854,1531.057,0.41905,1.00021,0.384,144.906,0.03359,0.99875,0.0308,180.75
2021-02-04 00:00:00+00:00,36781.0,1677.796,0.44007,1.00154,0.39622,157.6,0.03432,0.9996,0.03267,185.643
2021-02-05 00:00:00+00:00,38318.177,1614.07,0.4384,1.00129,0.459,146.746,0.03348,1.001,0.03146,178.13
2021-02-06 00:00:00+00:00,39270.478,1679.778,0.635,1.00158,0.44317,155.833,0.0351,0.99943,0.03655,184.604
2021-02-07 00:00:00+00:00,38877.09,1616.175,0.66548,1.00181,0.41944,151.2,0.03608,1.00011,0.03524,183.878
2021-02-08 00:00:00+00:00,46360.53,1749.992,0.67783,0.9981,0.451,167.493,0.04035,0.99841,0.05029,194.0
2021-02-09 00:00:00+00:00,46535.75,1770.923,0.70524,1.00138,0.475,182.769,0.04616,1.0,0.05163,226.437
2021-02-10 00:00:00+00:00,44855.073,1743.243,0.94027,1.00089,0.50533,181.961,0.04629,1.0,0.04893,212.213
2021-02-11 00:00:00+00:00,47961.249,1787.038,0.92865,1.00069,0.52994,183.8,0.05698,0.999,0.05334,225.119
2021-02-12 00:00:00+00:00,47449.619,1846.618,0.92802,1.00259,0.61398,196.701,0.05534,0.99702,0.06873,233.915
2021-02-13 00:00:00+00:00,47274.4,1818.31,0.91448,1.00208,0.635,226.487,0.06032,1.0,0.06388,266.439
2021-02-14 00:00:00+00:00,48655.78,1803.386,0.8445,1.00133,0.593,213.83,0.05552,1.00038,0.05999,262.527
2021-02-15 00:00:00+00:00,47951.857,1776.296,0.86284,1.00051,0.5495,208.514,0.051,1.00015,0.079,237.411
2021-02-16 00:00:00+00:00,49160.0,1781.798,0.87065,1.00041,0.52093,210.167,0.05214,1.0001,0.0729,237.363
2021-02-17 00:00:00+00:00,52150.867,1849.342,0.89294,1.00083,0.53304,237.698,0.05257,1.00005,0.08021,244.3
2021-02-18 00:00:00+00:00,51597.29,1939.0,0.9158,1.00041,0.53259,227.46,0.05484,1.00066,0.07622,239.987
2021-02-19 00:00:00+00:00,55918.102,1956.666,0.92697,1.00089,0.56374,236.662,0.06084,1.0,0.08353,242.416
2021-02-20 00:00:00+00:00,55926.999,1916.241,1.11462,1.001,0.512,227.755,0.05787,0.99984,0.08025,227.717
2021-02-21 00:00:00+00:00,57490.166,1935.739,1.10114,1.00127,0.54417,227.584,0.05943,1.00015,0.07879,241.953
2021-02-22 00:00:00+00:00,54133.688,1779.308,1.09836,1.00072,0.56776,207.599,0.05439,1.0,0.07012,215.209
2021-02-23 00:00:00+00:00,48897.284,1578.324,0.9631,1.00013,0.47613,177.634,0.04541,0.9998,0.05744,189.124
2021-02-24 00:00:00+00:00,49742.749,1627.575,1.04906,1.00129,0.46984,181.681,0.04831,1.00026,0.05958,194.792
2021-02-25 00:00:00+00:00,47068.742,1480.378,1.07663,0.99977,0.43406,179.282,0.04523,0.9999,0.0552,184.186
2021-02-26 00:00:00+00:00,46345.492,1446.938,1.243,1.00058,0.42837,170.05,0.04512,1.0001,0.05423,179.965
2021-02-27 00:00:00+00:00,46198.444,1461.036,1.324,1.00155,0.43761,172.024,0.04669,1.00069,0.054,184.522
2021-02-28 00:00:00+00:00,45224.71,1419.473,1.31469,1.00172,0.41414,165.074,0.04562,1.00012,0.05088,177.124
2021-03-01 00:00:00+00:00,49667.25,1571.841,1.2985,1.00109,0.44658,176.15,0.04776,1.00046,0.05908,185.563
2021-03-02 00:00:00+00:00,48493.266,1488.964,1.22553,1.00101,0.43525,178.998,0.04683,1.00017,0.05748,184.858
2021-03-03 00:00:00+00:00,50427.176,1569.002,1.21499,1.0007,0.44917,188.226,0.049,1.0005,0.0585,189.665
2021-03-04 00:00:00+00:00,48392.579,1539.052,1.11245,1.00021,0.48207,180.765,0.05122,1.00003,0.05868,180.047
2021-03-05 00:00:00+00:00,48755.424,1529.836,1.15855,1.00036,0.45531,180.668,0.05006,1.00064,0.05495,181.253
2021-03-06 00:00:00+00:00,48932.223,1653.817,1.1292,1.00136,0.46266,183.309,0.05034,1.00087,0.05421,181.506
2021-03-07 00:00:00+00:00,50969.804,1728.144,1.1304,1.00035,0.4661,190.807,0.05176,1.00006,0.0551,184.919
2021-03-08 00:00:00+00:00,52382.999,1833.796,1.11888,1.0004,0.47228,191.62,0.05284,0.9998,0.05521,185.231
2021-03-09 00:00:00+00:00,54891.279,1870.0,1.199,1.00058,0.48596,203.85,0.05317,0.9999,0.05915,189.495
2021-03-10 00:00:00+00:00,55857.76,1795.609,1.13311,1.0001,0.46142,200.236,0.05158,0.9999,0.05645,188.311
2021-03-11 00:00:00+00:00,57803.528,1826.235,1.12423,1.0002,0.45152,201.203,0.05144,0.9998,0.06386,186.576
2021-03-12 00:00:00+00:00,57251.782,1768.27,1.03289,0.99984,0.43876,220.54,0.05,1.0,0.062,185.802
2021-03-13 00:00:00+00:00,61200.0,1921.637,1.10199,0.99996,0.45899,226.089,0.0529,1.00054,0.06249,217.576
2021-03-14 00:00:00+00:00,58999.0,1848.267,1.05325,1.00012,0.439,214.0,0.05113,0.99973,0.05871,197.364
2021-03-15 00:00:00+00:00,55608.974,1792.216,1.03022,1.0002,0.43611,201.027,0.05071,0.9998,0.062,190.824
2021-03-16 00:00:00+00:00,56921.11,1805.744,1.2501,1.00034,0.46,201.316,0.05227,1.00036,0.06673,194.746
2021-03-17 00:00:00+00:00,58901.905,1822.11,1.378,1.00011,0.47023,205.995,0.05481,1.0,0.06992,195.218
2021-03-18 00:00:00+00:00,57636.819,1775.586,1.23146,0.99994,0.47158,200.049,0.05339,0.9999,0.06862,202.371
2021-03-19 00:00:00+00:00,58059.805,1809.938,1.29452,0.99998,0.46641,200.274,0.05865,0.99954,0.07614,212.465
2021-03-20 00:00:00+00:00,58136.599,1804.248,1.20062,1.0002,0.52494,199.7,0.06066,1.0002,0.07168,204.922
