time,DGB open,DGB high,DGB low,DGB close,DGB volume,DGB daily_return
2019-03-20 00:00:00+00:00,0.013,0.014,0.013,0.014,1500865.73919122,
2019-03-21 00:00:00+00:00,0.014,0.014,0.012,0.013,424616.32724902,-0.07142857142857151
2019-03-22 00:00:00+00:00,0.013,0.013,0.013,0.013,466445.1675853,0.0
2019-03-23 00:00:00+00:00,0.013,0.013,0.012,0.013,355141.3444951,0.0
2019-03-24 00:00:00+00:00,0.012,0.013,0.012,0.013,7364.33594548,0.0
2019-03-25 00:00:00+00:00,0.013,0.013,0.011,0.012,696226.27889154,-0.07692307692307687
2019-03-26 00:00:00+00:00,0.013,0.013,0.012,0.012,206565.69206122,0.0
2019-03-27 00:00:00+00:00,0.012,0.013,0.012,0.012,919130.43215774,0.0
2019-03-28 00:00:00+00:00,0.012,0.013,0.012,0.013,451404.55235332,0.08333333333333326
2019-03-29 00:00:00+00:00,0.012,0.013,0.012,0.013,1560100.66121811,0.0
2019-03-30 00:00:00+00:00,0.013,0.013,0.012,0.013,4126544.9461341,0.0
2019-03-31 00:00:00+00:00,0.013,0.013,0.012,0.012,357066.0542342,-0.07692307692307687
2019-04-01 00:00:00+00:00,0.013,0.014,0.012,0.013,755557.56753602,0.08333333333333326
2019-04-02 00:00:00+00:00,0.014,0.015,0.013,0.014,6329758.19148203,0.0769230769230771
2019-04-03 00:00:00+00:00,0.014,0.017,0.014,0.014,4799445.06560873,0.0
2019-04-04 00:00:00+00:00,0.014,0.016,0.014,0.015,858591.51622553,0.0714285714285714
2019-04-05 00:00:00+00:00,0.015,0.015,0.014,0.015,406004.33033377,0.0
2019-04-06 00:00:00+00:00,0.015,0.016,0.014,0.015,365309.25392311,0.0
2019-04-07 00:00:00+00:00,0.015,0.016,0.014,0.015,459783.07284779,0.0
2019-04-08 00:00:00+00:00,0.015,0.016,0.014,0.015,1383417.4843038,0.0
2019-04-09 00:00:00+00:00,0.014,0.015,0.013,0.014,1612446.56999764,-0.06666666666666665
2019-04-10 00:00:00+00:00,0.015,0.015,0.013,0.014,1598589.60495888,0.0
2019-04-11 00:00:00+00:00,0.014,0.014,0.012,0.013,3270503.03803669,-0.07142857142857151
2019-04-12 00:00:00+00:00,0.013,0.014,0.012,0.014,839656.39080657,0.0769230769230771
2019-04-13 00:00:00+00:00,0.014,0.014,0.013,0.013,474527.29939983,-0.07142857142857151
2019-04-14 00:00:00+00:00,0.013,0.014,0.012,0.014,1762352.27152104,0.0769230769230771
2019-04-15 00:00:00+00:00,0.013,0.014,0.013,0.013,448950.66762766,-0.07142857142857151
2019-04-16 00:00:00+00:00,0.012,0.014,0.012,0.014,1524697.07703538,0.0769230769230771
2019-04-17 00:00:00+00:00,0.013,0.014,0.013,0.013,1903937.85911715,-0.07142857142857151
2019-04-18 00:00:00+00:00,0.013,0.014,0.013,0.014,1109968.14944062,0.0769230769230771
2019-04-19 00:00:00+00:00,0.013,0.014,0.013,0.013,1070885.04579114,-0.07142857142857151
2019-04-20 00:00:00+00:00,0.013,0.014,0.013,0.014,235217.64672195,0.0769230769230771
2019-04-21 00:00:00+00:00,0.014,0.014,0.013,0.013,663633.63428172,-0.07142857142857151
2019-04-22 00:00:00+00:00,0.012,0.014,0.012,0.014,1042520.30132729,0.0769230769230771
2019-04-23 00:00:00+00:00,0.013,0.014,0.013,0.013,540885.24742209,-0.07142857142857151
2019-04-24 00:00:00+00:00,0.012,0.012,0.011,0.012,2061874.49778078,-0.07692307692307687
2019-04-25 00:00:00+00:00,0.012,0.012,0.01,0.01,3102495.87900032,-0.16666666666666663
2019-04-26 00:00:00+00:00,0.011,0.012,0.011,0.011,1429343.75700097,0.09999999999999987
2019-04-27 00:00:00+00:00,0.01,0.011,0.01,0.01,848090.77394608,-0.09090909090909083
2019-04-28 00:00:00+00:00,0.01,0.011,0.01,0.01,17046.89257118,0.0
2019-04-29 00:00:00+00:00,0.01,0.011,0.01,0.01,1544399.09276414,0.0
2019-04-30 00:00:00+00:00,0.011,0.011,0.01,0.01,109455.7092872,0.0
2019-05-01 00:00:00+00:00,0.01,0.011,0.01,0.011,282429.60016562,0.09999999999999987
2019-05-02 00:00:00+00:00,0.011,0.012,0.01,0.011,3329688.95067636,0.0
2019-05-03 00:00:00+00:00,0.011,0.011,0.01,0.011,608876.49456597,0.0
2019-05-04 00:00:00+00:00,0.011,0.011,0.00951,0.01019,1107979.25525338,-0.07363636363636361
2019-05-05 00:00:00+00:00,0.00951,0.0109,0.00951,0.01079,3939146.03324249,0.05888125613346418
2019-05-06 00:00:00+00:00,0.0101,0.01049,0.00982,0.01027,853203.49130868,-0.04819277108433728
2019-05-07 00:00:00+00:00,0.01056,0.01085,0.01002,0.01025,1942645.57503746,-0.0019474196689386325
2019-05-08 00:00:00+00:00,0.01078,0.01078,0.00985,0.00997,1158625.38490502,-0.02731707317073173
2019-05-09 00:00:00+00:00,0.00984,0.01055,0.00951,0.01027,1335760.30838263,0.030090270812437314
2019-05-10 00:00:00+00:00,0.01003,0.01049,0.00981,0.0104,525123.06021489,0.012658227848101333
2019-05-11 00:00:00+00:00,0.01033,0.01192,0.01025,0.01152,2971358.30917387,0.10769230769230775
2019-05-12 00:00:00+00:00,0.01136,0.0115,0.01027,0.01027,1747983.10195572,-0.10850694444444453
2019-05-13 00:00:00+00:00,0.01022,0.01191,0.01018,0.01021,2715009.88097844,-0.0058422590068158975
2019-05-14 00:00:00+00:00,0.01061,0.01155,0.0101,0.01155,4932549.78842122,0.13124387855044062
2019-05-15 00:00:00+00:00,0.01155,0.01524,0.01119,0.01512,5408418.26477982,0.3090909090909091
2019-05-16 00:00:00+00:00,0.01495,0.01514,0.01186,0.0132,6457066.03161918,-0.12698412698412698
2019-05-17 00:00:00+00:00,0.01349,0.0135,0.011,0.01275,2109233.36019234,-0.03409090909090917
2019-05-18 00:00:00+00:00,0.0125,0.01314,0.012,0.01247,869885.43376549,-0.02196078431372539
2019-05-19 00:00:00+00:00,0.0128,0.015,0.01264,0.01299,6086475.30692058,0.04170008019246185
2019-05-20 00:00:00+00:00,0.013,0.013,0.01202,0.0123,4617633.2122736,-0.053117782909930744
2019-05-21 00:00:00+00:00,0.01281,0.0152,0.01243,0.01498,2306185.51612798,0.21788617886178852
2019-05-22 00:00:00+00:00,0.01479,0.01589,0.014,0.0145,3395474.48034429,-0.03204272363150862
2019-05-23 00:00:00+00:00,0.01435,0.01501,0.01375,0.0142,2594782.97457031,-0.020689655172413834
2019-05-24 00:00:00+00:00,0.01427,0.01526,0.01427,0.01481,2157795.94806845,0.04295774647887329
2019-05-25 00:00:00+00:00,0.0152,0.01607,0.015,0.01598,4677328.84204873,0.07900067521944631
2019-05-26 00:00:00+00:00,0.01551,0.0165,0.015,0.01508,7108736.51063886,-0.05632040050062592
2019-05-27 00:00:00+00:00,0.01601,0.0168,0.01564,0.01665,2363684.15606384,0.1041114058355439
2019-05-28 00:00:00+00:00,0.01664,0.01665,0.01528,0.01597,3204176.99359478,-0.04084084084084083
2019-05-29 00:00:00+00:00,0.0154,0.01664,0.01534,0.01651,2688346.48569497,0.033813400125234816
2019-05-30 00:00:00+00:00,0.01651,0.01691,0.01402,0.01404,5727040.9560643,-0.14960629921259838
2019-05-31 00:00:00+00:00,0.01476,0.01548,0.01405,0.015,1715510.15451073,0.06837606837606836
2019-06-01 00:00:00+00:00,0.015,0.01599,0.015,0.01512,1533868.20147365,0.008000000000000007
2019-06-02 00:00:00+00:00,0.0159,0.01671,0.0145,0.01581,2786847.00475214,0.045634920634920695
2019-06-03 00:00:00+00:00,0.01586,0.017,0.01478,0.01502,1530451.8458436,-0.04996837444655289
2019-06-04 00:00:00+00:00,0.015,0.015,0.01355,0.01412,2097150.45634841,-0.059920106524633754
2019-06-05 00:00:00+00:00,0.01412,0.01473,0.01378,0.014,1191742.52442708,-0.008498583569405138
2019-06-06 00:00:00+00:00,0.01444,0.015,0.01352,0.01415,691483.40656628,0.010714285714285676
2019-06-07 00:00:00+00:00,0.01428,0.01493,0.01387,0.01447,1069255.46605138,0.022614840989399365
2019-06-08 00:00:00+00:00,0.01445,0.01494,0.0136,0.0138,394383.10695745,-0.046302695231513535
2019-06-09 00:00:00+00:00,0.0138,0.0143,0.0125,0.01287,1197768.25905851,-0.06739130434782614
2019-06-10 00:00:00+00:00,0.01252,0.01378,0.0125,0.01305,2735262.40505705,0.013986013986014179
2019-06-11 00:00:00+00:00,0.01285,0.0132,0.0121,0.0125,2132374.77769441,-0.04214559386973182
2019-06-12 00:00:00+00:00,0.0125,0.0135,0.01014,0.01253,15623150.34726823,0.0023999999999999577
2019-06-13 00:00:00+00:00,0.0125,0.01296,0.01205,0.01246,2279914.25230819,-0.005586592178770888
2019-06-14 00:00:00+00:00,0.01289,0.01289,0.01173,0.0125,3064532.86048076,0.0032102728731941976
2019-06-15 00:00:00+00:00,0.01251,0.01308,0.01251,0.01275,2364754.66327631,0.019999999999999796
2019-06-16 00:00:00+00:00,0.01275,0.01325,0.01256,0.01298,2399561.77591796,0.018039215686274535
2019-06-17 00:00:00+00:00,0.01298,0.0131,0.01242,0.01267,3207069.78142393,-0.023882896764252703
2019-06-18 00:00:00+00:00,0.01267,0.01324,0.01223,0.01311,2647807.76320921,0.034727703235990504
2019-06-19 00:00:00+00:00,0.01311,0.0162,0.01311,0.01618,6957410.73808054,0.23417238749046532
2019-06-20 00:00:00+00:00,0.01551,0.01573,0.01407,0.01485,2458287.55330212,-0.0822002472187886
2019-06-21 00:00:00+00:00,0.01408,0.01487,0.01352,0.014,2108615.67473009,-0.0572390572390572
2019-06-22 00:00:00+00:00,0.01352,0.01494,0.01327,0.0149,2548355.3219081,0.06428571428571428
2019-06-23 00:00:00+00:00,0.0149,0.015,0.01389,0.01444,2068470.85111343,-0.03087248322147651
2019-06-24 00:00:00+00:00,0.01391,0.01443,0.0135,0.01366,1149043.97184387,-0.05401662049861489
2019-06-25 00:00:00+00:00,0.014,0.01489,0.01351,0.01451,1781465.79803465,0.0622254758418741
2019-06-26 00:00:00+00:00,0.0145,0.01507,0.01233,0.013,6144444.89726009,-0.10406616126809098
2019-06-27 00:00:00+00:00,0.013,0.01355,0.012,0.01215,4302653.37513224,-0.06538461538461537
2019-06-28 00:00:00+00:00,0.01207,0.01294,0.01152,0.01281,1555648.40651065,0.05432098765432114
2019-06-29 00:00:00+00:00,0.01225,0.01293,0.01175,0.01264,1274508.06441937,-0.013270882123341154
2019-06-30 00:00:00+00:00,0.01265,0.0135,0.0119,0.0119,2648328.80499527,-0.05854430379746833
2019-07-01 00:00:00+00:00,0.01201,0.0135,0.0115,0.013,3085414.10970038,0.09243697478991586
2019-07-02 00:00:00+00:00,0.01289,0.01296,0.01151,0.01195,2114952.39803031,-0.0807692307692307
2019-07-03 00:00:00+00:00,0.01195,0.01246,0.01165,0.01231,1471747.35411836,0.030125523012552335
2019-07-04 00:00:00+00:00,0.01228,0.01235,0.01174,0.0118,2615112.55872832,-0.041429731925264
2019-07-05 00:00:00+00:00,0.01199,0.01233,0.0112,0.01155,6168663.47714094,-0.021186440677966156
2019-07-06 00:00:00+00:00,0.01154,0.01234,0.01153,0.01233,2764825.56441118,0.06753246753246755
2019-07-07 00:00:00+00:00,0.01209,0.01366,0.01209,0.01349,4605261.20824696,0.09407948094079477
2019-07-08 00:00:00+00:00,0.0137,0.01445,0.01265,0.013,4911652.69547663,-0.036323202372127605
2019-07-09 00:00:00+00:00,0.013,0.01355,0.0124,0.01345,2821924.80376849,0.034615384615384714
2019-07-10 00:00:00+00:00,0.01343,0.01396,0.01218,0.01254,2315992.08208939,-0.06765799256505567
2019-07-11 00:00:00+00:00,0.01243,0.01286,0.01143,0.01202,2224944.53146753,-0.04146730462519943
2019-07-12 00:00:00+00:00,0.01265,0.0135,0.01171,0.01321,1011942.05227538,0.09900166389351073
2019-07-13 00:00:00+00:00,0.01319,0.0135,0.012,0.01275,1171874.05501726,-0.0348221044663134
2019-07-14 00:00:00+00:00,0.01284,0.01324,0.01155,0.01155,2838664.35424705,-0.09411764705882353
2019-07-15 00:00:00+00:00,0.01155,0.01223,0.01089,0.0119,4574445.61397969,0.030303030303030498
2019-07-16 00:00:00+00:00,0.01181,0.01222,0.01007,0.01044,2390306.39016644,-0.12268907563025222
2019-07-17 00:00:00+00:00,0.01044,0.01136,0.01013,0.01096,2018582.11962,0.04980842911877392
2019-07-18 00:00:00+00:00,0.01145,0.01224,0.01043,0.0121,1318139.18952095,0.10401459854014594
2019-07-19 00:00:00+00:00,0.0121,0.01224,0.01108,0.01198,423218.16743204,-0.00991735537190086
2019-07-20 00:00:00+00:00,0.01197,0.01254,0.01112,0.01213,1027030.1187928,0.01252086811352271
2019-07-21 00:00:00+00:00,0.01201,0.01222,0.01165,0.01185,427204.27504542,-0.023083264633141032
2019-07-22 00:00:00+00:00,0.01185,0.01247,0.0111,0.0111,1571188.62349674,-0.06329113924050622
2019-07-23 00:00:00+00:00,0.01111,0.01144,0.01051,0.01051,4242366.86912338,-0.053153153153153165
2019-07-24 00:00:00+00:00,0.01051,0.01089,0.01018,0.01083,1151731.13524884,0.03044719314938149
2019-07-25 00:00:00+00:00,0.01083,0.01247,0.01061,0.01081,1136175.50075676,-0.0018467220683285879
2019-07-26 00:00:00+00:00,0.01115,0.01115,0.0105,0.011,1437197.93994137,0.017576318223866627
2019-07-27 00:00:00+00:00,0.01117,0.01134,0.01025,0.01055,821101.45431248,-0.040909090909090784
2019-07-28 00:00:00+00:00,0.01045,0.01069,0.01022,0.01069,427158.52740987,0.013270142180094702
2019-07-29 00:00:00+00:00,0.01048,0.01094,0.01025,0.01025,1120962.12344448,-0.04115996258185217
2019-07-30 00:00:00+00:00,0.0105,0.0117,0.01008,0.01025,1010477.51972377,0.0
2019-07-31 00:00:00+00:00,0.01048,0.01095,0.01017,0.01057,538724.58105977,0.031219512195121757
2019-08-01 00:00:00+00:00,0.01078,0.01096,0.01011,0.01041,1599675.98985029,-0.01513718070009451
2019-08-02 00:00:00+00:00,0.01042,0.01045,0.0095,0.00998,3613904.16923502,-0.04130643611911633
2019-08-03 00:00:00+00:00,0.00998,0.01038,0.00989,0.01008,501779.23097254,0.010020040080160442
2019-08-04 00:00:00+00:00,0.01012,0.01024,0.0096,0.01006,787107.44435606,-0.001984126984127088
2019-08-05 00:00:00+00:00,0.00997,0.0113,0.00962,0.01085,8069371.67600492,0.07852882703777353
2019-08-06 00:00:00+00:00,0.01108,0.0119,0.00965,0.00997,6503292.04579173,-0.08110599078341019
2019-08-07 00:00:00+00:00,0.00974,0.01033,0.00967,0.01015,2338959.12146868,0.01805416248746239
2019-08-08 00:00:00+00:00,0.00971,0.01013,0.00965,0.00991,2142223.89540978,-0.02364532019704424
2019-08-09 00:00:00+00:00,0.00992,0.01003,0.00945,0.00977,925382.52988659,-0.014127144298688332
2019-08-10 00:00:00+00:00,0.00953,0.00978,0.00928,0.00928,1665571.8584438,-0.05015353121801425
2019-08-11 00:00:00+00:00,0.00951,0.00999,0.00928,0.00998,1184068.07768733,0.07543103448275845
2019-08-12 00:00:00+00:00,0.00999,0.01003,0.00957,0.00976,755583.41738922,-0.022044088176352727
2019-08-13 00:00:00+00:00,0.00976,0.00979,0.00926,0.00959,852804.0931241,-0.01741803278688525
2019-08-14 00:00:00+00:00,0.0094,0.00956,0.00894,0.00896,1616008.95863069,-0.06569343065693434
2019-08-15 00:00:00+00:00,0.00912,0.00946,0.0085,0.00946,2100802.21065945,0.0558035714285714
2019-08-16 00:00:00+00:00,0.00927,0.0095,0.00878,0.00936,3944294.11503018,-0.010570824524312794
2019-08-17 00:00:00+00:00,0.00929,0.00929,0.00881,0.00881,491574.251107,-0.058760683760683774
2019-08-18 00:00:00+00:00,0.00908,0.00919,0.00899,0.00918,136884.52367936,0.041997729852440546
2019-08-19 00:00:00+00:00,0.00901,0.0094,0.00901,0.0094,450587.4548956,0.023965141612200425
2019-08-20 00:00:00+00:00,0.00939,0.0094,0.00886,0.0091,705431.15086695,-0.03191489361702127
2019-08-21 00:00:00+00:00,0.00911,0.01001,0.00861,0.00872,2118735.03124784,-0.04175824175824172
2019-08-22 00:00:00+00:00,0.00886,0.01001,0.00851,0.0089,1719638.48500835,0.020642201834862428
2019-08-23 00:00:00+00:00,0.00883,0.00943,0.00883,0.00943,524865.60180561,0.059550561797752755
2019-08-24 00:00:00+00:00,0.00927,0.00945,0.00887,0.00918,1109756.63340638,-0.026511134676563963
2019-08-25 00:00:00+00:00,0.00912,0.00918,0.00877,0.00895,688003.98075461,-0.025054466230936878
2019-08-26 00:00:00+00:00,0.00897,0.0093,0.00864,0.0088,526262.38980595,-0.016759776536312776
2019-08-27 00:00:00+00:00,0.00884,0.00884,0.0085,0.00874,3904810.99272935,-0.006818181818181945
2019-08-28 00:00:00+00:00,0.0086,0.00889,0.00782,0.00798,3845502.00330389,-0.08695652173913049
2019-08-29 00:00:00+00:00,0.008,0.00824,0.00766,0.00805,5251871.24802419,0.00877192982456143
2019-08-30 00:00:00+00:00,0.00801,0.00839,0.00794,0.00835,1626655.74013405,0.037267080745341685
2019-08-31 00:00:00+00:00,0.00816,0.00839,0.00804,0.00811,242039.8052118,-0.028742514970059974
2019-09-01 00:00:00+00:00,0.00828,0.00849,0.00806,0.00848,1702891.53804046,0.04562268803945746
2019-09-02 00:00:00+00:00,0.00848,0.00888,0.00831,0.00866,1431610.62429396,0.021226415094339535
2019-09-03 00:00:00+00:00,0.00866,0.00889,0.00858,0.00885,1130387.21698372,0.021939953810623747
2019-09-04 00:00:00+00:00,0.00859,0.00897,0.00839,0.0087,6894957.25521093,-0.016949152542372947
2019-09-05 00:00:00+00:00,0.00889,0.00889,0.00801,0.00801,3785931.91712224,-0.07931034482758614
2019-09-06 00:00:00+00:00,0.0081,0.00841,0.00759,0.00819,4774367.29230944,0.022471910112359605
2019-09-07 00:00:00+00:00,0.00813,0.00814,0.00767,0.00811,1840843.07891513,-0.009768009768009844
2019-09-08 00:00:00+00:00,0.00811,0.00867,0.00787,0.00864,1784230.0965506,0.06535141800246613
2019-09-09 00:00:00+00:00,0.00866,0.00866,0.00816,0.00839,300682.83595264,-0.02893518518518523
2019-09-10 00:00:00+00:00,0.00838,0.00839,0.00785,0.00817,1119122.6402599,-0.026221692491060766
2019-09-11 00:00:00+00:00,0.008,0.00808,0.00785,0.00801,488607.38042022,-0.019583843329253448
2019-09-12 00:00:00+00:00,0.00803,0.00828,0.008,0.00808,1282608.7551582,0.008739076154806513
2019-09-13 00:00:00+00:00,0.00824,0.00827,0.00799,0.00812,401179.18612455,0.004950495049504955
2019-09-14 00:00:00+00:00,0.00819,0.00852,0.00786,0.00807,1190948.71205567,-0.006157635467980205
2019-09-15 00:00:00+00:00,0.00806,0.00811,0.00786,0.00809,625647.42411824,0.0024783147459725985
2019-09-16 00:00:00+00:00,0.00809,0.0081,0.00769,0.0079,2985621.25130469,-0.023485784919653807
2019-09-17 00:00:00+00:00,0.00797,0.00818,0.00762,0.00818,2292376.92545405,0.03544303797468351
2019-09-18 00:00:00+00:00,0.00817,0.00856,0.00785,0.00831,3477172.85364114,0.01589242053789719
2019-09-19 00:00:00+00:00,0.00831,0.00844,0.00781,0.00844,1495871.56427234,0.01564380264741283
2019-09-20 00:00:00+00:00,0.00837,0.00843,0.008,0.00824,850087.09284317,-0.023696682464454888
2019-09-21 00:00:00+00:00,0.00806,0.00827,0.00792,0.0081,895339.96583829,-0.016990291262136026
2019-09-22 00:00:00+00:00,0.00795,0.00808,0.00776,0.00782,781181.28545912,-0.034567901234567766
2019-09-23 00:00:00+00:00,0.00777,0.00789,0.00755,0.00755,1068390.54513815,-0.03452685421994883
2019-09-24 00:00:00+00:00,0.0077,0.00799,0.0062,0.00687,5854815.03761169,-0.09006622516556295
2019-09-25 00:00:00+00:00,0.00691,0.0075,0.0067,0.0068,3050859.52241184,-0.010189228529839944
2019-09-26 00:00:00+00:00,0.0072,0.00778,0.00692,0.0076,4172945.15266106,0.11764705882352944
2019-09-27 00:00:00+00:00,0.00745,0.00824,0.00739,0.00792,892216.54909187,0.042105263157894646
2019-09-28 00:00:00+00:00,0.00768,0.00782,0.0075,0.00769,886907.13582424,-0.02904040404040409
2019-09-29 00:00:00+00:00,0.00785,0.00785,0.00739,0.00761,2155004.31444818,-0.01040312093628093
2019-09-30 00:00:00+00:00,0.00747,0.0078,0.00687,0.00776,1928431.65011315,0.019710906701708497
2019-10-01 00:00:00+00:00,0.00781,0.00799,0.00752,0.00756,3284266.40933341,-0.02577319587628868
2019-10-02 00:00:00+00:00,0.00763,0.00763,0.00739,0.00757,1769966.36491214,0.001322751322751392
2019-10-03 00:00:00+00:00,0.00758,0.0076,0.00737,0.00759,179205.68548741,0.0026420079260238705
2019-10-04 00:00:00+00:00,0.00756,0.00756,0.00728,0.00748,816578.72504656,-0.01449275362318847
2019-10-05 00:00:00+00:00,0.00749,0.00749,0.00732,0.00747,115262.91272696,-0.0013368983957218195
2019-10-06 00:00:00+00:00,0.0074,0.00742,0.0071,0.00724,1232375.09238211,-0.030789825970548912
2019-10-07 00:00:00+00:00,0.0072,0.00778,0.00715,0.00769,549886.30708843,0.06215469613259672
2019-10-08 00:00:00+00:00,0.00785,0.00802,0.00775,0.00793,662316.02325811,0.031209362808842567
2019-10-09 00:00:00+00:00,0.00793,0.00884,0.00792,0.00841,2617064.86461575,0.060529634300126256
2019-10-10 00:00:00+00:00,0.00853,0.00885,0.00846,0.0085,1281748.60745178,0.010701545778834642
2019-10-11 00:00:00+00:00,0.00863,0.00877,0.00809,0.00874,5783998.15959207,0.028235294117646914
2019-10-12 00:00:00+00:00,0.00855,0.009,0.00855,0.00868,4549750.73964342,-0.00686498855835227
2019-10-13 00:00:00+00:00,0.00868,0.00884,0.00865,0.00884,72427.90564031,0.018433179723502446
2019-10-14 00:00:00+00:00,0.0086,0.00897,0.00852,0.00864,583741.33152791,-0.022624434389140302
2019-10-15 00:00:00+00:00,0.00884,0.00904,0.00811,0.00811,2307423.95438671,-0.06134259259259267
2019-10-16 00:00:00+00:00,0.00811,0.00846,0.00773,0.00777,2182131.36276255,-0.041923551171393236
2019-10-17 00:00:00+00:00,0.00777,0.00844,0.00775,0.00808,840366.65766258,0.039897039897039965
2019-10-18 00:00:00+00:00,0.00808,0.00808,0.0075,0.00776,3934279.51100458,-0.03960396039603964
2019-10-19 00:00:00+00:00,0.00776,0.00781,0.00759,0.00773,87649.09761956,-0.0038659793814433963
2019-10-20 00:00:00+00:00,0.00756,0.00777,0.0074,0.00754,717242.39161876,-0.02457956015523932
2019-10-21 00:00:00+00:00,0.00746,0.0077,0.0074,0.00752,645760.66603076,-0.0026525198938992522
2019-10-22 00:00:00+00:00,0.00742,0.00759,0.0071,0.0071,1521532.22105834,-0.055851063829787106
2019-10-23 00:00:00+00:00,0.0071,0.00741,0.00675,0.00699,1471170.95284153,-0.015492957746478964
2019-10-24 00:00:00+00:00,0.00698,0.00774,0.00667,0.00672,1347413.76497392,-0.03862660944205998
2019-10-25 00:00:00+00:00,0.00684,0.00796,0.00684,0.00777,2966935.02942459,0.15625
2019-10-26 00:00:00+00:00,0.00797,0.00895,0.00745,0.00778,5883270.7535622,0.0012870012870012104
2019-10-27 00:00:00+00:00,0.00777,0.00806,0.00748,0.00763,613308.39010598,-0.019280205655527016
2019-10-28 00:00:00+00:00,0.00807,0.00814,0.00729,0.00747,1067484.49634696,-0.02096985583224109
2019-10-29 00:00:00+00:00,0.00747,0.00781,0.00732,0.00737,1101029.47459606,-0.01338688085676043
2019-10-30 00:00:00+00:00,0.00737,0.00761,0.00707,0.00707,1658668.80616412,-0.04070556309362283
2019-10-31 00:00:00+00:00,0.00706,0.00729,0.0069,0.00691,598722.61820802,-0.022630834512022524
2019-11-01 00:00:00+00:00,0.00705,0.00749,0.00675,0.00694,1933398.82348736,0.004341534008682979
2019-11-02 00:00:00+00:00,0.00697,0.00749,0.00697,0.00735,347170.70141611,0.05907780979827093
2019-11-03 00:00:00+00:00,0.00731,0.00755,0.00709,0.00726,688363.45211583,-0.012244897959183598
2019-11-04 00:00:00+00:00,0.00719,0.0076,0.00706,0.00734,2043011.82712022,0.011019283746556585
2019-11-05 00:00:00+00:00,0.00727,0.0074,0.00704,0.00728,754219.24043858,-0.008174386920980936
2019-11-06 00:00:00+00:00,0.00737,0.00763,0.00712,0.00722,715401.66300295,-0.008241758241758212
2019-11-07 00:00:00+00:00,0.00722,0.00763,0.0069,0.00698,1652333.52393724,-0.03324099722991691
2019-11-08 00:00:00+00:00,0.00706,0.00722,0.00675,0.0069,786585.83195504,-0.011461318051575908
2019-11-09 00:00:00+00:00,0.00694,0.00714,0.00689,0.00713,344048.41873768,0.03333333333333344
2019-11-10 00:00:00+00:00,0.007,0.00723,0.007,0.00723,269370.98043083,0.014025245441795287
2019-11-11 00:00:00+00:00,0.00723,0.0074,0.0069,0.00702,598989.11282482,-0.02904564315352698
2019-11-12 00:00:00+00:00,0.00701,0.00729,0.00685,0.00711,2169955.19872878,0.012820512820512775
2019-11-13 00:00:00+00:00,0.00711,0.00713,0.0069,0.0069,434579.56436056,-0.029535864978902926
2019-11-14 00:00:00+00:00,0.00699,0.00713,0.00685,0.00713,1824526.12818497,0.03333333333333344
2019-11-15 00:00:00+00:00,0.00701,0.00715,0.00682,0.0069,2360452.16002069,-0.032258064516129004
2019-11-16 00:00:00+00:00,0.0069,0.00704,0.0067,0.00677,1370224.06704676,-0.018840579710144967
2019-11-17 00:00:00+00:00,0.0069,0.00704,0.00677,0.00685,153976.96792361,0.011816838995568624
2019-11-18 00:00:00+00:00,0.00681,0.00681,0.00645,0.00657,1374190.21632761,-0.040875912408759096
2019-11-19 00:00:00+00:00,0.00655,0.00703,0.00647,0.00671,384023.32822081,0.02130898021308969
2019-11-20 00:00:00+00:00,0.00672,0.00729,0.0066,0.00708,1409401.19315562,0.05514157973174383
2019-11-21 00:00:00+00:00,0.00708,0.0083,0.0066,0.0069,5714278.17328166,-0.025423728813559365
2019-11-22 00:00:00+00:00,0.00684,0.00696,0.0062,0.0067,2122321.72451182,-0.02898550724637672
2019-11-23 00:00:00+00:00,0.00663,0.00696,0.00638,0.0067,461899.84068157,0.0
2019-11-24 00:00:00+00:00,0.00663,0.00717,0.00636,0.00637,2133539.66550702,-0.04925373134328359
2019-11-25 00:00:00+00:00,0.00635,0.00725,0.006,0.00634,6989302.53289731,-0.0047095761381474865
2019-11-26 00:00:00+00:00,0.00629,0.00646,0.00625,0.00638,592546.31815431,0.006309148264984188
2019-11-27 00:00:00+00:00,0.00646,0.007,0.00625,0.00697,1375718.50089467,0.09247648902821304
2019-11-28 00:00:00+00:00,0.00697,0.00705,0.00678,0.00689,434019.09078797,-0.01147776183644178
2019-11-29 00:00:00+00:00,0.00675,0.00699,0.00666,0.0069,571462.15435162,0.0014513788098693414
2019-11-30 00:00:00+00:00,0.00697,0.007,0.00674,0.00682,390872.31440062,-0.011594202898550732
2019-12-01 00:00:00+00:00,0.00679,0.007,0.0065,0.00667,658059.74342917,-0.021994134897360684
2019-12-02 00:00:00+00:00,0.0066,0.00666,0.00642,0.0065,441583.2742346,-0.02548725637181415
2019-12-03 00:00:00+00:00,0.00664,0.00675,0.00642,0.0066,725696.19582482,0.01538461538461533
2019-12-04 00:00:00+00:00,0.00658,0.0069,0.00645,0.00647,362365.27683296,-0.019696969696969657
2019-12-05 00:00:00+00:00,0.00645,0.00684,0.0063,0.00631,2033849.20358017,-0.02472952086553326
2019-12-06 00:00:00+00:00,0.00631,0.00682,0.00618,0.00652,4621418.06375764,0.033280507131537185
2019-12-07 00:00:00+00:00,0.00652,0.00656,0.0064,0.00647,828245.15681343,-0.0076687116564416735
2019-12-08 00:00:00+00:00,0.00647,0.0066,0.00639,0.00654,391709.72282729,0.01081916537867067
2019-12-09 00:00:00+00:00,0.0066,0.0066,0.00653,0.00653,34759.37633148,-0.001529051987767538
2019-12-10 00:00:00+00:00,0.0066,0.00672,0.00633,0.00633,1112383.30017313,-0.030627871362940318
2019-12-11 00:00:00+00:00,0.0064,0.00646,0.00635,0.00646,643764.0224352,0.020537124802527673
2019-12-12 00:00:00+00:00,0.0065,0.0067,0.00635,0.00654,1807561.02902084,0.012383900928792713
2019-12-13 00:00:00+00:00,0.00661,0.00666,0.00651,0.00666,666558.6109824,0.01834862385321112
2019-12-14 00:00:00+00:00,0.00666,0.00669,0.00634,0.00646,450241.90016332,-0.03003003003003013
2019-12-15 00:00:00+00:00,0.00641,0.00665,0.00629,0.00629,1488824.92217007,-0.02631578947368418
2019-12-16 00:00:00+00:00,0.00626,0.00643,0.00609,0.00622,2052231.88878207,-0.0111287758346581
2019-12-17 00:00:00+00:00,0.00611,0.00649,0.0058,0.00583,2085496.7401096,-0.06270096463022501
2019-12-18 00:00:00+00:00,0.00596,0.00663,0.0058,0.00663,2895866.67705488,0.13722126929674094
2019-12-19 00:00:00+00:00,0.00658,0.00658,0.00629,0.00629,234393.87089062,-0.05128205128205132
2019-12-20 00:00:00+00:00,0.00628,0.00642,0.006,0.006,1378031.50536356,-0.04610492845786951
2019-12-21 00:00:00+00:00,0.006,0.0061,0.00582,0.00588,6719160.30164215,-0.020000000000000018
2019-12-22 00:00:00+00:00,0.00582,0.00635,0.0058,0.00583,1148031.92328733,-0.008503401360544172
2019-12-23 00:00:00+00:00,0.006,0.00634,0.00568,0.00572,302474.81014513,-0.018867924528301883
2019-12-24 00:00:00+00:00,0.00574,0.00606,0.00573,0.00584,1228621.31197539,0.020979020979020824
2019-12-25 00:00:00+00:00,0.00577,0.00605,0.00562,0.00572,768572.04771269,-0.020547945205479312
2019-12-26 00:00:00+00:00,0.00565,0.00576,0.00547,0.00562,2391683.09039618,-0.0174825174825175
2019-12-27 00:00:00+00:00,0.00554,0.006,0.00531,0.00553,987475.84470945,-0.016014234875444844
2019-12-28 00:00:00+00:00,0.00542,0.0056,0.00529,0.00547,613761.38785311,-0.010849909584086825
2019-12-29 00:00:00+00:00,0.0055,0.006,0.00545,0.00555,1798772.08201577,0.014625228519195677
2019-12-30 00:00:00+00:00,0.00555,0.00555,0.00524,0.0053,837933.62534726,-0.04504504504504503
2019-12-31 00:00:00+00:00,0.00529,0.00541,0.0052,0.00532,564673.30380786,0.0037735849056603765
2020-01-01 00:00:00+00:00,0.00524,0.00548,0.0052,0.00531,1214180.95107908,-0.00187969924812037
2020-01-02 00:00:00+00:00,0.0053,0.00545,0.00514,0.0053,1087803.55791939,-0.0018832391713746732
2020-01-03 00:00:00+00:00,0.00523,0.00566,0.00523,0.00543,796796.90960599,0.024528301886792336
2020-01-04 00:00:00+00:00,0.0054,0.00563,0.00535,0.00546,881732.23720967,0.0055248618784529135
2020-01-05 00:00:00+00:00,0.00549,0.00569,0.00537,0.00541,881382.93288891,-0.009157509157509125
2020-01-06 00:00:00+00:00,0.00547,0.00577,0.00547,0.00577,3011071.14256429,0.06654343807763397
2020-01-07 00:00:00+00:00,0.0058,0.00596,0.00567,0.00596,2768845.1376114,0.032928942807625594
2020-01-08 00:00:00+00:00,0.00599,0.00613,0.00545,0.00565,2742563.40320621,-0.052013422818791955
2020-01-09 00:00:00+00:00,0.00561,0.0059,0.00549,0.00549,808435.09703489,-0.02831858407079635
2020-01-10 00:00:00+00:00,0.00545,0.00608,0.00531,0.00562,1090183.61407141,0.023679417122040025
2020-01-11 00:00:00+00:00,0.00568,0.00578,0.00563,0.00572,2119538.41634045,0.017793594306049876
2020-01-12 00:00:00+00:00,0.00567,0.00588,0.0056,0.00581,1179500.13703604,0.015734265734265618
2020-01-13 00:00:00+00:00,0.00581,0.00587,0.00575,0.00577,1049301.11106174,-0.0068846815834767705
2020-01-14 00:00:00+00:00,0.00588,0.00652,0.00588,0.00634,3888437.26241582,0.098786828422877
2020-01-15 00:00:00+00:00,0.0063,0.00683,0.00622,0.0068,2776221.82832988,0.0725552050473186
2020-01-16 00:00:00+00:00,0.00679,0.007,0.00648,0.00697,2282931.00329893,0.02499999999999991
2020-01-17 00:00:00+00:00,0.00699,0.00776,0.00665,0.00699,6865770.56281138,0.0028694404591105283
2020-01-18 00:00:00+00:00,0.007,0.0072,0.00662,0.00698,5226121.44304152,-0.0014306151645206988
2020-01-19 00:00:00+00:00,0.00694,0.00715,0.00652,0.00673,3249062.74741139,-0.035816618911174825
2020-01-20 00:00:00+00:00,0.00673,0.00702,0.00655,0.00675,3236184.51059937,0.002971768202080227
2020-01-21 00:00:00+00:00,0.00676,0.00702,0.00662,0.00676,1841915.32940233,0.001481481481481639
2020-01-22 00:00:00+00:00,0.00671,0.00678,0.00656,0.00667,233066.19449613,-0.013313609467455745
2020-01-23 00:00:00+00:00,0.00677,0.00695,0.00625,0.00647,803246.9049765,-0.02998500749625177
2020-01-24 00:00:00+00:00,0.0064,0.00658,0.00631,0.00647,2552157.81112105,0.0
2020-01-25 00:00:00+00:00,0.00631,0.00648,0.00617,0.00621,473252.48040309,-0.040185471406491424
2020-01-26 00:00:00+00:00,0.00621,0.00674,0.00614,0.00623,1297327.50869531,0.0032206119162641045
2020-01-27 00:00:00+00:00,0.00631,0.00646,0.00624,0.00636,1725242.54974818,0.020866773675762396
2020-01-28 00:00:00+00:00,0.00632,0.00674,0.00619,0.00656,1443666.94999763,0.03144654088050314
2020-01-29 00:00:00+00:00,0.00636,0.00674,0.0063,0.0063,1917647.69739768,-0.03963414634146334
2020-01-30 00:00:00+00:00,0.00627,0.0065,0.0061,0.00635,4715573.36314985,0.007936507936507908
2020-01-31 00:00:00+00:00,0.00636,0.00643,0.00613,0.00618,5541259.01738424,-0.026771653543307128
2020-02-01 00:00:00+00:00,0.00625,0.00661,0.00614,0.00632,1715122.36961435,0.02265372168284796
2020-02-02 00:00:00+00:00,0.00638,0.00675,0.00636,0.00641,3852557.15201715,0.014240506329114
2020-02-03 00:00:00+00:00,0.00648,0.00664,0.00625,0.00637,1261386.64190462,-0.006240249609984372
2020-02-04 00:00:00+00:00,0.00631,0.00647,0.00623,0.00639,3816106.30766218,0.0031397174254317317
2020-02-05 00:00:00+00:00,0.00635,0.00714,0.00635,0.00702,1367706.93766598,0.09859154929577474
2020-02-06 00:00:00+00:00,0.00695,0.00748,0.00676,0.00714,2620123.54672756,0.017094017094017033
2020-02-07 00:00:00+00:00,0.00715,0.00742,0.007,0.00725,2471444.70410991,0.015406162464986162
2020-02-08 00:00:00+00:00,0.00724,0.00742,0.00706,0.00732,2970050.54167705,0.00965517241379299
2020-02-09 00:00:00+00:00,0.00733,0.00752,0.00726,0.00752,1854562.66179554,0.02732240437158473
2020-02-10 00:00:00+00:00,0.00753,0.00763,0.00699,0.00738,3908544.63616753,-0.018617021276595702
2020-02-11 00:00:00+00:00,0.00735,0.00797,0.00718,0.00797,1944471.23751411,0.0799457994579944
2020-02-12 00:00:00+00:00,0.00797,0.0085,0.00739,0.00799,4911902.02190202,0.0025094102885823144
2020-02-13 00:00:00+00:00,0.00812,0.00828,0.00782,0.00796,6153532.83225855,-0.003754693366708417
2020-02-14 00:00:00+00:00,0.00812,0.00835,0.00782,0.00829,1633086.98773063,0.041457286432160956
2020-02-15 00:00:00+00:00,0.00828,0.0086,0.008,0.00808,1571593.54905127,-0.02533172496984315
2020-02-16 00:00:00+00:00,0.00815,0.00849,0.0076,0.00803,2947496.27967827,-0.006188118811881194
2020-02-17 00:00:00+00:00,0.00791,0.00803,0.00711,0.00749,2128855.28679402,-0.06724782067247825
2020-02-18 00:00:00+00:00,0.0075,0.00784,0.00738,0.0078,474745.19574573,0.04138851802403187
2020-02-19 00:00:00+00:00,0.00772,0.00785,0.00677,0.00694,4701456.38356894,-0.1102564102564102
2020-02-20 00:00:00+00:00,0.0069,0.00715,0.00651,0.00663,4723273.4629882,-0.04466858789625361
2020-02-21 00:00:00+00:00,0.0067,0.0071,0.0067,0.00689,1649000.38181591,0.03921568627450989
2020-02-22 00:00:00+00:00,0.00686,0.00706,0.00664,0.00691,1106998.95938207,0.002902757619738683
2020-02-23 00:00:00+00:00,0.00692,0.00729,0.00692,0.00714,1090002.05800278,0.0332850940665701
2020-02-24 00:00:00+00:00,0.00714,0.00716,0.00663,0.00665,840290.78383002,-0.06862745098039214
2020-02-25 00:00:00+00:00,0.0067,0.00675,0.0062,0.00632,3410994.57394144,-0.049624060150375904
2020-02-26 00:00:00+00:00,0.00639,0.00649,0.00574,0.00592,673092.4580106,-0.06329113924050633
2020-02-27 00:00:00+00:00,0.00583,0.00629,0.00567,0.006,1460829.33192699,0.013513513513513598
2020-02-28 00:00:00+00:00,0.00597,0.00609,0.00555,0.00593,435678.40486932,-0.011666666666666603
2020-02-29 00:00:00+00:00,0.00588,0.00598,0.0056,0.0058,593987.29787714,-0.021922428330522936
2020-03-01 00:00:00+00:00,0.0058,0.00587,0.00535,0.00553,872929.97441906,-0.04655172413793096
2020-03-02 00:00:00+00:00,0.0055,0.00608,0.00549,0.00605,790054.41530813,0.09403254972875219
2020-03-03 00:00:00+00:00,0.00597,0.0062,0.00577,0.00588,556410.60826878,-0.028099173553719048
2020-03-04 00:00:00+00:00,0.00594,0.00646,0.0059,0.00602,4190968.00852813,0.023809523809523947
2020-03-05 00:00:00+00:00,0.00609,0.00645,0.00609,0.00642,871022.78452929,0.06644518272425248
2020-03-06 00:00:00+00:00,0.00642,0.00647,0.00614,0.00629,2290762.27795897,-0.020249221183800792
2020-03-07 00:00:00+00:00,0.0062,0.00625,0.00582,0.00591,1735724.17002313,-0.060413354531001495
2020-03-08 00:00:00+00:00,0.00592,0.00599,0.00544,0.00544,5016605.52554238,-0.0795262267343485
2020-03-09 00:00:00+00:00,0.00544,0.0056,0.005,0.00531,1838224.4200771,-0.02389705882352955
2020-03-10 00:00:00+00:00,0.00543,0.00629,0.0053,0.00552,549092.96820016,0.039548022598870025
2020-03-11 00:00:00+00:00,0.00549,0.00557,0.005,0.00532,2495919.17469411,-0.03623188405797095
2020-03-12 00:00:00+00:00,0.00527,0.00531,0.00155,0.00309,15321643.3997319,-0.4191729323308271
2020-03-13 00:00:00+00:00,0.00311,0.00425,0.00155,0.00369,4638100.33969098,0.19417475728155353
2020-03-14 00:00:00+00:00,0.00367,0.0042,0.00336,0.0034,2297046.54170669,-0.07859078590785917
2020-03-15 00:00:00+00:00,0.00338,0.007,0.00319,0.0034,5678186.26547963,0.0
2020-03-16 00:00:00+00:00,0.00332,0.00351,0.0026,0.00309,5855759.05224368,-0.0911764705882353
2020-03-17 00:00:00+00:00,0.00307,0.0033,0.00302,0.00321,2471503.16709761,0.038834951456310884
2020-03-18 00:00:00+00:00,0.00315,0.00325,0.00294,0.00319,3090134.17047434,-0.006230529595015577
2020-03-19 00:00:00+00:00,0.00319,0.00424,0.00308,0.00391,20594475.39269934,0.22570532915360508
2020-03-20 00:00:00+00:00,0.00395,0.00544,0.00329,0.00352,11636605.27609675,-0.09974424552429673
2020-03-21 00:00:00+00:00,0.0035,0.00395,0.00336,0.00368,11832947.41082004,0.045454545454545414
2020-03-22 00:00:00+00:00,0.00368,0.00385,0.00316,0.00316,11993278.2673523,-0.14130434782608692
2020-03-23 00:00:00+00:00,0.00319,0.00351,0.00304,0.00349,9495456.80650155,0.10443037974683533
2020-03-24 00:00:00+00:00,0.00353,0.00384,0.00346,0.00363,4209744.91143185,0.04011461318051568
2020-03-25 00:00:00+00:00,0.00354,0.00417,0.00353,0.00383,5706417.27661065,0.05509641873278248
2020-03-26 00:00:00+00:00,0.00385,0.00426,0.00374,0.00409,12365512.44314593,0.06788511749347248
2020-03-27 00:00:00+00:00,0.00399,0.00478,0.00382,0.00429,6687739.74428043,0.04889975550122272
2020-03-28 00:00:00+00:00,0.0043,0.00453,0.00386,0.00433,9309316.74089434,0.00932400932400923
2020-03-29 00:00:00+00:00,0.00418,0.0053,0.00403,0.00421,3131139.12932857,-0.02771362586605064
2020-03-30 00:00:00+00:00,0.0041,0.00458,0.0041,0.00429,5551853.43937863,0.019002375296912177
2020-03-31 00:00:00+00:00,0.00436,0.00456,0.00424,0.00456,3744869.36552046,0.0629370629370627
2020-04-01 00:00:00+00:00,0.00447,0.00468,0.00424,0.00468,2685328.05410911,0.026315789473684292
2020-04-02 00:00:00+00:00,0.00469,0.00526,0.00459,0.00487,3020529.48390075,0.040598290598290676
2020-04-03 00:00:00+00:00,0.00478,0.00517,0.00478,0.00515,4596572.87380874,0.05749486652977409
2020-04-04 00:00:00+00:00,0.00513,0.0057,0.00513,0.00547,4098057.59898687,0.062135922330097015
2020-04-05 00:00:00+00:00,0.00549,0.00561,0.00514,0.00527,1769015.52134295,-0.03656307129798897
2020-04-06 00:00:00+00:00,0.00527,0.00652,0.00526,0.00645,4118529.74823328,0.22390891840607208
2020-04-07 00:00:00+00:00,0.00652,0.008,0.00601,0.0062,10339243.04282565,-0.03875968992248069
2020-04-08 00:00:00+00:00,0.00614,0.007,0.00611,0.0066,4950281.13858006,0.06451612903225801
2020-04-09 00:00:00+00:00,0.00658,0.007,0.00636,0.00672,6231350.84105827,0.0181818181818183
2020-04-10 00:00:00+00:00,0.00671,0.00686,0.00587,0.00608,6829112.65827182,-0.09523809523809523
2020-04-11 00:00:00+00:00,0.00614,0.00642,0.006,0.00619,2807287.70566319,0.018092105263157965
2020-04-12 00:00:00+00:00,0.00617,0.00642,0.00587,0.00616,3297857.42632718,-0.004846526655896688
2020-04-13 00:00:00+00:00,0.00615,0.00616,0.00548,0.00561,6502173.13899226,-0.08928571428571419
2020-04-14 00:00:00+00:00,0.00565,0.00566,0.00523,0.00538,3877273.43677637,-0.04099821746880572
2020-04-15 00:00:00+00:00,0.00527,0.0054,0.00492,0.00493,3486194.48954436,-0.08364312267657992
2020-04-16 00:00:00+00:00,0.00491,0.00627,0.00476,0.0062,11919182.62455061,0.2576064908722109
2020-04-17 00:00:00+00:00,0.00623,0.0066,0.00588,0.0066,3033952.56092103,0.06451612903225801
2020-04-18 00:00:00+00:00,0.00659,0.00806,0.0063,0.00786,27211761.59721914,0.19090909090909092
2020-04-19 00:00:00+00:00,0.00786,0.0081,0.0065,0.0079,10434744.51717194,0.0050890585241729624
2020-04-20 00:00:00+00:00,0.00804,0.00816,0.0065,0.00696,10223690.40862679,-0.11898734177215198
2020-04-21 00:00:00+00:00,0.00695,0.00777,0.0069,0.00765,3879787.43191348,0.09913793103448265
2020-04-22 00:00:00+00:00,0.00782,0.00908,0.00761,0.009,11369417.77722457,0.17647058823529416
2020-04-23 00:00:00+00:00,0.00909,0.0112,0.0085,0.01053,21657552.01044515,0.16999999999999993
2020-04-24 00:00:00+00:00,0.01059,0.014,0.01057,0.01241,28915886.61942045,0.1785375118708452
2020-04-25 00:00:00+00:00,0.0124,0.017,0.01195,0.01649,27303461.51519241,0.32876712328767144
2020-04-26 00:00:00+00:00,0.0165,0.0165,0.0135,0.0142,35361754.22672987,-0.13887204366282602
2020-04-27 00:00:00+00:00,0.01431,0.01434,0.01023,0.011,33752202.17686856,-0.22535211267605648
2020-04-28 00:00:00+00:00,0.01119,0.01344,0.01,0.01209,28021118.31474414,0.09909090909090912
2020-04-29 00:00:00+00:00,0.01212,0.01634,0.01158,0.01519,41386844.9085902,0.2564102564102564
2020-04-30 00:00:00+00:00,0.0155,0.016,0.01295,0.01549,28280895.74714575,0.019749835418038098
2020-05-01 00:00:00+00:00,0.01547,0.01671,0.01445,0.01612,16702093.12781724,0.04067140090380872
2020-05-02 00:00:00+00:00,0.0162,0.0199,0.01597,0.01888,25250370.51198635,0.17121588089330042
2020-05-03 00:00:00+00:00,0.01905,0.01999,0.0163,0.0188,29192479.96644532,-0.004237288135593209
2020-05-04 00:00:00+00:00,0.01887,0.01947,0.016,0.01911,15507521.02052586,0.01648936170212756
2020-05-05 00:00:00+00:00,0.01888,0.0242,0.01878,0.02377,33798431.29492012,0.24385138670852968
2020-05-06 00:00:00+00:00,0.02377,0.0267,0.02199,0.02279,38254344.54965321,-0.04122843920908703
2020-05-07 00:00:00+00:00,0.02275,0.02599,0.02057,0.02434,37667403.98681706,0.06801228609039045
2020-05-08 00:00:00+00:00,0.02458,0.02493,0.01827,0.02219,33897543.08960909,-0.08833196384552178
2020-05-09 00:00:00+00:00,0.02219,0.0232,0.01947,0.0215,18302577.45581301,-0.031095087877422434
2020-05-10 00:00:00+00:00,0.02125,0.02125,0.018,0.01886,21967149.85968475,-0.12279069767441864
2020-05-11 00:00:00+00:00,0.01871,0.01995,0.01698,0.0174,27356953.83397383,-0.0774125132555673
2020-05-12 00:00:00+00:00,0.01732,0.022,0.01706,0.02114,22516512.70557655,0.21494252873563213
2020-05-13 00:00:00+00:00,0.02108,0.02371,0.02086,0.0222,23427208.49294976,0.050141911069063516
2020-05-14 00:00:00+00:00,0.02221,0.02288,0.02021,0.02187,17338075.28316754,-0.014864864864864935
2020-05-15 00:00:00+00:00,0.02187,0.02187,0.0185,0.02109,10949817.32738988,-0.03566529492455417
2020-05-16 00:00:00+00:00,0.0211,0.02237,0.02035,0.02092,12623008.74311356,-0.008060692271218639
2020-05-17 00:00:00+00:00,0.02092,0.02168,0.01903,0.0194,13695234.75511582,-0.07265774378585088
2020-05-18 00:00:00+00:00,0.0194,0.02045,0.01725,0.0181,22009354.64810112,-0.0670103092783505
2020-05-19 00:00:00+00:00,0.0181,0.01979,0.0176,0.01777,9589314.39456521,-0.018232044198895014
2020-05-20 00:00:00+00:00,0.01776,0.01888,0.01455,0.01588,22902175.80276126,-0.10635903207653363
2020-05-21 00:00:00+00:00,0.01576,0.01624,0.01331,0.01396,27743562.29553103,-0.12090680100755657
2020-05-22 00:00:00+00:00,0.0136,0.01925,0.01301,0.01866,31456805.89471979,0.33667621776504286
2020-05-23 00:00:00+00:00,0.0185,0.01915,0.01702,0.01867,15674531.58427697,0.000535905680600246
2020-05-24 00:00:00+00:00,0.01848,0.02122,0.01809,0.01833,28463220.73549887,-0.01821103374397426
2020-05-25 00:00:00+00:00,0.01805,0.01959,0.01788,0.01938,11350093.28938122,0.05728314238952548
2020-05-26 00:00:00+00:00,0.01938,0.01985,0.01794,0.01872,9218606.28318226,-0.03405572755417963
2020-05-27 00:00:00+00:00,0.01872,0.01899,0.018,0.0181,6111947.17906106,-0.03311965811965811
2020-05-28 00:00:00+00:00,0.01828,0.01889,0.018,0.01874,8297155.02776867,0.0353591160220994
2020-05-29 00:00:00+00:00,0.01874,0.01874,0.017,0.017,9767458.55326683,-0.09284951974386335
2020-05-30 00:00:00+00:00,0.01701,0.01843,0.01696,0.01767,5280428.47829431,0.03941176470588248
2020-05-31 00:00:00+00:00,0.01775,0.01807,0.01702,0.01702,4490336.26099295,-0.03678551216751558
2020-06-01 00:00:00+00:00,0.01722,0.0186,0.01618,0.01811,10565118.91920971,0.06404230317273796
2020-06-02 00:00:00+00:00,0.01827,0.01875,0.01685,0.01794,12478966.48147295,-0.009387078961899498
2020-06-03 00:00:00+00:00,0.01808,0.01814,0.01715,0.01797,5191327.64273108,0.0016722408026754731
2020-06-04 00:00:00+00:00,0.01797,0.01843,0.0173,0.01803,5001411.64731552,0.0033388981636059967
2020-06-05 00:00:00+00:00,0.01803,0.01815,0.0173,0.01737,3656200.3359546,-0.03660565723793685
2020-06-06 00:00:00+00:00,0.01748,0.01791,0.01707,0.01723,4030374.28115102,-0.008059873344847479
2020-06-07 00:00:00+00:00,0.01714,0.01734,0.0166,0.01697,3518455.02820195,-0.015089959373186246
2020-06-08 00:00:00+00:00,0.01712,0.0173,0.01692,0.0173,2340205.23192824,0.019446081319976383
2020-06-09 00:00:00+00:00,0.01728,0.01744,0.0162,0.01641,3214436.56144692,-0.0514450867052022
2020-06-10 00:00:00+00:00,0.01642,0.01975,0.01568,0.01962,12828095.15162791,0.19561243144424112
2020-06-11 00:00:00+00:00,0.01962,0.02091,0.01843,0.02013,22827584.51719586,0.025993883792049033
2020-06-12 00:00:00+00:00,0.02001,0.02388,0.01985,0.02377,20606442.56225935,0.18082463984103336
2020-06-13 00:00:00+00:00,0.02362,0.02395,0.0201,0.02091,15728903.693681,-0.12031973075305002
2020-06-14 00:00:00+00:00,0.02122,0.02226,0.02055,0.0217,5052564.09454708,0.03778096604495462
2020-06-15 00:00:00+00:00,0.02147,0.02255,0.01832,0.02221,14489961.03102109,0.023502304147465347
2020-06-16 00:00:00+00:00,0.02203,0.02301,0.0206,0.02067,16920294.88408378,-0.06933813597478611
2020-06-17 00:00:00+00:00,0.02079,0.02136,0.01832,0.01837,17294117.95543024,-0.1112723754233188
2020-06-18 00:00:00+00:00,0.01837,0.0194,0.01703,0.0171,29338951.60831768,-0.06913445835601528
2020-06-19 00:00:00+00:00,0.01704,0.01792,0.016,0.01679,17500759.87173919,-0.018128654970760327
2020-06-20 00:00:00+00:00,0.0167,0.01782,0.01629,0.01714,9713297.35604252,0.02084574151280516
2020-06-21 00:00:00+00:00,0.01714,0.01767,0.01701,0.01734,6697492.39318371,0.01166861143523934
2020-06-22 00:00:00+00:00,0.01715,0.024,0.01703,0.0209,46406068.18271722,0.20530565167243342
2020-06-23 00:00:00+00:00,0.0209,0.0244,0.02017,0.02035,21520372.58404882,-0.02631578947368418
2020-06-24 00:00:00+00:00,0.02056,0.02135,0.01828,0.01872,14390792.00535824,-0.08009828009828013
2020-06-25 00:00:00+00:00,0.01888,0.02042,0.01808,0.01938,12626329.34819618,0.03525641025641035
2020-06-26 00:00:00+00:00,0.01949,0.02,0.0184,0.01868,4940674.01114855,-0.03611971104231182
2020-06-27 00:00:00+00:00,0.01861,0.01891,0.01749,0.01809,4449577.24573801,-0.03158458244111351
2020-06-28 00:00:00+00:00,0.01807,0.02057,0.01751,0.01995,13181594.647429,0.10281923714759533
2020-06-29 00:00:00+00:00,0.02005,0.02156,0.02005,0.02135,12674702.00585481,0.07017543859649122
2020-06-30 00:00:00+00:00,0.02133,0.02149,0.02012,0.02082,3904771.12294086,-0.024824355971896916
2020-07-01 00:00:00+00:00,0.02069,0.02076,0.01998,0.02042,2759976.75373044,-0.019212295869356466
2020-07-02 00:00:00+00:00,0.0204,0.02074,0.01969,0.02007,1926725.35437,-0.017140058765915733
2020-07-03 00:00:00+00:00,0.02007,0.02068,0.02,0.02044,1924778.45238013,0.01843547583457883
2020-07-04 00:00:00+00:00,0.02042,0.02077,0.0202,0.0203,4114808.36043056,-0.006849315068493178
2020-07-05 00:00:00+00:00,0.02031,0.02186,0.01933,0.01951,12721382.69393156,-0.03891625615763539
2020-07-06 00:00:00+00:00,0.01972,0.02133,0.01967,0.02116,12234705.11846276,0.08457201435161465
2020-07-07 00:00:00+00:00,0.02116,0.02298,0.02065,0.02235,11542072.1251781,0.0562381852551983
2020-07-08 00:00:00+00:00,0.02216,0.0235,0.02157,0.02245,6626612.19076104,0.004474272930648837
2020-07-09 00:00:00+00:00,0.02242,0.02321,0.02066,0.02149,7045374.31277983,-0.04276169265033414
2020-07-10 00:00:00+00:00,0.02125,0.02175,0.02103,0.02152,1011028.67849807,0.0013959981386693077
2020-07-11 00:00:00+00:00,0.02132,0.02153,0.02086,0.02109,1780900.31027861,-0.019981412639405227
2020-07-12 00:00:00+00:00,0.0211,0.0227,0.0209,0.02189,2720360.76833612,0.03793266951161689
2020-07-13 00:00:00+00:00,0.02189,0.02252,0.02142,0.02152,6049431.11043375,-0.016902695294655046
2020-07-14 00:00:00+00:00,0.02152,0.02239,0.021,0.02111,6341249.18169944,-0.019052044609665475
2020-07-15 00:00:00+00:00,0.0211,0.0219,0.02028,0.02051,3587673.7747657,-0.02842254855518711
2020-07-16 00:00:00+00:00,0.02039,0.02086,0.01927,0.0197,4028569.22604964,-0.03949293027791334
2020-07-17 00:00:00+00:00,0.01972,0.0213,0.0197,0.02089,2693194.26837909,0.06040609137055841
2020-07-18 00:00:00+00:00,0.02068,0.0208,0.01992,0.02027,943907.71180254,-0.029679272379128707
2020-07-19 00:00:00+00:00,0.0205,0.02052,0.0197,0.02006,1520424.37416298,-0.010360138135175001
2020-07-20 00:00:00+00:00,0.01975,0.02144,0.01954,0.02111,3785390.27604096,0.0523429710867398
2020-07-21 00:00:00+00:00,0.02111,0.02141,0.02051,0.02082,1090438.66400798,-0.013737565135007013
2020-07-22 00:00:00+00:00,0.02082,0.0224,0.02061,0.0221,4412968.7133704,0.061479346781940336
2020-07-23 00:00:00+00:00,0.02199,0.02649,0.02199,0.02496,28564768.44965373,0.12941176470588234
2020-07-24 00:00:00+00:00,0.025,0.02624,0.02406,0.02452,6634470.0379507,-0.017628205128205066
2020-07-25 00:00:00+00:00,0.02454,0.02567,0.0238,0.02567,2559018.07814191,0.046900489396411116
2020-07-26 00:00:00+00:00,0.02554,0.02569,0.02397,0.02442,1185126.66974715,-0.04869497467861306
2020-07-27 00:00:00+00:00,0.02444,0.02602,0.02182,0.0233,7914448.45479161,-0.0458640458640458
2020-07-28 00:00:00+00:00,0.02335,0.02525,0.02275,0.02408,3529289.41284231,0.033476394849785374
2020-07-29 00:00:00+00:00,0.02408,0.02508,0.02309,0.02374,2181014.07723008,-0.014119601328903664
2020-07-30 00:00:00+00:00,0.0235,0.02538,0.02342,0.02531,1787713.65032417,0.06613310867733779
2020-07-31 00:00:00+00:00,0.02538,0.02538,0.02414,0.02429,1156517.13997092,-0.040300276570525484
2020-08-01 00:00:00+00:00,0.02461,0.02758,0.0244,0.02703,1140931.91404664,0.11280362289007817
2020-08-02 00:00:00+00:00,0.0265,0.0265,0.02429,0.02524,1878986.29816112,-0.06622271550129488
2020-08-03 00:00:00+00:00,0.02506,0.02704,0.02505,0.02653,1829899.63084145,0.05110935023771801
2020-08-04 00:00:00+00:00,0.0267,0.02686,0.02547,0.02626,1486155.2958867,-0.010177157934413983
2020-08-05 00:00:00+00:00,0.02608,0.02656,0.02572,0.02631,431418.39227603,0.0019040365575020424
2020-08-06 00:00:00+00:00,0.02633,0.0275,0.02633,0.02748,1166401.56530901,0.04446978335233753
2020-08-07 00:00:00+00:00,0.02774,0.02824,0.0262,0.02739,2107278.2877494,-0.0032751091703057122
2020-08-08 00:00:00+00:00,0.02748,0.02899,0.02689,0.02899,425017.32282858,0.05841548010222697
2020-08-09 00:00:00+00:00,0.02905,0.03004,0.02864,0.02938,1694395.2713239,0.013452914798206317
2020-08-10 00:00:00+00:00,0.02942,0.03215,0.02806,0.03215,2420615.77371527,0.09428182437031984
2020-08-11 00:00:00+00:00,0.03204,0.0322,0.0289,0.03049,2763331.1397716,-0.051632970451010785
2020-08-12 00:00:00+00:00,0.03039,0.03344,0.02901,0.03198,3115451.2074352,0.04886848146933431
2020-08-13 00:00:00+00:00,0.03208,0.03208,0.0299,0.03199,1533519.90661656,0.00031269543464662597
2020-08-14 00:00:00+00:00,0.03125,0.03486,0.03081,0.0348,2485844.33667257,0.08783994998437006
2020-08-15 00:00:00+00:00,0.0345,0.03797,0.03336,0.0358,2712318.47888562,0.028735632183908066
2020-08-16 00:00:00+00:00,0.03494,0.0368,0.03306,0.0368,2403791.19860502,0.027932960893854775
2020-08-17 00:00:00+00:00,0.03712,0.03714,0.03386,0.03474,3539835.42053564,-0.055978260869565255
2020-08-18 00:00:00+00:00,0.03466,0.03515,0.03245,0.03366,3143621.67376941,-0.031088082901554293
2020-08-19 00:00:00+00:00,0.03354,0.03362,0.03062,0.03114,1625019.83444325,-0.07486631016042788
2020-08-20 00:00:00+00:00,0.03151,0.03338,0.03127,0.0322,997793.69119303,0.03403982016698781
2020-08-21 00:00:00+00:00,0.03205,0.03231,0.02921,0.02956,2450587.70718468,-0.08198757763975151
2020-08-22 00:00:00+00:00,0.02958,0.03038,0.0285,0.02995,1538922.9554726,0.013193504736130013
2020-08-23 00:00:00+00:00,0.03004,0.03029,0.0288,0.0288,589473.13236808,-0.038397328881469184
2020-08-24 00:00:00+00:00,0.02852,0.03162,0.02815,0.03136,529714.64105579,0.0888888888888888
2020-08-25 00:00:00+00:00,0.031,0.03173,0.02764,0.02935,1971362.9677651,-0.06409438775510201
2020-08-26 00:00:00+00:00,0.02923,0.02991,0.02843,0.02927,2213662.08750603,-0.00272572402044291
2020-08-27 00:00:00+00:00,0.02864,0.02864,0.02638,0.02728,6125578.96515531,-0.06798770071745819
2020-08-28 00:00:00+00:00,0.02728,0.02898,0.02707,0.02708,2570017.60093683,-0.007331378299120228
2020-08-29 00:00:00+00:00,0.02747,0.02798,0.02686,0.02733,1683007.7490392,0.00923190546528807
2020-08-30 00:00:00+00:00,0.02764,0.02776,0.02621,0.02654,4335584.12479072,-0.028905964141968443
2020-08-31 00:00:00+00:00,0.02668,0.02741,0.02605,0.027,2584122.80054428,0.017332328560663024
2020-09-01 00:00:00+00:00,0.02723,0.02723,0.02561,0.02612,4125043.43265227,-0.032592592592592506
2020-09-02 00:00:00+00:00,0.0261,0.02611,0.02364,0.025,5058757.55329298,-0.04287901990811638
2020-09-03 00:00:00+00:00,0.025,0.028,0.0215,0.02305,13114178.47676513,-0.07799999999999996
2020-09-04 00:00:00+00:00,0.02301,0.02729,0.02251,0.02438,6653788.80050499,0.05770065075921904
2020-09-05 00:00:00+00:00,0.02476,0.02476,0.02062,0.02127,3127557.71905637,-0.12756357670221485
2020-09-06 00:00:00+00:00,0.02116,0.02299,0.02081,0.0222,1072564.33917393,0.0437235543018335
2020-09-07 00:00:00+00:00,0.0222,0.02225,0.02034,0.02175,1459327.54947695,-0.020270270270270396
2020-09-08 00:00:00+00:00,0.02176,0.02217,0.02054,0.02152,2721302.13863686,-0.010574712643678041
2020-09-09 00:00:00+00:00,0.02156,0.02223,0.02086,0.02162,1636790.99203864,0.004646840148698761
2020-09-10 00:00:00+00:00,0.02201,0.02335,0.0219,0.02269,2309590.58394554,0.049491211840887894
2020-09-11 00:00:00+00:00,0.0227,0.02285,0.02177,0.02285,1885929.91016097,0.00705156456588818
2020-09-12 00:00:00+00:00,0.02269,0.0248,0.02205,0.02275,1645859.72917631,-0.004376367614879584
2020-09-13 00:00:00+00:00,0.02275,0.02307,0.02108,0.02131,2162219.5721129,-0.06329670329670334
2020-09-14 00:00:00+00:00,0.02123,0.02355,0.02115,0.02179,1166058.02015486,0.02252463632097612
2020-09-15 00:00:00+00:00,0.02179,0.02232,0.0208,0.021,1260762.50035244,-0.03625516291877007
2020-09-16 00:00:00+00:00,0.02099,0.02592,0.02078,0.02585,5452842.44894616,0.23095238095238102
2020-09-17 00:00:00+00:00,0.02587,0.02625,0.02363,0.02433,3269988.17361268,-0.05880077369439074
2020-09-18 00:00:00+00:00,0.02443,0.02465,0.023,0.02381,1681089.97257184,-0.021372790793259377
2020-09-19 00:00:00+00:00,0.02376,0.02719,0.02326,0.02696,5453215.32743323,0.13229735405291887
2020-09-20 00:00:00+00:00,0.02696,0.02992,0.02549,0.02983,5673946.83329086,0.1064540059347181
2020-09-21 00:00:00+00:00,0.02946,0.033,0.02653,0.02716,14688889.28841636,-0.08950720750921892
2020-09-22 00:00:00+00:00,0.02706,0.02839,0.02615,0.028,3691222.19208458,0.030927835051546504
2020-09-23 00:00:00+00:00,0.028,0.02934,0.0242,0.02421,3905407.5971879,-0.13535714285714295
2020-09-24 00:00:00+00:00,0.0242,0.02556,0.02334,0.02527,4998795.33072028,0.04378356051218524
2020-09-25 00:00:00+00:00,0.0248,0.02515,0.02411,0.0248,5610015.32685038,-0.018599129402453562
2020-09-26 00:00:00+00:00,0.02498,0.02598,0.024,0.0245,6226556.93981101,-0.012096774193548265
2020-09-27 00:00:00+00:00,0.02423,0.02438,0.02325,0.02418,2705323.92942053,-0.013061224489795964
2020-09-28 00:00:00+00:00,0.02428,0.02591,0.02355,0.0248,2828948.2330522,0.02564102564102555
2020-09-29 00:00:00+00:00,0.0248,0.02515,0.02382,0.02472,1465815.0133166,-0.003225806451612967
2020-09-30 00:00:00+00:00,0.02476,0.0269,0.02385,0.02667,4984339.04445398,0.07888349514563098
2020-10-01 00:00:00+00:00,0.02665,0.0289,0.02475,0.02643,10822144.46510805,-0.008998875140607487
2020-10-02 00:00:00+00:00,0.02633,0.02784,0.02468,0.02549,1653508.66082861,-0.03556564510026483
2020-10-03 00:00:00+00:00,0.02575,0.02658,0.02504,0.026,1040779.60477922,0.020007846214201708
2020-10-04 00:00:00+00:00,0.02584,0.02681,0.02544,0.02639,1480378.82149197,0.015000000000000124
2020-10-05 00:00:00+00:00,0.02649,0.02653,0.02531,0.02574,2747811.44764618,-0.024630541871921263
2020-10-06 00:00:00+00:00,0.02565,0.02588,0.0238,0.02396,4118150.32424255,-0.06915306915306918
2020-10-07 00:00:00+00:00,0.0242,0.02451,0.02354,0.02409,2333538.71057197,0.005425709515859856
2020-10-08 00:00:00+00:00,0.02411,0.02545,0.02356,0.025,4343939.80597948,0.03777501037775011
2020-10-09 00:00:00+00:00,0.02548,0.02571,0.0241,0.02494,1777624.81767842,-0.0024000000000000687
2020-10-10 00:00:00+00:00,0.02523,0.02608,0.02503,0.02591,3143819.84643324,0.03889334402566158
2020-10-11 00:00:00+00:00,0.02508,0.02589,0.02505,0.0251,1509128.87642906,-0.031262060980316364
2020-10-12 00:00:00+00:00,0.0251,0.02589,0.02453,0.02515,2343164.49862979,0.0019920318725099584
2020-10-13 00:00:00+00:00,0.02515,0.0259,0.02385,0.02436,2390659.37436381,-0.03141153081510928
2020-10-14 00:00:00+00:00,0.02436,0.02466,0.02379,0.02393,1703355.60389699,-0.01765188834154352
2020-10-15 00:00:00+00:00,0.02393,0.025,0.02338,0.02396,3371802.66250198,0.001253656498119371
2020-10-16 00:00:00+00:00,0.02458,0.02507,0.02337,0.02355,1037111.82523963,-0.017111853088480733
2020-10-17 00:00:00+00:00,0.02335,0.025,0.02288,0.02289,2219864.63990243,-0.028025477707006363
2020-10-18 00:00:00+00:00,0.02289,0.02405,0.02289,0.02312,2108493.40128313,0.010048055919615662
2020-10-19 00:00:00+00:00,0.02292,0.02335,0.02227,0.02278,2781401.2459702,-0.014705882352941124
2020-10-20 00:00:00+00:00,0.02273,0.02308,0.021,0.02145,1734552.81594025,-0.05838454784899039
2020-10-21 00:00:00+00:00,0.02145,0.02221,0.02102,0.02164,6266155.59354813,0.008857808857808847
2020-10-22 00:00:00+00:00,0.02169,0.024,0.02142,0.02368,2665268.26161041,0.0942698706099816
2020-10-23 00:00:00+00:00,0.02309,0.02357,0.0215,0.02172,1545165.9166122,-0.08277027027027029
2020-10-24 00:00:00+00:00,0.02199,0.02202,0.02108,0.02126,2531650.79379456,-0.02117863720073654
2020-10-25 00:00:00+00:00,0.02154,0.02194,0.0208,0.0214,3605207.45514392,0.0065851364063969076
2020-10-26 00:00:00+00:00,0.0211,0.023,0.02033,0.02036,5989602.72469289,-0.04859813084112141
2020-10-27 00:00:00+00:00,0.02091,0.0225,0.0175,0.0194,10634014.09934306,-0.047151277013752435
2020-10-28 00:00:00+00:00,0.01945,0.02225,0.01851,0.02151,7653805.91511019,0.1087628865979382
2020-10-29 00:00:00+00:00,0.0215,0.02279,0.01985,0.02001,4626587.46563351,-0.06973500697350077
2020-10-30 00:00:00+00:00,0.02021,0.02066,0.01906,0.01996,974930.09358391,-0.00249875062468774
2020-10-31 00:00:00+00:00,0.01996,0.02094,0.01936,0.01987,1021153.37886141,-0.0045090180360721765
2020-11-01 00:00:00+00:00,0.01996,0.02065,0.01965,0.02061,724137.40368928,0.03724207347760444
2020-11-02 00:00:00+00:00,0.02065,0.02076,0.01989,0.02031,1446886.16058103,-0.01455604075691408
2020-11-03 00:00:00+00:00,0.01989,0.02015,0.01856,0.01882,1674642.95842955,-0.07336287543082232
2020-11-04 00:00:00+00:00,0.01881,0.01974,0.01857,0.01955,1709099.47989832,0.038788522848034024
2020-11-05 00:00:00+00:00,0.01959,0.01999,0.01874,0.01977,3669340.6936684,0.011253196930946174
2020-11-06 00:00:00+00:00,0.01972,0.0215,0.01972,0.0215,5166966.40576079,0.08750632271117853
2020-11-07 00:00:00+00:00,0.02149,0.022,0.01926,0.02027,3451743.82223935,-0.0572093023255813
2020-11-08 00:00:00+00:00,0.02012,0.02176,0.0199,0.02121,3897214.4899623,0.04637395165268865
2020-11-09 00:00:00+00:00,0.02134,0.0217,0.02011,0.02076,1239887.97075609,-0.021216407355021172
2020-11-10 00:00:00+00:00,0.0208,0.02114,0.01992,0.02016,2949736.21595675,-0.028901734104046284
2020-11-11 00:00:00+00:00,0.02018,0.02049,0.01945,0.01949,3865037.23543607,-0.03323412698412698
2020-11-12 00:00:00+00:00,0.01954,0.01998,0.01901,0.0193,1815593.50405411,-0.00974858902001019
2020-11-13 00:00:00+00:00,0.01918,0.02,0.01907,0.02,5844645.47845099,0.03626943005181338
2020-11-14 00:00:00+00:00,0.01984,0.01986,0.01852,0.01906,9787497.19698971,-0.04700000000000004
2020-11-15 00:00:00+00:00,0.01904,0.01932,0.0181,0.01871,6333728.52422892,-0.018363064008394492
2020-11-16 00:00:00+00:00,0.0187,0.01913,0.01853,0.01905,2220597.73527417,0.018172100481026243
2020-11-17 00:00:00+00:00,0.01911,0.02193,0.01885,0.02051,8165922.13254058,0.07664041994750659
2020-11-18 00:00:00+00:00,0.02079,0.02274,0.0202,0.02156,11639072.41071065,0.05119453924914663
2020-11-19 00:00:00+00:00,0.02151,0.022,0.02037,0.0209,5594533.16395065,-0.030612244897959218
2020-11-20 00:00:00+00:00,0.02102,0.0219,0.02076,0.02099,3510747.84454808,0.0043062200956940355
2020-11-21 00:00:00+00:00,0.02087,0.02395,0.02056,0.02323,20648241.99173961,0.10671748451643626
2020-11-22 00:00:00+00:00,0.02333,0.02335,0.02085,0.02206,8564719.52312601,-0.05036590615583303
2020-11-23 00:00:00+00:00,0.02202,0.02401,0.02133,0.02364,6928088.26437429,0.07162284678150499
2020-11-24 00:00:00+00:00,0.02356,0.0266,0.02301,0.02585,17230680.55048588,0.09348561759729268
2020-11-25 00:00:00+00:00,0.02599,0.02636,0.02599,0.02636,257199.40551867,0.019729206963249535
2020-11-26 00:00:00+00:00,0.02616,0.02635,0.02616,0.02635,69187.57743988,-0.00037936267071336793
2020-11-27 00:00:00+00:00,0.02288,0.02379,0.02081,0.02208,4736657.94248179,-0.16204933586337755
2020-11-28 00:00:00+00:00,0.02166,0.02166,0.0216,0.0216,24974.91649433,-0.021739130434782483
2020-11-29 00:00:00+00:00,0.02269,0.02427,0.02205,0.02401,5593885.87629826,0.11157407407407405
2020-11-30 00:00:00+00:00,0.02388,0.024,0.02388,0.024,4825.42751312,-0.0004164931278634043
2020-12-01 00:00:00+00:00,0.02379,0.0238,0.02364,0.0238,453764.09847035,-0.008333333333333304
2020-12-02 00:00:00+00:00,0.02266,0.02266,0.02259,0.02259,275966.03496931,-0.050840336134453934
2020-12-03 00:00:00+00:00,0.02354,0.02354,0.02354,0.02354,44944.0,0.04205400619743238
2020-12-04 00:00:00+00:00,0.02321,0.02338,0.02321,0.02338,283409.94069343,-0.006796941376380539
2020-12-05 00:00:00+00:00,0.02144,0.02148,0.02136,0.02148,251970.07713319,-0.08126603934987175
2020-12-06 00:00:00+00:00,0.02228,0.02248,0.021,0.02172,3095137.18473029,0.011173184357541999
2020-12-07 00:00:00+00:00,0.02172,0.02172,0.02167,0.02167,49384.05830851,-0.002302025782688788
2020-12-08 00:00:00+00:00,0.02137,0.02139,0.02137,0.02139,1453.17686322,-0.01292108906322098
2020-12-09 00:00:00+00:00,0.01965,0.0219,0.01935,0.02046,7104264.36117857,-0.04347826086956519
2020-12-10 00:00:00+00:00,0.02026,0.02038,0.02019,0.02038,88565.86116052,-0.003910068426197455
2020-12-11 00:00:00+00:00,0.01974,0.01974,0.01974,0.01974,3326.34252504,-0.03140333660451411
2020-12-12 00:00:00+00:00,0.01933,0.01945,0.01933,0.01945,9896.42089994,-0.014690982776089268
2020-12-13 00:00:00+00:00,0.01998,0.01998,0.01993,0.01993,10357.70274466,0.024678663239074528
2020-12-14 00:00:00+00:00,0.01985,0.02003,0.01943,0.01972,2591129.14693781,-0.01053687907676859
2020-12-15 00:00:00+00:00,0.01976,0.01986,0.01976,0.01986,165328.92125831,0.007099391480730022
2020-12-16 00:00:00+00:00,0.01989,0.01989,0.01989,0.01989,39493.41371669,0.0015105740181269312
2020-12-17 00:00:00+00:00,0.02182,0.02298,0.02104,0.02168,13020767.58695768,0.08999497234791343
2020-12-18 00:00:00+00:00,0.02161,0.02161,0.02161,0.02161,46274.87274409,-0.0032287822878228623
2020-12-19 00:00:00+00:00,0.02176,0.02363,0.02162,0.02317,7276260.1873487,0.07218880148079587
2020-12-20 00:00:00+00:00,0.02269,0.02286,0.02158,0.02225,2361240.05537371,-0.03970651704790684
2020-12-21 00:00:00+00:00,0.02222,0.02243,0.02055,0.02135,6724486.71567436,-0.04044943820224711
2020-12-22 00:00:00+00:00,0.02135,0.02249,0.02074,0.02185,8598607.55890042,0.023419203747072626
2020-12-23 00:00:00+00:00,0.02161,0.0222,0.0175,0.01866,9633572.88790269,-0.14599542334096116
2020-12-24 00:00:00+00:00,0.01868,0.0212,0.01819,0.02,7726892.28786393,0.07181136120042875
2020-12-25 00:00:00+00:00,0.02,0.03,0.01968,0.02026,14971133.50232254,0.0129999999999999
2020-12-26 00:00:00+00:00,0.02013,0.02839,0.01991,0.02577,29090099.10786943,0.2719644619940771
2020-12-27 00:00:00+00:00,0.02577,0.03187,0.02482,0.02656,25802337.43643284,0.03065580131936363
2020-12-28 00:00:00+00:00,0.02656,0.03,0.02523,0.02587,14775782.82854984,-0.025978915662650537
2020-12-29 00:00:00+00:00,0.02531,0.02587,0.024,0.02533,11768781.06734831,-0.020873598763046064
2020-12-30 00:00:00+00:00,0.0254,0.02888,0.02489,0.02524,17884069.64440698,-0.0035530990919857564
2020-12-31 00:00:00+00:00,0.02537,0.02654,0.02425,0.02483,13378461.23136545,-0.01624405705229781
2021-01-01 00:00:00+00:00,0.02493,0.02506,0.02486,0.02504,36958.15509785,0.008457511075312008
2021-01-02 00:00:00+00:00,0.02641,0.0267,0.02558,0.02594,1400231.70504245,0.03594249201277955
2021-01-03 00:00:00+00:00,0.02788,0.02859,0.02788,0.02809,22771.30179648,0.08288357748650732
2021-01-04 00:00:00+00:00,0.032,0.032,0.03003,0.03069,575016.9816241,0.0925596297614808
2021-01-05 00:00:00+00:00,0.02845,0.0293,0.02635,0.0277,14222600.51713068,-0.09742587161941996
2021-01-06 00:00:00+00:00,0.02801,0.02803,0.02766,0.02767,62068.49250595,-0.0010830324909746336
2021-01-07 00:00:00+00:00,0.02946,0.02985,0.02946,0.02985,27081.07018015,0.07878568847126854
2021-01-08 00:00:00+00:00,0.0318,0.03209,0.0318,0.03209,19933.4341747,0.07504187604690116
2021-01-09 00:00:00+00:00,0.03047,0.03061,0.03033,0.03049,90023.01141036,-0.04985976939856651
2021-01-10 00:00:00+00:00,0.03157,0.03177,0.03157,0.03177,462.107,0.04198097736962936
2021-01-11 00:00:00+00:00,0.03001,0.03001,0.02934,0.02955,422237.29216787,-0.0698772426817752
2021-01-12 00:00:00+00:00,0.02595,0.026,0.0253,0.02551,170385.93908956,-0.13671742808798637
2021-01-13 00:00:00+00:00,0.02536,0.02536,0.0247,0.0247,602333.98877646,-0.03175225401803217
2021-01-14 00:00:00+00:00,0.02779,0.0282,0.02777,0.02804,1085601.08917043,0.13522267206477734
2021-01-15 00:00:00+00:00,0.02767,0.02773,0.02741,0.02741,45528.77806066,-0.022467902995720324
2021-01-16 00:00:00+00:00,0.0274,0.02787,0.0274,0.02787,72093.42625784,0.016782196278730233
2021-01-17 00:00:00+00:00,0.02727,0.02727,0.02693,0.027,196733.29611638,-0.031216361679224924
2021-01-18 00:00:00+00:00,0.0264,0.0264,0.0263,0.0263,2000.0,-0.025925925925925908
2021-01-19 00:00:00+00:00,0.02744,0.02768,0.02701,0.02703,314719.90901693,0.027756653992395464
2021-01-20 00:00:00+00:00,0.02682,0.02682,0.02662,0.02663,276860.72061628,-0.014798372179060215
2021-01-21 00:00:00+00:00,0.02679,0.02679,0.02659,0.02659,161088.61707097,-0.0015020653398423178
2021-01-22 00:00:00+00:00,0.02337,0.02337,0.02252,0.02252,1757910.92367939,-0.15306506205340353
2021-01-23 00:00:00+00:00,0.02413,0.02429,0.024,0.02419,239213.43737194,0.07415630550621666
2021-01-24 00:00:00+00:00,0.02456,0.02465,0.02456,0.02464,43504.18887577,0.018602728400165303
2021-01-25 00:00:00+00:00,0.02535,0.02552,0.02534,0.02548,132953.08533812,0.03409090909090917
2021-01-26 00:00:00+00:00,0.02459,0.02462,0.02453,0.02462,80010.43081469,-0.03375196232339084
2021-01-27 00:00:00+00:00,0.02413,0.02459,0.022,0.0225,9252762.06521021,-0.08610885458976447
2021-01-28 00:00:00+00:00,0.0225,0.0227,0.02214,0.02214,182172.19701298,-0.016000000000000014
2021-01-29 00:00:00+00:00,0.0263,0.02679,0.026,0.02679,1122596.4947582,0.2100271002710028
2021-01-30 00:00:00+00:00,0.02995,0.02995,0.02954,0.02954,139188.10564792,0.10265024262784617
2021-01-31 00:00:00+00:00,0.0287,0.0287,0.02832,0.02863,679059.5967316,-0.03080568720379151
2021-02-01 00:00:00+00:00,0.02834,0.02946,0.02721,0.02913,10090276.54882716,0.017464198393293717
2021-02-02 00:00:00+00:00,0.02914,0.02998,0.02914,0.02996,364118.75536323,0.02849296258153111
2021-02-03 00:00:00+00:00,0.03106,0.03116,0.0308,0.0308,274337.338313,0.028037383177570208
2021-02-04 00:00:00+00:00,0.03271,0.03285,0.03252,0.03267,487085.48284342,0.0607142857142855
2021-02-05 00:00:00+00:00,0.03112,0.03177,0.03112,0.03146,153678.74702907,-0.03703703703703687
2021-02-06 00:00:00+00:00,0.03897,0.03955,0.0349,0.03655,19495718.44257676,0.16179275270184346
2021-02-07 00:00:00+00:00,0.03655,0.0379,0.03408,0.03524,11209058.54959864,-0.0358413132694938
2021-02-08 00:00:00+00:00,0.03506,0.05512,0.03439,0.05029,49230334.02608501,0.42707150964812723
2021-02-09 00:00:00+00:00,0.05034,0.05497,0.04847,0.05163,34339704.27543949,0.026645456353151742
2021-02-10 00:00:00+00:00,0.0516,0.05476,0.04504,0.04893,22551040.66938906,-0.052295177222545064
2021-02-11 00:00:00+00:00,0.04875,0.05449,0.04828,0.05334,14600436.27314173,0.09012875536480691
2021-02-12 00:00:00+00:00,0.05344,0.06897,0.0465,0.06873,36804270.23771015,0.28852643419572566
2021-02-13 00:00:00+00:00,0.0682,0.06914,0.0588,0.06388,25618142.49439607,-0.07056598283136906
2021-02-14 00:00:00+00:00,0.06431,0.06612,0.05881,0.05999,11421938.63336408,-0.06089542892924238
2021-02-15 00:00:00+00:00,0.06045,0.08414,0.05208,0.079,42682432.42577976,0.31688614769128187
2021-02-16 00:00:00+00:00,0.07944,0.08232,0.07071,0.0729,17434673.11126958,-0.07721518987341769
2021-02-17 00:00:00+00:00,0.07291,0.08409,0.0726,0.08021,16602466.57363394,0.1002743484224966
2021-02-18 00:00:00+00:00,0.08041,0.082,0.0755,0.07622,15320525.59605527,-0.0497444208951503
2021-02-19 00:00:00+00:00,0.07648,0.08651,0.07182,0.08353,16074305.32049414,0.09590658619784831
2021-02-20 00:00:00+00:00,0.08343,0.08992,0.07547,0.08025,31891772.13846999,-0.039267329103316095
2021-02-21 00:00:00+00:00,0.08,0.0825,0.07735,0.07879,11961935.30014312,-0.018193146417445516
2021-02-22 00:00:00+00:00,0.07817,0.07858,0.05,0.07012,37509787.32364333,-0.11003934509455515
2021-02-23 00:00:00+00:00,0.06985,0.07033,0.049,0.05744,39808691.7835815,-0.1808328579577867
2021-02-24 00:00:00+00:00,0.05727,0.0645,0.05405,0.05958,15124920.48810233,0.037256267409470745
2021-02-25 00:00:00+00:00,0.05933,0.0645,0.0552,0.0552,13608593.15478796,-0.07351460221550854
2021-02-26 00:00:00+00:00,0.055,0.05799,0.05115,0.05423,15775269.6641592,-0.017572463768115942
2021-02-27 00:00:00+00:00,0.05404,0.05756,0.05224,0.054,10202184.56627646,-0.004241194910566182
2021-02-28 00:00:00+00:00,0.05364,0.05395,0.04806,0.05088,15110556.88852207,-0.057777777777777706
2021-03-01 00:00:00+00:00,0.05126,0.05938,0.05086,0.05908,15957583.18289458,0.16116352201257866
2021-03-02 00:00:00+00:00,0.05939,0.062,0.05494,0.05748,11775506.59857223,-0.027081922816519888
2021-03-03 00:00:00+00:00,0.05741,0.06061,0.0572,0.0585,6088967.85574107,0.017745302713987554
2021-03-04 00:00:00+00:00,0.05825,0.06222,0.0515,0.05868,20281377.50542069,0.003076923076922977
2021-03-05 00:00:00+00:00,0.058,0.06749,0.05336,0.05495,27475445.67280237,-0.06356509884117256
2021-03-06 00:00:00+00:00,0.05498,0.059,0.05251,0.05421,10205114.95124125,-0.013466787989080964
2021-03-07 00:00:00+00:00,0.05421,0.05624,0.0538,0.0551,4052958.31874339,0.016417635122671026
2021-03-08 00:00:00+00:00,0.05533,0.0564,0.0525,0.05521,8640865.60112866,0.0019963702359346858
2021-03-09 00:00:00+00:00,0.05525,0.05999,0.05415,0.05915,13001339.98719529,0.07136388335446475
2021-03-10 00:00:00+00:00,0.05957,0.06,0.0552,0.05645,10401157.57224564,-0.04564666103127646
2021-03-11 00:00:00+00:00,0.05645,0.06602,0.0554,0.06386,17678952.43235926,0.13126660761736053
2021-03-12 00:00:00+00:00,0.06395,0.06436,0.05643,0.062,13403475.16860286,-0.029126213592232997
2021-03-13 00:00:00+00:00,0.06177,0.06486,0.05942,0.06249,11433264.9442228,0.00790322580645153
2021-03-14 00:00:00+00:00,0.06249,0.06429,0.05871,0.05871,9416528.82107436,-0.06048967834853569
2021-03-15 00:00:00+00:00,0.05871,0.0645,0.05365,0.062,17833052.76461954,0.05603815363651843
2021-03-16 00:00:00+00:00,0.0616,0.06859,0.0575,0.06673,22154906.20594764,0.07629032258064505
2021-03-17 00:00:00+00:00,0.06693,0.07117,0.06493,0.06992,14733215.0580558,0.04780458564363843
2021-03-18 00:00:00+00:00,0.07,0.074,0.06714,0.06862,10263237.50176779,-0.01859267734553771
2021-03-19 00:00:00+00:00,0.06861,0.07745,0.06657,0.07614,12283675.59313962,0.1095890410958904
2021-03-20 00:00:00+00:00,0.0769,0.08013,0.07168,0.07168,10274112.40214596,-0.058576306803257205
