time,ETH open,ETH high,ETH low,ETH close,ETH volume,ETH daily_return
2019-03-20 00:00:00+00:00,138.0,139.275,135.58,138.856,2170.43121201,
2019-03-21 00:00:00+00:00,138.644,139.064,132.16,134.669,3953.11925017,-0.030153540358356712
2019-03-22 00:00:00+00:00,134.52,136.857,134.05,135.941,3476.09590105,0.00944538089686553
2019-03-23 00:00:00+00:00,135.761,137.515,135.372,136.26,1882.711386,0.0023466062482988548
2019-03-24 00:00:00+00:00,136.184,136.484,134.281,135.538,1098.30983544,-0.005298693673858601
2019-03-25 00:00:00+00:00,135.263,136.165,130.904,133.136,2861.06108495,-0.017721967271171257
2019-03-26 00:00:00+00:00,133.168,133.99,131.602,132.92,1958.6857025,-0.0016224011537075977
2019-03-27 00:00:00+00:00,133.096,139.607,133.096,139.45,3615.15599198,0.04912729461330123
2019-03-28 00:00:00+00:00,138.669,138.879,136.951,137.364,1067.52322869,-0.014958766583004546
2019-03-29 00:00:00+00:00,137.611,142.901,137.158,142.771,3253.03076889,0.03936256952331019
2019-03-30 00:00:00+00:00,142.87,145.439,140.15,142.231,1930.46777066,-0.0037822807152712024
2019-03-31 00:00:00+00:00,142.307,142.307,140.062,141.296,1579.87776059,-0.006573813022477504
2019-04-01 00:00:00+00:00,140.812,142.761,139.137,141.298,2642.71114798,1.4154682369094118e-05
2019-04-02 00:00:00+00:00,140.85,167.244,140.85,165.03,20183.11796598,0.1679570836105253
2019-04-03 00:00:00+00:00,164.717,180.104,151.542,160.954,23766.227512,-0.024698539659455787
2019-04-04 00:00:00+00:00,160.905,165.09,152.877,157.348,9768.51722746,-0.02240391664699226
2019-04-05 00:00:00+00:00,157.417,168.428,156.456,165.853,4203.40611788,0.05405216462872109
2019-04-06 00:00:00+00:00,166.191,173.13,160.607,165.835,4787.51382561,-0.00010852984269205113
2019-04-07 00:00:00+00:00,165.483,176.51,164.15,174.889,5653.11173022,0.0545964362167215
2019-04-08 00:00:00+00:00,174.679,187.48,174.0,180.9,9495.90160363,0.03437037206456672
2019-04-09 00:00:00+00:00,180.083,180.769,174.46,175.9,3953.10063973,-0.027639579878385834
2019-04-10 00:00:00+00:00,175.978,185.141,170.599,177.478,8662.37169875,0.008971006253553071
2019-04-11 00:00:00+00:00,177.817,177.817,160.342,165.12,11429.50996355,-0.0696311655529136
2019-04-12 00:00:00+00:00,164.99,167.354,159.628,164.394,4420.77456237,-0.004396802325581373
2019-04-13 00:00:00+00:00,164.394,166.333,162.246,164.121,4532.10261407,-0.0016606445490711108
2019-04-14 00:00:00+00:00,164.216,169.0,161.803,168.414,2876.80749522,0.026157530114975902
2019-04-15 00:00:00+00:00,168.414,169.249,156.003,160.268,5135.54216729,-0.04836890044770614
2019-04-16 00:00:00+00:00,160.0,167.926,159.583,166.409,3041.99188745,0.038317068909576424
2019-04-17 00:00:00+00:00,166.29,168.39,164.74,166.726,2397.75816455,0.0019049450450396854
2019-04-18 00:00:00+00:00,166.626,176.0,166.398,174.14,3731.34873306,0.04446816933171793
2019-04-19 00:00:00+00:00,174.13,174.459,169.5,173.916,3842.14781782,-0.0012863213506373317
2019-04-20 00:00:00+00:00,173.916,177.83,170.869,173.41,5614.52206714,-0.0029094505393408854
2019-04-21 00:00:00+00:00,174.003,174.353,166.667,170.019,2693.88014983,-0.01955481229456202
2019-04-22 00:00:00+00:00,170.208,173.538,168.163,171.51,2992.43028293,0.008769608102623838
2019-04-23 00:00:00+00:00,171.56,176.56,169.074,170.893,5267.81337863,-0.003597457874176424
2019-04-24 00:00:00+00:00,170.334,170.944,160.271,165.619,7027.73794377,-0.030861416207802583
2019-04-25 00:00:00+00:00,165.62,166.227,147.0,152.136,8658.96399099,-0.0814097416359234
2019-04-26 00:00:00+00:00,151.878,155.727,148.596,153.124,7483.75653588,0.006494189409475659
2019-04-27 00:00:00+00:00,153.124,158.369,152.514,155.425,1126.44122681,0.015027036911261504
2019-04-28 00:00:00+00:00,155.507,156.542,152.566,153.543,1821.28131642,-0.012108734116133224
2019-04-29 00:00:00+00:00,153.405,154.44,148.9,152.488,1687.70764002,-0.006871039383104405
2019-04-30 00:00:00+00:00,152.732,160.929,152.732,160.221,4107.60244992,0.050712187188500124
2019-05-01 00:00:00+00:00,160.189,162.85,156.804,158.468,3828.1723774,-0.010941137553753921
2019-05-02 00:00:00+00:00,158.468,160.199,156.086,159.293,1639.79575979,0.005206098392104508
2019-05-03 00:00:00+00:00,158.461,169.0,157.804,164.8,2809.15079222,0.03457151287250548
2019-05-04 00:00:00+00:00,164.8,168.72,158.261,162.032,2525.60016376,-0.016796116504854353
2019-05-05 00:00:00+00:00,162.513,163.442,157.387,161.457,2183.72594819,-0.003548681741878279
2019-05-06 00:00:00+00:00,161.28,175.5,157.975,171.5,4194.5076692,0.06220232012238558
2019-05-07 00:00:00+00:00,173.483,181.0,165.677,166.422,8688.28087595,-0.029609329446064203
2019-05-08 00:00:00+00:00,165.246,171.819,162.409,169.596,3043.26148231,0.019071997692612808
2019-05-09 00:00:00+00:00,169.12,173.0,165.36,169.93,4620.21742588,0.0019693860704261823
2019-05-10 00:00:00+00:00,169.93,176.01,167.678,172.14,6920.5620729,0.013005355146236575
2019-05-11 00:00:00+00:00,172.028,206.92,172.028,193.0,20566.57508695,0.1211804345300338
2019-05-12 00:00:00+00:00,193.03,204.04,183.0,188.402,18196.80915086,-0.02382383419689127
2019-05-13 00:00:00+00:00,188.31,208.568,185.854,196.593,19565.40510334,0.04347618390462937
2019-05-14 00:00:00+00:00,196.589,220.899,195.848,217.74,16904.05044342,0.10756741084372301
2019-05-15 00:00:00+00:00,217.641,250.502,217.641,248.94,16268.7533269,0.1432901625792229
2019-05-16 00:00:00+00:00,248.8,279.43,242.288,265.053,25410.83849313,0.06472644010604967
2019-05-17 00:00:00+00:00,263.814,269.01,223.191,244.982,30148.89740697,-0.07572447774596025
2019-05-18 00:00:00+00:00,244.616,248.324,232.0,234.68,5510.73734427,-0.04205206913160964
2019-05-19 00:00:00+00:00,233.977,264.999,232.613,261.19,8104.27626782,0.11296233168569958
2019-05-20 00:00:00+00:00,260.971,260.971,239.05,252.366,9918.91927395,-0.03378383552203368
2019-05-21 00:00:00+00:00,252.265,264.0,247.647,255.665,8755.46906119,0.013072283905121829
2019-05-22 00:00:00+00:00,255.236,261.124,240.338,244.053,6290.63259336,-0.0454188097705982
2019-05-23 00:00:00+00:00,243.82,248.223,231.48,245.841,3732.44681917,0.007326277488906241
2019-05-24 00:00:00+00:00,245.878,255.946,241.5,249.188,6016.24010252,0.013614490666731704
2019-05-25 00:00:00+00:00,249.499,259.0,248.542,251.715,3497.58513908,0.010140937765863667
2019-05-26 00:00:00+00:00,252.16,271.615,245.613,267.485,10129.40775588,0.0626502194942693
2019-05-27 00:00:00+00:00,268.216,279.519,264.909,271.861,7771.26660899,0.016359795876404126
2019-05-28 00:00:00+00:00,271.704,276.0,264.789,271.604,4591.32202687,-0.0009453360356946883
2019-05-29 00:00:00+00:00,271.604,275.199,260.205,268.834,6407.47873579,-0.01019867159541088
2019-05-30 00:00:00+00:00,268.941,288.5,240.0,254.624,15264.75111431,-0.05285789743856806
2019-05-31 00:00:00+00:00,254.068,268.89,245.663,268.383,7439.78149693,0.05403654015332404
2019-06-01 00:00:00+00:00,268.157,274.795,261.467,265.264,3775.48494875,-0.011621451433212915
2019-06-02 00:00:00+00:00,264.81,273.38,264.43,270.0,1816.36670742,0.01785391157488392
2019-06-03 00:00:00+00:00,269.25,269.95,247.101,249.895,3875.05394951,-0.07446296296296295
2019-06-04 00:00:00+00:00,248.894,250.644,233.794,240.596,8604.59555849,-0.03721162888413132
2019-06-05 00:00:00+00:00,240.654,248.806,238.004,246.06,3521.78903931,0.022710269497414837
2019-06-06 00:00:00+00:00,245.636,250.775,235.98,248.943,2799.79507904,0.011716654474518418
2019-06-07 00:00:00+00:00,249.971,254.123,244.515,249.826,4677.87419259,0.003546996702056271
2019-06-08 00:00:00+00:00,249.378,251.021,241.701,244.176,1725.61885343,-0.02261574055542659
2019-06-09 00:00:00+00:00,244.667,245.144,227.0,231.658,3256.59793171,-0.05126629971823604
2019-06-10 00:00:00+00:00,230.655,248.099,227.449,248.099,4159.44767856,0.07097100035397008
2019-06-11 00:00:00+00:00,248.1,249.0,237.668,245.175,2896.56675626,-0.01178561783804033
2019-06-12 00:00:00+00:00,245.333,263.258,243.418,262.924,5262.94833422,0.07239318853879873
2019-06-13 00:00:00+00:00,263.182,264.151,254.404,255.0,2347.71819059,-0.03013798664252776
2019-06-14 00:00:00+00:00,255.845,265.824,251.72,264.45,2760.51613687,0.03705882352941181
2019-06-15 00:00:00+00:00,264.373,273.0,262.218,268.863,2393.69984609,0.016687464549064224
2019-06-16 00:00:00+00:00,269.593,278.609,263.582,269.201,5566.51748028,0.0012571458326360307
2019-06-17 00:00:00+00:00,269.324,275.4,267.809,273.704,2795.98395848,0.016727278130467482
2019-06-18 00:00:00+00:00,274.141,274.295,261.058,264.332,2566.21455927,-0.034241370239382785
2019-06-19 00:00:00+00:00,264.749,270.0,263.689,268.734,1387.87220671,0.016653299638333507
2019-06-20 00:00:00+00:00,269.185,274.3,266.581,272.148,1427.16887626,0.012704012145839494
2019-06-21 00:00:00+00:00,272.659,297.134,272.658,296.142,7948.74087683,0.08816526301865157
2019-06-22 00:00:00+00:00,295.19,314.913,293.955,308.568,9100.43109724,0.04195960046194047
2019-06-23 00:00:00+00:00,308.686,317.492,304.335,306.501,4412.51428706,-0.006698685540950433
2019-06-24 00:00:00+00:00,305.527,313.1,295.82,310.38,4147.97377541,0.012655749899674218
2019-06-25 00:00:00+00:00,310.38,317.175,305.0,316.279,4465.46076239,0.019005734905599647
2019-06-26 00:00:00+00:00,316.134,362.97,309.0,332.502,13343.78131519,0.0512933201382324
2019-06-27 00:00:00+00:00,332.502,341.0,274.604,293.312,10406.64570544,-0.11786395269802885
2019-06-28 00:00:00+00:00,293.105,312.2,290.0,309.826,3991.99521811,0.05630182195068745
2019-06-29 00:00:00+00:00,309.643,322.884,291.001,316.417,3890.35798065,0.021273230781148067
2019-06-30 00:00:00+00:00,318.63,323.086,286.447,289.096,3896.20644068,-0.08634491825660429
2019-07-01 00:00:00+00:00,290.528,300.552,279.0,293.513,4407.80499804,0.01527866175941539
2019-07-02 00:00:00+00:00,295.469,295.82,271.2,290.13,5344.43947386,-0.011525894934806935
2019-07-03 00:00:00+00:00,291.044,303.246,290.0,302.723,3714.65150678,0.0434046806603936
2019-07-04 00:00:00+00:00,302.593,303.513,280.676,283.105,2431.91018617,-0.06480511887104712
2019-07-05 00:00:00+00:00,282.316,294.786,280.547,287.391,2439.98607253,0.015139259285424034
2019-07-06 00:00:00+00:00,287.858,297.5,285.255,287.195,1466.93198818,-0.0006819976965181107
2019-07-07 00:00:00+00:00,287.429,310.379,284.113,307.173,2225.69106073,0.06956249238322387
2019-07-08 00:00:00+00:00,307.174,314.412,302.995,313.0,3002.38855905,0.018969766222942663
2019-07-09 00:00:00+00:00,312.813,318.021,303.307,307.91,4337.51674269,-0.016261980830670875
2019-07-10 00:00:00+00:00,307.252,314.949,281.356,287.978,7680.93572418,-0.06473320126010851
2019-07-11 00:00:00+00:00,287.855,287.855,262.389,269.062,5542.65503936,-0.06568557320350854
2019-07-12 00:00:00+00:00,268.012,279.54,265.906,276.847,1824.58712121,0.028933851677308553
2019-07-13 00:00:00+00:00,275.453,275.776,262.292,269.625,2596.84541671,-0.02608661101619303
2019-07-14 00:00:00+00:00,268.805,269.223,223.3,226.185,7149.85649351,-0.16111265646731576
2019-07-15 00:00:00+00:00,226.185,235.419,203.991,228.243,7296.38045794,0.009098746601233554
2019-07-16 00:00:00+00:00,229.427,234.544,191.658,198.907,10428.16583149,-0.12852968108550966
2019-07-17 00:00:00+00:00,198.907,219.705,192.135,210.835,7808.41306034,0.05996772360952596
2019-07-18 00:00:00+00:00,209.733,229.529,206.557,225.886,8651.33865827,0.07138757796381046
2019-07-19 00:00:00+00:00,226.338,226.338,213.336,220.702,4437.79192675,-0.022949629459107723
2019-07-20 00:00:00+00:00,221.486,235.96,220.5,228.754,4635.96980558,0.03648358419950881
2019-07-21 00:00:00+00:00,228.375,229.69,217.848,226.213,3044.49951071,-0.011108002483016688
2019-07-22 00:00:00+00:00,225.821,228.034,211.51,217.418,3457.16258434,-0.03887928633632898
2019-07-23 00:00:00+00:00,216.399,218.991,208.4,212.079,2011.50488747,-0.024556384475986293
2019-07-24 00:00:00+00:00,211.945,217.789,201.1,217.483,2448.02484283,0.025481070733075928
2019-07-25 00:00:00+00:00,216.0,225.706,215.714,218.45,1780.90104721,0.004446324540308799
2019-07-26 00:00:00+00:00,218.704,220.497,213.056,219.353,1661.03207101,0.004133669031815224
2019-07-27 00:00:00+00:00,219.311,223.562,202.684,206.879,3330.51070613,-0.056867241387170586
2019-07-28 00:00:00+00:00,207.029,214.0,198.01,212.0,2016.83474336,0.024753599930394055
2019-07-29 00:00:00+00:00,211.559,215.053,205.903,210.705,1314.39347851,-0.006108490566037683
2019-07-30 00:00:00+00:00,210.9,214.754,204.429,209.654,2100.2427879,-0.004988016421062724
2019-07-31 00:00:00+00:00,211.342,218.73,211.215,218.5,2743.6531837,0.04219332805479503
2019-08-01 00:00:00+00:00,218.67,218.885,211.172,216.942,3244.10484735,-0.007130434782608663
2019-08-02 00:00:00+00:00,217.691,222.463,215.051,217.161,2303.11322099,0.0010094864065048892
2019-08-03 00:00:00+00:00,217.894,224.197,216.762,221.886,661.14492231,0.021758050478677182
2019-08-04 00:00:00+00:00,222.38,223.7,217.755,222.814,805.09328494,0.004182327862055191
2019-08-05 00:00:00+00:00,223.047,236.379,223.011,233.312,3866.42146106,0.04711553134004154
2019-08-06 00:00:00+00:00,233.407,239.202,222.0,225.947,3547.24359892,-0.03156717185571256
2019-08-07 00:00:00+00:00,225.944,231.204,220.618,224.716,2661.2502418,-0.005448180325474561
2019-08-08 00:00:00+00:00,225.369,226.445,214.982,221.256,1574.96951837,-0.015397212481532252
2019-08-09 00:00:00+00:00,220.568,220.568,207.0,209.148,2190.41861649,-0.054723939689771184
2019-08-10 00:00:00+00:00,210.053,214.192,201.0,206.247,1791.15523559,-0.013870560559986145
2019-08-11 00:00:00+00:00,206.0,216.5,205.441,216.5,773.85374664,0.04971223823861681
2019-08-12 00:00:00+00:00,216.316,216.316,209.664,211.674,375.71042821,-0.022290993071593546
2019-08-13 00:00:00+00:00,210.876,210.882,203.207,208.56,1783.31760289,-0.014711301340740945
2019-08-14 00:00:00+00:00,208.374,208.697,181.36,185.716,4983.10449023,-0.10953202915228233
2019-08-15 00:00:00+00:00,186.358,189.617,174.194,187.691,5074.20996145,0.010634517219840989
2019-08-16 00:00:00+00:00,187.233,188.058,178.469,185.551,1969.26249046,-0.011401718782466985
2019-08-17 00:00:00+00:00,185.473,186.746,181.893,185.516,849.52128219,-0.00018862738546276958
2019-08-18 00:00:00+00:00,185.752,197.806,183.583,194.391,1802.19382815,0.04783953944673236
2019-08-19 00:00:00+00:00,194.216,203.237,192.903,202.721,1050.84237901,0.04285177811729968
2019-08-20 00:00:00+00:00,202.789,202.79,194.897,196.326,938.98931503,-0.031545819130726516
2019-08-21 00:00:00+00:00,196.432,196.432,180.001,186.356,2409.46499964,-0.050782881533775415
2019-08-22 00:00:00+00:00,187.356,194.798,183.027,191.093,1901.65957581,0.0254190903432141
2019-08-23 00:00:00+00:00,190.0,196.701,188.722,194.588,2887.18910522,0.018289523949071906
2019-08-24 00:00:00+00:00,194.106,194.261,186.475,190.855,1244.47685283,-0.019184122350813015
2019-08-25 00:00:00+00:00,190.511,192.455,183.0,186.243,999.95356325,-0.024164941971653864
2019-08-26 00:00:00+00:00,186.68,194.055,185.767,188.755,1393.32523604,0.013487755244492305
2019-08-27 00:00:00+00:00,187.7,188.832,184.519,187.156,1496.74374327,-0.008471298773542357
2019-08-28 00:00:00+00:00,186.78,187.933,165.62,172.858,4704.72560576,-0.07639616149094874
2019-08-29 00:00:00+00:00,172.487,173.254,163.668,168.837,7210.62249266,-0.023261868122968044
2019-08-30 00:00:00+00:00,169.109,170.139,165.621,168.574,917.53985544,-0.0015577154296746443
2019-08-31 00:00:00+00:00,169.077,174.545,166.323,171.774,2342.33911948,0.01898276127991272
2019-09-01 00:00:00+00:00,171.779,173.42,168.217,170.786,618.29304374,-0.0057517435700397135
2019-09-02 00:00:00+00:00,171.375,181.398,170.385,178.521,1531.17523256,0.04529059758996623
2019-09-03 00:00:00+00:00,178.531,183.0,174.563,179.474,2886.87053586,0.00533830753804887
2019-09-04 00:00:00+00:00,178.338,180.201,173.736,174.955,1173.83920622,-0.025179134582167806
2019-09-05 00:00:00+00:00,174.281,175.57,169.708,174.789,1386.82625751,-0.0009488154096769508
2019-09-06 00:00:00+00:00,173.986,178.222,165.126,169.457,2906.55008911,-0.030505352167470412
2019-09-07 00:00:00+00:00,169.011,180.661,168.816,178.168,1265.21562523,0.0514053712741287
2019-09-08 00:00:00+00:00,178.1,184.309,176.687,181.444,1440.86072126,0.018387140227201115
2019-09-09 00:00:00+00:00,181.45,185.945,176.28,180.915,3666.10164382,-0.00291550009920416
2019-09-10 00:00:00+00:00,180.77,184.5,176.739,179.899,2205.71572234,-0.005615896968189427
2019-09-11 00:00:00+00:00,180.328,182.534,174.15,177.541,1565.20009789,-0.013107354682349581
2019-09-12 00:00:00+00:00,178.74,182.5,176.564,180.606,858.49601656,0.017263617981198687
2019-09-13 00:00:00+00:00,180.606,181.737,177.999,181.717,555.63897732,0.006151512131379988
2019-09-14 00:00:00+00:00,181.578,188.877,180.308,188.346,801.80938562,0.036479801009261514
2019-09-15 00:00:00+00:00,189.006,190.398,186.297,189.611,775.74709635,0.006716362439340262
2019-09-16 00:00:00+00:00,189.998,199.293,188.5,197.093,4543.7717617,0.03945973598578134
2019-09-17 00:00:00+00:00,197.788,214.756,196.417,207.881,6765.5644493,0.05473558167971482
2019-09-18 00:00:00+00:00,207.934,217.231,207.934,210.013,4193.01483161,0.01025586753960206
2019-09-19 00:00:00+00:00,210.014,223.794,201.802,221.132,10457.53347623,0.052944341540761775
2019-09-20 00:00:00+00:00,220.862,221.812,212.038,218.026,4223.52081858,-0.014045909230685716
2019-09-21 00:00:00+00:00,218.212,220.5,213.751,215.708,1495.37432884,-0.010631759514920347
2019-09-22 00:00:00+00:00,215.31,215.31,206.166,211.727,2796.42788529,-0.01845550466371204
2019-09-23 00:00:00+00:00,211.397,211.398,198.219,200.88,2810.57563673,-0.05123106642043773
2019-09-24 00:00:00+00:00,200.742,202.427,154.0,166.467,17307.32741101,-0.17131123058542408
2019-09-25 00:00:00+00:00,166.691,175.112,162.514,170.572,3783.78740056,0.024659542131473478
2019-09-26 00:00:00+00:00,170.104,170.877,152.522,165.826,6302.74347349,-0.027824027390193073
2019-09-27 00:00:00+00:00,165.944,176.861,161.281,174.007,3021.49647703,0.04933484495796803
2019-09-28 00:00:00+00:00,174.187,175.784,168.623,173.655,2627.84116324,-0.0020229071244260988
2019-09-29 00:00:00+00:00,174.026,174.537,164.639,169.42,1911.69705233,-0.024387434856468326
2019-09-30 00:00:00+00:00,169.415,181.784,165.246,181.223,2656.59295414,0.06966709951599581
2019-10-01 00:00:00+00:00,181.697,185.71,174.048,176.451,5271.85609702,-0.026332198451631483
2019-10-02 00:00:00+00:00,176.278,181.387,174.408,180.981,2099.48119476,0.025672849686315224
2019-10-03 00:00:00+00:00,180.981,181.158,169.829,175.825,1892.03104475,-0.028489178422044348
2019-10-04 00:00:00+00:00,175.078,179.17,170.995,176.4,1230.47983029,0.003270297170482106
2019-10-05 00:00:00+00:00,176.0,176.97,172.335,176.44,729.34991535,0.0002267573696144165
2019-10-06 00:00:00+00:00,177.019,177.019,167.0,170.272,1683.3279408,-0.03495805939696217
2019-10-07 00:00:00+00:00,170.084,182.45,168.916,180.115,2158.28617862,0.05780750798722045
2019-10-08 00:00:00+00:00,180.751,184.932,177.573,180.907,2086.17113786,0.004397190683729901
2019-10-09 00:00:00+00:00,181.1,195.692,179.695,193.433,4015.72956539,0.0692399962411625
2019-10-10 00:00:00+00:00,193.65,194.73,187.163,191.392,1900.08894301,-0.010551457093670669
2019-10-11 00:00:00+00:00,191.686,197.344,179.304,180.754,1971.39190296,-0.05558226049155668
2019-10-12 00:00:00+00:00,181.216,184.741,177.619,179.947,905.71188711,-0.004464631488099835
2019-10-13 00:00:00+00:00,179.887,184.848,178.969,181.437,1050.96228134,0.008280215841331096
2019-10-14 00:00:00+00:00,181.003,187.647,180.776,186.697,1102.36110212,0.02899077916852666
2019-10-15 00:00:00+00:00,187.0,188.346,177.358,180.774,3593.09360973,-0.031725201797564995
2019-10-16 00:00:00+00:00,180.661,181.093,171.945,174.605,2325.37851752,-0.0341254826468409
2019-10-17 00:00:00+00:00,174.604,178.821,172.946,177.205,1113.35374192,0.0148907534148508
2019-10-18 00:00:00+00:00,177.147,177.287,168.308,173.085,1775.69241959,-0.02324990829829865
2019-10-19 00:00:00+00:00,172.959,174.966,169.652,171.775,1131.32976573,-0.00756853569055671
2019-10-20 00:00:00+00:00,171.991,176.512,169.662,174.895,756.51847966,0.01816329500800462
2019-10-21 00:00:00+00:00,174.895,177.92,172.054,174.399,1146.12843902,-0.002835987306669785
2019-10-22 00:00:00+00:00,174.384,175.36,170.67,171.497,1802.72539423,-0.016640003669745718
2019-10-23 00:00:00+00:00,171.177,171.441,153.331,162.469,5177.41588597,-0.052642320273824095
2019-10-24 00:00:00+00:00,162.481,163.852,159.045,160.716,1684.64756259,-0.010789750660125885
2019-10-25 00:00:00+00:00,161.128,187.54,160.697,181.477,4953.57868809,0.12917817765499384
2019-10-26 00:00:00+00:00,181.48,199.077,174.337,180.116,12008.2948194,-0.007499572948638011
2019-10-27 00:00:00+00:00,180.172,188.737,177.167,184.853,2118.00292709,0.026299717959537228
2019-10-28 00:00:00+00:00,184.79,189.708,179.575,182.228,7658.07574309,-0.014200472808123199
2019-10-29 00:00:00+00:00,182.433,193.348,182.38,190.961,2795.39196421,0.04792348047500927
2019-10-30 00:00:00+00:00,191.062,192.002,179.622,183.07,1756.61990688,-0.041322573719241196
2019-10-31 00:00:00+00:00,183.998,185.148,178.185,182.551,2014.55787768,-0.0028349811547495607
2019-11-01 00:00:00+00:00,182.5,184.735,177.391,183.468,1333.99595806,0.005023253775657155
2019-11-02 00:00:00+00:00,183.514,185.684,182.143,182.922,1098.2957998,-0.0029759958139838893
2019-11-03 00:00:00+00:00,183.174,184.718,179.21,181.862,945.45937219,-0.005794819649905469
2019-11-04 00:00:00+00:00,181.755,189.472,180.577,186.23,1203.85358163,0.024018211611001705
2019-11-05 00:00:00+00:00,185.977,192.308,182.0,188.736,1715.61820753,0.013456478548032003
2019-11-06 00:00:00+00:00,188.765,194.46,188.115,191.694,966.95456717,0.01567268565615465
2019-11-07 00:00:00+00:00,191.25,192.206,184.74,186.876,1804.00314338,-0.025133807004913966
2019-11-08 00:00:00+00:00,186.601,187.97,180.887,183.802,1528.43346558,-0.016449410304158918
2019-11-09 00:00:00+00:00,183.548,185.677,182.975,185.133,521.88147966,0.007241488123089113
2019-11-10 00:00:00+00:00,185.091,191.597,183.506,189.1,1029.00543185,0.02142783836485118
2019-11-11 00:00:00+00:00,189.1,189.835,184.192,184.777,1020.62221767,-0.02286092014806984
2019-11-12 00:00:00+00:00,184.756,187.09,182.0,186.169,1604.88709057,0.007533405131591175
2019-11-13 00:00:00+00:00,186.632,189.25,185.259,188.404,661.10436135,0.01200522106258295
2019-11-14 00:00:00+00:00,188.031,188.031,182.932,184.494,1034.69666204,-0.020753274877391092
2019-11-15 00:00:00+00:00,184.541,186.624,177.403,179.627,1321.75657095,-0.02638026168872698
2019-11-16 00:00:00+00:00,179.881,183.107,179.2,182.688,375.08527077,0.01704086802095439
2019-11-17 00:00:00+00:00,183.12,186.12,180.115,183.797,354.15355531,0.0060704589245053064
2019-11-18 00:00:00+00:00,183.899,183.945,174.33,178.198,1348.9026642,-0.030462956413869646
2019-11-19 00:00:00+00:00,177.669,178.116,172.685,175.148,841.55394841,-0.01711579254537099
2019-11-20 00:00:00+00:00,175.77,177.379,173.391,174.17,719.52255614,-0.005583849087628767
2019-11-21 00:00:00+00:00,174.179,175.085,155.86,160.945,2923.81653846,-0.07593156111844745
2019-11-22 00:00:00+00:00,161.055,162.554,138.667,150.2,6855.11911429,-0.06676193730777602
2019-11-23 00:00:00+00:00,150.114,154.548,146.641,152.266,3956.98666551,0.013754993342210309
2019-11-24 00:00:00+00:00,152.303,153.18,139.09,139.918,1596.89118516,-0.08109492598478973
2019-11-25 00:00:00+00:00,139.903,151.265,131.808,146.654,3442.6797294,0.04814248345459471
2019-11-26 00:00:00+00:00,146.453,149.728,143.0,147.693,973.27319925,0.007084702769784679
2019-11-27 00:00:00+00:00,147.693,155.675,141.122,153.099,4723.26891542,0.036602953423655604
2019-11-28 00:00:00+00:00,153.409,154.729,149.438,151.107,1321.55285416,-0.013011188838594534
2019-11-29 00:00:00+00:00,150.783,157.299,150.783,154.273,1793.05218687,0.020952040606987188
2019-11-30 00:00:00+00:00,154.448,155.368,150.004,152.268,1450.6862289,-0.012996441373409495
2019-12-01 00:00:00+00:00,151.915,152.48,146.171,151.287,1447.64086074,-0.006442588068405697
2019-12-02 00:00:00+00:00,151.232,151.297,147.103,149.037,604.55523197,-0.014872394852168402
2019-12-03 00:00:00+00:00,149.011,149.959,145.503,147.496,1414.20582107,-0.010339714299133718
2019-12-04 00:00:00+00:00,147.38,152.375,143.474,145.876,1525.11834219,-0.010983348700981721
2019-12-05 00:00:00+00:00,145.449,148.792,144.218,147.956,511.37142256,0.01425868545888287
2019-12-06 00:00:00+00:00,147.602,148.964,146.221,148.964,466.76120793,0.006812836248614618
2019-12-07 00:00:00+00:00,149.242,149.475,147.431,148.108,84.21506857,-0.005746354823984334
2019-12-08 00:00:00+00:00,147.186,147.488,147.186,147.346,4.01573396,-0.005144894266346234
2019-12-09 00:00:00+00:00,147.72,147.72,147.156,147.411,208.24798969,0.00044113854464988833
2019-12-10 00:00:00+00:00,147.304,147.972,144.143,145.687,723.42623432,-0.011695192353352146
2019-12-11 00:00:00+00:00,145.988,146.518,141.999,143.106,3466.35991054,-0.01771606251758917
2019-12-12 00:00:00+00:00,143.437,145.68,139.367,145.032,1155.82577884,0.013458555196847133
2019-12-13 00:00:00+00:00,145.053,145.111,143.214,144.948,1067.97966063,-0.0005791825252358107
2019-12-14 00:00:00+00:00,144.76,145.093,141.338,141.758,485.70067469,-0.022007892485580993
2019-12-15 00:00:00+00:00,141.72,143.99,140.0,142.485,452.47202633,0.005128458358611088
2019-12-16 00:00:00+00:00,142.537,142.537,129.866,132.432,1840.83798005,-0.07055479524160457
2019-12-17 00:00:00+00:00,132.601,132.663,119.848,121.61,2856.12079682,-0.08171740968950092
2019-12-18 00:00:00+00:00,121.665,134.334,116.888,132.892,3295.20017005,0.09277197598881659
2019-12-19 00:00:00+00:00,133.25,133.82,126.0,128.094,1874.08341667,-0.036104505914577256
2019-12-20 00:00:00+00:00,128.113,129.135,125.79,128.452,681.18789976,0.002794822552188325
2019-12-21 00:00:00+00:00,128.2,128.362,126.656,127.111,879.34350235,-0.010439697318842756
2019-12-22 00:00:00+00:00,127.137,133.35,127.056,132.277,905.13519308,0.04064164391752079
2019-12-23 00:00:00+00:00,132.505,135.0,126.46,128.042,1462.90523263,-0.032016147931991146
2019-12-24 00:00:00+00:00,128.125,129.367,126.645,128.019,857.28051683,-0.0001796285593789193
2019-12-25 00:00:00+00:00,126.971,126.971,123.485,124.8,1202.23900955,-0.02514470508283928
2019-12-26 00:00:00+00:00,124.801,131.941,124.335,125.48,5452.87094295,0.005448717948717929
2019-12-27 00:00:00+00:00,125.108,126.555,122.223,126.426,574.64250346,0.007539050047816298
2019-12-28 00:00:00+00:00,126.351,129.286,126.189,128.01,1038.23827641,0.012529068387831632
2019-12-29 00:00:00+00:00,127.896,137.911,127.425,134.279,782.76460491,0.04897273650496059
2019-12-30 00:00:00+00:00,134.124,135.571,129.888,131.185,591.83809731,-0.023041577610795394
2019-12-31 00:00:00+00:00,130.696,133.613,128.054,128.846,1354.92910281,-0.01782978236841104
2020-01-01 00:00:00+00:00,128.635,132.372,128.5,130.222,616.44506241,0.010679415736615905
2020-01-02 00:00:00+00:00,130.064,130.38,126.244,126.851,844.81632854,-0.025886562946353275
2020-01-03 00:00:00+00:00,126.808,134.826,125.605,134.191,1585.80076403,0.05786316229276878
2020-01-04 00:00:00+00:00,134.409,135.585,132.318,134.115,608.03895913,-0.000566356909181609
2020-01-05 00:00:00+00:00,134.232,138.119,134.232,134.853,629.1677206,0.005502740185661548
2020-01-06 00:00:00+00:00,135.207,144.44,134.965,144.171,2302.58491651,0.06909746168049646
2020-01-07 00:00:00+00:00,144.398,145.1,139.004,143.181,3322.76689371,-0.006866845620825179
2020-01-08 00:00:00+00:00,143.122,147.864,136.849,140.552,4249.82501468,-0.018361374763411487
2020-01-09 00:00:00+00:00,140.519,141.286,135.555,137.694,2937.96728701,-0.02033411121862372
2020-01-10 00:00:00+00:00,137.65,145.064,135.474,145.03,3451.42108661,0.05327755748253393
2020-01-11 00:00:00+00:00,145.05,147.998,142.192,142.496,3432.91299089,-0.017472247121285145
2020-01-12 00:00:00+00:00,142.222,146.33,141.882,146.33,2110.33644812,0.02690601841455198
2020-01-13 00:00:00+00:00,146.449,146.672,142.287,143.546,1504.5324697,-0.019025490330075945
2020-01-14 00:00:00+00:00,143.728,171.908,143.728,166.308,6684.05770007,0.15856937845708008
2020-01-15 00:00:00+00:00,165.816,171.999,159.029,166.297,4052.22009992,-6.614233831203631e-05
2020-01-16 00:00:00+00:00,166.683,167.124,158.501,164.142,2346.78677042,-0.012958742490844721
2020-01-17 00:00:00+00:00,164.47,174.0,162.154,170.124,5364.20582784,0.0364440545381437
2020-01-18 00:00:00+00:00,169.813,179.0,164.999,174.323,5066.84464541,0.02468199666125881
2020-01-19 00:00:00+00:00,174.114,178.007,162.154,166.89,5744.10115628,-0.04263923865468133
2020-01-20 00:00:00+00:00,166.986,169.0,160.401,166.54,2822.12167961,-0.002097189765713936
2020-01-21 00:00:00+00:00,166.714,170.169,164.4,169.563,1942.55880357,0.018151795364476975
2020-01-22 00:00:00+00:00,169.522,170.78,165.512,167.695,2218.36306662,-0.011016554319043581
2020-01-23 00:00:00+00:00,167.748,167.786,159.0,162.719,4097.24979716,-0.029672918095351664
2020-01-24 00:00:00+00:00,162.435,165.192,155.273,162.461,2939.32307336,-0.0015855554667861815
2020-01-25 00:00:00+00:00,162.172,162.396,157.433,160.207,1491.13700487,-0.013874099014532848
2020-01-26 00:00:00+00:00,160.143,167.58,159.266,167.331,3776.88668942,0.044467470210415305
2020-01-27 00:00:00+00:00,167.678,171.744,165.104,169.971,4140.73599401,0.01577711242985469
2020-01-28 00:00:00+00:00,170.076,176.592,169.946,175.865,5630.19463418,0.034676503638856104
2020-01-29 00:00:00+00:00,175.88,178.247,173.342,173.823,5322.31542734,-0.011611179029369145
2020-01-30 00:00:00+00:00,173.334,186.629,170.637,184.373,4994.52390126,0.06069392427929543
2020-01-31 00:00:00+00:00,183.988,185.195,175.1,179.504,3869.96363651,-0.026408422057459635
2020-02-01 00:00:00+00:00,179.723,184.249,179.059,183.526,2310.78301123,0.02240618593457544
2020-02-02 00:00:00+00:00,183.476,193.0,179.241,188.235,5324.25944728,0.0256584898052592
2020-02-03 00:00:00+00:00,188.151,195.0,186.8,189.536,3733.48924644,0.006911573299333229
2020-02-04 00:00:00+00:00,189.639,191.449,184.5,188.313,4169.83211946,-0.006452600033766687
2020-02-05 00:00:00+00:00,188.388,207.487,187.827,203.92,3463.73992823,0.08287797443617806
2020-02-06 00:00:00+00:00,204.555,215.922,201.451,212.963,5519.93010351,0.04434582189093761
2020-02-07 00:00:00+00:00,213.076,224.276,213.036,223.142,7606.45123976,0.04779703516573308
2020-02-08 00:00:00+00:00,222.266,228.0,213.39,223.425,4065.47727114,0.0012682507103101148
2020-02-09 00:00:00+00:00,223.418,231.236,223.418,228.665,4554.64283169,0.02345306031106631
2020-02-10 00:00:00+00:00,228.718,229.507,216.675,223.781,3821.72162779,-0.021358756259156397
2020-02-11 00:00:00+00:00,223.319,239.567,217.952,237.852,7939.10528967,0.06287843918831348
2020-02-12 00:00:00+00:00,237.867,275.86,237.867,265.488,9766.48582137,0.11618989960143278
2020-02-13 00:00:00+00:00,265.569,278.424,255.001,268.315,11847.20659523,0.010648315554752097
2020-02-14 00:00:00+00:00,268.445,287.1,260.334,285.958,6764.85727075,0.06575480312319493
2020-02-15 00:00:00+00:00,285.958,289.0,261.802,264.781,6039.02609771,-0.07405632995055222
2020-02-16 00:00:00+00:00,264.813,273.872,235.999,260.0,7918.58897125,-0.01805643154153813
2020-02-17 00:00:00+00:00,259.773,268.0,242.765,267.532,6455.7279898,0.028969230769230636
2020-02-18 00:00:00+00:00,268.291,286.667,259.778,282.955,13199.0469996,0.05764917841604
2020-02-19 00:00:00+00:00,282.996,286.666,251.778,258.448,8493.54470305,-0.08661094520330093
2020-02-20 00:00:00+00:00,258.663,264.583,246.119,257.526,6665.07608136,-0.003567448771126025
2020-02-21 00:00:00+00:00,257.586,268.269,254.359,265.834,4246.21594627,0.032260820266691415
2020-02-22 00:00:00+00:00,265.866,266.812,256.67,262.321,3607.25815253,-0.013215013880842896
2020-02-23 00:00:00+00:00,262.013,276.15,261.987,275.919,3401.83372878,0.05183725283145435
2020-02-24 00:00:00+00:00,275.572,278.049,257.29,266.251,4987.33177683,-0.03503926877090746
2020-02-25 00:00:00+00:00,265.703,265.869,245.134,246.318,4391.8198327,-0.0748654465147548
2020-02-26 00:00:00+00:00,246.12,250.0,215.887,223.877,8721.52300778,-0.09110580631541343
2020-02-27 00:00:00+00:00,223.307,238.336,210.0,227.231,9455.85579188,0.014981440701813842
2020-02-28 00:00:00+00:00,227.89,234.327,213.905,227.592,9859.07228329,0.0015886916837932752
2020-02-29 00:00:00+00:00,227.711,233.18,217.652,217.652,2536.44472086,-0.04367464585749947
2020-03-01 00:00:00+00:00,217.302,227.844,212.203,217.621,3326.03046139,-0.00014242919890461447
2020-03-02 00:00:00+00:00,217.33,234.31,215.896,231.702,4203.12291741,0.0647042335068766
2020-03-03 00:00:00+00:00,230.395,232.944,220.5,223.702,3157.33518205,-0.034527108095743664
2020-03-04 00:00:00+00:00,223.685,228.701,220.673,224.547,6082.56989519,0.0037773466486665797
2020-03-05 00:00:00+00:00,224.792,234.302,224.792,228.721,5448.45986098,0.018588536030318847
2020-03-06 00:00:00+00:00,228.457,245.916,228.026,245.69,4358.2249024,0.0741908263779889
2020-03-07 00:00:00+00:00,245.715,252.316,236.571,237.558,5741.630637,-0.033098620212462904
2020-03-08 00:00:00+00:00,237.243,237.243,196.03,199.342,8660.97782391,-0.16087018749105475
2020-03-09 00:00:00+00:00,199.892,208.322,190.321,203.56,10573.70628067,0.021159615133790055
2020-03-10 00:00:00+00:00,203.201,206.626,195.048,200.45,8763.72321701,-0.015278050697583034
2020-03-11 00:00:00+00:00,200.628,203.0,181.999,194.943,7624.02695656,-0.027473185333000583
2020-03-12 00:00:00+00:00,195.348,195.458,103.08,109.083,23551.7415918,-0.4404364352656931
2020-03-13 00:00:00+00:00,108.577,146.389,90.0,135.603,26814.98229309,0.2431176260278871
2020-03-14 00:00:00+00:00,135.603,136.604,120.959,121.923,8620.91445524,-0.10088272383354357
2020-03-15 00:00:00+00:00,122.462,133.2,120.026,123.093,10554.54340466,0.009596220565438962
2020-03-16 00:00:00+00:00,122.873,123.5,100.497,111.196,23061.80866932,-0.09665050002843378
2020-03-17 00:00:00+00:00,111.577,121.776,109.711,116.445,12484.7435251,0.04720493542933202
2020-03-18 00:00:00+00:00,116.27,118.817,110.16,118.545,12391.54033667,0.0180342651036971
2020-03-19 00:00:00+00:00,118.588,143.493,115.963,137.193,18159.19382661,0.1573073516386183
2020-03-20 00:00:00+00:00,137.314,152.66,116.539,133.537,25581.94563976,-0.026648589942635637
2020-03-21 00:00:00+00:00,132.96,137.592,126.0,132.784,12964.29527126,-0.005638886600717541
2020-03-22 00:00:00+00:00,132.488,137.444,121.043,122.533,12145.78300544,-0.07720056633329309
2020-03-23 00:00:00+00:00,122.145,138.3,119.834,136.736,11451.77343208,0.11591163196853094
2020-03-24 00:00:00+00:00,136.733,144.0,133.0,138.868,14521.72582377,0.015592089866604208
2020-03-25 00:00:00+00:00,138.83,142.702,132.867,136.28,8007.76192003,-0.01863640291499835
2020-03-26 00:00:00+00:00,136.387,139.972,133.615,139.022,6985.76090608,0.020120340475491494
2020-03-27 00:00:00+00:00,139.192,141.821,129.743,131.528,4053.11674944,-0.05390513731639601
2020-03-28 00:00:00+00:00,131.6,133.403,125.195,131.443,5196.92918352,-0.0006462502280881743
2020-03-29 00:00:00+00:00,131.635,132.053,123.956,124.784,3846.56486246,-0.05066074267933629
2020-03-30 00:00:00+00:00,124.485,135.521,124.032,132.416,3551.96642751,0.06116168739581984
2020-03-31 00:00:00+00:00,132.211,135.223,130.543,133.1,2918.52788338,0.005165538907684786
2020-04-01 00:00:00+00:00,133.137,137.345,128.907,135.929,4110.52639719,0.02125469571750571
2020-04-02 00:00:00+00:00,136.372,150.001,135.727,141.441,8348.40519782,0.040550581553605136
2020-04-03 00:00:00+00:00,141.347,146.785,137.8,141.373,7522.90241872,-0.0004807658316896557
2020-04-04 00:00:00+00:00,141.433,146.944,139.166,144.45,4641.2655406,0.02176511780891688
2020-04-05 00:00:00+00:00,144.511,145.924,140.555,142.84,3308.05115523,-0.011145725164416698
2020-04-06 00:00:00+00:00,143.323,172.17,143.07,171.581,10492.52127821,0.20121114533744033
2020-04-07 00:00:00+00:00,172.118,176.705,162.392,164.62,8713.4788552,-0.04056976005501767
2020-04-08 00:00:00+00:00,164.557,174.741,163.74,173.015,7139.92008507,0.05099623375045548
2020-04-09 00:00:00+00:00,173.433,173.834,165.069,170.119,4608.89094605,-0.0167384330838366
2020-04-10 00:00:00+00:00,169.775,170.217,152.001,158.037,7393.92724591,-0.07102087362375742
2020-04-11 00:00:00+00:00,158.072,161.489,154.182,158.642,3641.76817051,0.0038282174427506366
2020-04-12 00:00:00+00:00,158.979,165.366,155.379,158.819,4098.87531115,0.0011157196707050065
2020-04-13 00:00:00+00:00,158.624,159.383,149.708,156.836,6424.12546017,-0.012485911635257585
2020-04-14 00:00:00+00:00,156.884,162.062,155.772,158.592,4728.87936932,0.011196408987732331
2020-04-15 00:00:00+00:00,158.462,161.47,151.479,152.924,5417.35139282,-0.0357395076674738
2020-04-16 00:00:00+00:00,152.673,175.137,146.827,172.483,12031.0822129,0.12790013339959727
2020-04-17 00:00:00+00:00,172.498,175.0,168.831,171.107,3937.66930265,-0.007977597792246272
2020-04-18 00:00:00+00:00,171.154,189.767,171.154,187.828,5569.48867146,0.09772247774784204
2020-04-19 00:00:00+00:00,187.867,188.498,176.583,180.362,6842.22370005,-0.039749132184764835
2020-04-20 00:00:00+00:00,180.188,186.765,167.002,170.485,8370.15725178,-0.0547620895754094
2020-04-21 00:00:00+00:00,170.384,174.784,168.593,171.021,4446.21056619,0.0031439716104053606
2020-04-22 00:00:00+00:00,170.702,185.0,170.224,183.1,5240.99647622,0.07062875319405215
2020-04-23 00:00:00+00:00,183.289,194.152,178.473,184.939,7572.2400865,0.010043691971600266
2020-04-24 00:00:00+00:00,185.592,189.792,184.75,187.672,3223.19307888,0.014777845668031198
2020-04-25 00:00:00+00:00,186.846,198.285,185.807,194.339,6505.45761989,0.035524745300311134
2020-04-26 00:00:00+00:00,194.397,200.007,192.514,197.799,4723.84464068,0.017803940536896823
2020-04-27 00:00:00+00:00,197.857,199.45,190.0,196.303,6527.81118889,-0.00756323338338416
2020-04-28 00:00:00+00:00,196.623,198.0,192.636,196.821,2744.02901425,0.002638777807776771
2020-04-29 00:00:00+00:00,196.931,219.285,196.931,215.537,9711.23207873,0.09509147905965332
2020-04-30 00:00:00+00:00,215.537,227.376,201.354,206.483,12767.00013946,-0.04200670882493496
2020-05-01 00:00:00+00:00,207.118,216.974,207.118,212.168,4305.45416194,0.027532532944600785
2020-05-02 00:00:00+00:00,211.988,215.31,210.556,213.833,2470.10761113,0.007847554767919762
2020-05-03 00:00:00+00:00,214.126,219.53,204.284,210.275,4896.62924303,-0.01663915298387053
2020-05-04 00:00:00+00:00,210.137,210.851,193.727,207.002,7596.58525952,-0.015565331114017367
2020-05-05 00:00:00+00:00,207.241,212.0,201.5,205.65,3907.7027538,-0.006531337861469977
2020-05-06 00:00:00+00:00,205.304,211.106,198.35,198.889,7050.45196032,-0.032876246049112545
2020-05-07 00:00:00+00:00,198.916,215.34,197.0,212.395,7542.52873505,0.06790722463283538
2020-05-08 00:00:00+00:00,212.919,217.0,207.104,211.627,5693.01139771,-0.0036159043291980053
2020-05-09 00:00:00+00:00,211.788,214.717,208.67,210.008,3848.36482247,-0.007650252567016458
2020-05-10 00:00:00+00:00,210.026,210.026,176.742,187.736,11514.89674514,-0.10605310273894342
2020-05-11 00:00:00+00:00,188.284,193.834,176.624,185.945,6729.92670348,-0.009539992329654412
2020-05-12 00:00:00+00:00,186.441,192.356,185.946,189.944,3945.98834033,0.021506359407351683
2020-05-13 00:00:00+00:00,189.679,201.176,188.593,199.927,4572.05590206,0.052557595923008904
2020-05-14 00:00:00+00:00,200.007,206.345,195.861,203.143,5693.16888826,0.016085871343040292
2020-05-15 00:00:00+00:00,203.955,204.165,193.99,194.284,3022.50261176,-0.04360967397350635
2020-05-16 00:00:00+00:00,194.597,203.325,193.329,200.606,2599.46543832,0.03253999299993815
2020-05-17 00:00:00+00:00,200.596,209.966,199.642,206.891,3069.26170774,0.03133006988823861
2020-05-18 00:00:00+00:00,207.225,216.868,207.1,214.542,4406.90554193,0.0369808256521551
2020-05-19 00:00:00+00:00,214.718,215.83,209.237,214.656,3344.25805076,0.0005313644880722279
2020-05-20 00:00:00+00:00,214.881,215.5,206.0,210.05,3980.8949463,-0.021457587954681
2020-05-21 00:00:00+00:00,209.828,211.813,191.001,198.511,5785.70476851,-0.054934539395382176
2020-05-22 00:00:00+00:00,198.073,209.225,196.22,207.207,3292.72589454,0.04380613668763944
2020-05-23 00:00:00+00:00,208.098,211.307,204.852,206.578,2561.12337061,-0.0030356117312638764
2020-05-24 00:00:00+00:00,206.538,210.616,199.522,199.522,4691.80978627,-0.03415658976270475
2020-05-25 00:00:00+00:00,199.522,205.711,198.09,204.047,3361.72712334,0.022679203295877137
2020-05-26 00:00:00+00:00,204.171,204.943,197.0,201.061,2563.63627424,-0.014633883370007816
2020-05-27 00:00:00+00:00,201.061,208.3,200.862,207.647,3157.96932544,0.032756228209349425
2020-05-28 00:00:00+00:00,208.368,220.738,204.631,220.307,5359.12796322,0.06096885579854261
2020-05-29 00:00:00+00:00,220.456,225.0,217.5,220.701,5367.67079639,0.0017884134412433639
2020-05-30 00:00:00+00:00,220.831,247.26,218.784,243.621,6778.09002707,0.10385091141408509
2020-05-31 00:00:00+00:00,243.478,245.2,229.775,231.481,4831.71491378,-0.04983150056850605
2020-06-01 00:00:00+00:00,231.481,252.088,230.514,247.915,5067.37638114,0.0709950276696576
2020-06-02 00:00:00+00:00,248.516,253.121,225.686,238.038,6563.85546767,-0.03984026783373329
2020-06-03 00:00:00+00:00,237.538,245.001,233.547,244.675,3223.51483186,0.027882102857526903
2020-06-04 00:00:00+00:00,244.567,246.583,236.429,243.362,4349.60348564,-0.005366302237662324
2020-06-05 00:00:00+00:00,243.036,247.651,239.277,239.966,4895.149323,-0.013954520426360695
2020-06-06 00:00:00+00:00,239.75,244.57,238.0,242.223,1741.46856811,0.009405499112374205
2020-06-07 00:00:00+00:00,242.133,245.491,234.929,244.645,3633.64808904,0.009999050461764636
2020-06-08 00:00:00+00:00,244.949,247.744,241.099,246.75,2121.37601745,0.008604304195875656
2020-06-09 00:00:00+00:00,246.687,250.258,238.698,243.982,2853.60815135,-0.011217831813576495
2020-06-10 00:00:00+00:00,244.06,250.854,241.0,247.977,2727.18647955,0.016374158749415946
2020-06-11 00:00:00+00:00,248.014,251.28,225.017,230.217,7744.77683005,-0.07161954536106163
2020-06-12 00:00:00+00:00,230.1,239.23,228.001,237.662,3521.28014026,0.03233905402294357
2020-06-13 00:00:00+00:00,237.98,238.663,234.734,238.242,1566.38548338,0.002440440625762541
2020-06-14 00:00:00+00:00,238.055,238.533,229.199,231.435,2324.40153083,-0.02857178834966123
2020-06-15 00:00:00+00:00,231.326,233.651,218.0,231.179,5585.87218809,-0.0011061421133363725
2020-06-16 00:00:00+00:00,231.179,235.957,229.0,235.193,3205.46269939,0.01736316879993427
2020-06-17 00:00:00+00:00,235.174,237.263,227.7,233.674,2978.82531701,-0.006458525551355732
2020-06-18 00:00:00+00:00,233.445,234.43,227.445,231.673,2957.03249003,-0.008563211996199804
2020-06-19 00:00:00+00:00,230.875,231.758,226.434,228.38,2523.48373886,-0.014213999905038577
2020-06-20 00:00:00+00:00,228.695,230.372,225.286,228.993,1501.01797094,0.002684122952973045
2020-06-21 00:00:00+00:00,228.754,231.091,227.0,227.697,1270.35246701,-0.005659561645989131
2020-06-22 00:00:00+00:00,227.481,248.139,227.399,243.488,5137.63670156,0.0693509356732851
2020-06-23 00:00:00+00:00,243.647,244.999,240.828,243.09,2530.1953029,-0.0016345774740438301
2020-06-24 00:00:00+00:00,243.056,249.0,231.0,234.468,5588.36721788,-0.035468345057386164
2020-06-25 00:00:00+00:00,234.323,235.092,227.061,232.377,4365.32919638,-0.008918061313270775
2020-06-26 00:00:00+00:00,231.999,233.363,227.381,229.412,4528.63629805,-0.012759438326512496
2020-06-27 00:00:00+00:00,229.5,230.999,216.0,220.83,4371.6288331,-0.037408679580841375
2020-06-28 00:00:00+00:00,220.704,227.739,218.001,224.78,5328.39405895,0.01788706244622551
2020-06-29 00:00:00+00:00,224.967,230.467,221.172,227.691,2376.68223711,0.012950440430643306
2020-06-30 00:00:00+00:00,228.649,228.649,222.961,225.575,2149.46746229,-0.009293296616906255
2020-07-01 00:00:00+00:00,225.517,232.739,224.113,231.304,2770.08923731,0.02539731796520006
2020-07-02 00:00:00+00:00,231.152,232.233,223.0,226.469,2677.24981564,-0.020903226922145746
2020-07-03 00:00:00+00:00,226.602,228.26,224.37,225.247,1539.92573604,-0.005395881997094398
2020-07-04 00:00:00+00:00,224.753,230.66,224.625,229.199,1247.14455399,0.017545183731636715
2020-07-05 00:00:00+00:00,229.317,229.827,223.287,228.093,1604.55390725,-0.004825500983861253
2020-07-06 00:00:00+00:00,227.721,241.842,227.159,241.842,3522.89051358,0.06027804448185625
2020-07-07 00:00:00+00:00,241.69,243.803,234.778,239.307,2813.40613988,-0.01048205026422222
2020-07-08 00:00:00+00:00,239.52,248.88,237.979,247.0,4280.98902016,0.03214699110347796
2020-07-09 00:00:00+00:00,247.217,247.672,237.901,242.189,2671.13053696,-0.019477732793522273
2020-07-10 00:00:00+00:00,241.939,241.939,235.616,241.213,1560.00369448,-0.00402991052442514
2020-07-11 00:00:00+00:00,241.23,241.997,237.695,239.598,1185.41965445,-0.006695327366269543
2020-07-12 00:00:00+00:00,239.276,243.766,236.002,242.649,1241.78354356,0.012733829163849464
2020-07-13 00:00:00+00:00,242.899,245.444,237.001,239.7,2597.32621731,-0.012153357318596014
2020-07-14 00:00:00+00:00,239.583,242.0,236.843,240.351,1473.23478514,0.0027158948685857
2020-07-15 00:00:00+00:00,240.889,241.294,236.67,238.566,1318.9114919,-0.007426638541133568
2020-07-16 00:00:00+00:00,237.992,239.106,230.001,233.419,1817.66811001,-0.021574742419288584
2020-07-17 00:00:00+00:00,233.679,234.456,231.556,233.012,1126.23654216,-0.0017436455472776835
2020-07-18 00:00:00+00:00,232.709,236.806,232.297,235.966,578.8310983,0.012677458671656483
2020-07-19 00:00:00+00:00,235.85,239.864,233.372,238.962,483.48952694,0.012696744446233588
2020-07-20 00:00:00+00:00,239.72,239.979,234.31,236.265,1072.69248174,-0.011286313305044371
2020-07-21 00:00:00+00:00,236.052,246.668,236.01,245.8,2486.64054444,0.04035722599623326
2020-07-22 00:00:00+00:00,245.615,270.0,241.662,264.351,4448.58217772,0.07547192839707084
2020-07-23 00:00:00+00:00,264.343,280.5,260.352,275.781,7925.03827818,0.043237967702032476
2020-07-24 00:00:00+00:00,275.465,287.598,268.551,279.761,7258.65865752,0.014431741127924003
2020-07-25 00:00:00+00:00,280.127,309.224,280.058,304.999,3099.12103985,0.09021271728368152
2020-07-26 00:00:00+00:00,305.0,320.0,300.604,311.15,3630.22616333,0.020167279236980917
2020-07-27 00:00:00+00:00,312.151,334.086,309.519,321.965,7630.6665637,0.03475815523059622
2020-07-28 00:00:00+00:00,325.065,327.452,305.419,317.357,4724.29231679,-0.014312114670849141
2020-07-29 00:00:00+00:00,318.364,325.209,313.682,318.288,2607.06442896,0.002933604741663043
2020-07-30 00:00:00+00:00,317.682,342.539,315.0,335.084,2319.95415933,0.05276981852913076
2020-07-31 00:00:00+00:00,336.0,349.51,329.0,346.62,1969.7408553,0.03442718840648906
2020-08-01 00:00:00+00:00,346.675,393.235,344.467,387.776,3580.01164804,0.11873521435577872
2020-08-02 00:00:00+00:00,387.749,416.018,328.0,370.236,10331.00624875,-0.04523229905925075
2020-08-03 00:00:00+00:00,371.908,398.255,367.013,386.201,3371.48454833,0.04312114435117076
2020-08-04 00:00:00+00:00,387.004,402.592,380.9,389.311,4257.90680702,0.008052801520451736
2020-08-05 00:00:00+00:00,389.764,404.22,384.796,401.112,3011.55070102,0.030312526489105318
2020-08-06 00:00:00+00:00,401.282,403.99,391.967,395.209,1830.7908866,-0.014716587885677868
2020-08-07 00:00:00+00:00,395.029,398.567,363.902,380.145,2542.74797617,-0.03811654086824956
2020-08-08 00:00:00+00:00,379.083,397.447,376.66,396.748,1478.40388601,0.04367543963487619
2020-08-09 00:00:00+00:00,397.561,400.57,385.0,390.704,1554.96035418,-0.015233851210340044
2020-08-10 00:00:00+00:00,391.036,399.844,385.0,396.087,2320.27699356,0.01377769359924641
2020-08-11 00:00:00+00:00,396.141,398.431,368.368,378.934,2511.67044386,-0.0433061423374157
2020-08-12 00:00:00+00:00,377.824,389.0,367.058,387.165,2100.40809621,0.021721460729309028
2020-08-13 00:00:00+00:00,387.082,430.518,377.37,424.506,5434.44884379,0.09644725117198072
2020-08-14 00:00:00+00:00,426.402,444.324,416.968,437.408,2935.52158189,0.030392974422034147
2020-08-15 00:00:00+00:00,440.457,442.62,429.057,433.313,2245.42539685,-0.00936196868827277
2020-08-16 00:00:00+00:00,432.92,437.0,413.098,434.033,2112.55282312,0.0016616164296940905
2020-08-17 00:00:00+00:00,434.956,447.0,421.175,430.885,4007.4171858,-0.007252904733050292
2020-08-18 00:00:00+00:00,431.647,434.228,414.503,423.494,3233.26857632,-0.01715306868421962
2020-08-19 00:00:00+00:00,424.273,426.547,394.358,407.48,3183.36403417,-0.03781399500347116
2020-08-20 00:00:00+00:00,408.922,419.14,403.338,416.753,1595.31854325,0.022756945126141126
2020-08-21 00:00:00+00:00,416.068,418.943,385.0,386.454,4146.24865539,-0.07270253603453358
2020-08-22 00:00:00+00:00,387.419,397.0,379.432,396.096,1532.28009112,0.024949929357698464
2020-08-23 00:00:00+00:00,396.879,397.178,383.98,390.961,1222.77047515,-0.012964028922281434
2020-08-24 00:00:00+00:00,390.309,409.942,388.363,408.228,1525.39318227,0.044165530577218615
2020-08-25 00:00:00+00:00,408.614,409.232,369.0,383.309,4287.38009097,-0.061041868759614704
2020-08-26 00:00:00+00:00,383.017,393.099,377.62,386.11,2479.56581562,0.007307420384076613
2020-08-27 00:00:00+00:00,386.199,395.939,371.68,383.167,3517.30709333,-0.007622180207712881
2020-08-28 00:00:00+00:00,383.75,397.869,379.792,395.514,2685.6136924,0.03222354743493061
2020-08-29 00:00:00+00:00,395.624,405.703,392.426,398.912,3188.07319545,0.008591352012823794
2020-08-30 00:00:00+00:00,398.819,429.555,398.819,428.941,3757.52270431,0.07527725413123698
2020-08-31 00:00:00+00:00,429.418,439.171,418.415,435.178,3463.00688101,0.01454046127556019
2020-09-01 00:00:00+00:00,434.1,490.0,429.744,475.825,9521.75009233,0.09340315916705344
2020-09-02 00:00:00+00:00,475.825,481.19,421.0,440.213,9149.25717026,-0.07484264172752586
2020-09-03 00:00:00+00:00,440.005,451.195,375.0,382.776,12953.59858863,-0.1304754743726333
2020-09-04 00:00:00+00:00,384.091,400.698,358.519,386.107,8317.40177138,0.008702217484899855
2020-09-05 00:00:00+00:00,385.888,394.88,309.44,334.964,12681.01712327,-0.13245810099273003
2020-09-06 00:00:00+00:00,334.817,360.453,316.59,352.645,7071.51903349,0.05278477687154437
2020-09-07 00:00:00+00:00,353.879,358.028,324.007,353.617,5050.06858315,0.002756313005997546
2020-09-08 00:00:00+00:00,353.646,355.97,325.661,337.076,5534.12748357,-0.046776597278976983
2020-09-09 00:00:00+00:00,337.459,359.572,330.803,351.301,4636.57926626,0.04220116531583362
2020-09-10 00:00:00+00:00,351.23,377.4,350.38,368.0,8089.27212151,0.04753473517012474
2020-09-11 00:00:00+00:00,368.531,375.25,356.406,374.204,4115.19474997,0.016858695652173905
2020-09-12 00:00:00+00:00,374.521,388.2,365.296,388.2,3373.50163903,0.037402058770082514
2020-09-13 00:00:00+00:00,388.047,390.77,354.0,366.29,4069.51689576,-0.05643997939206591
2020-09-14 00:00:00+00:00,366.543,384.464,356.254,377.168,6694.94604602,0.029697780447186517
2020-09-15 00:00:00+00:00,377.38,382.493,362.73,364.243,5704.0541047,-0.034268548763415785
2020-09-16 00:00:00+00:00,363.731,373.42,355.263,365.346,5897.07719339,0.0030281982083388836
2020-09-17 00:00:00+00:00,364.86,394.218,363.723,389.539,7317.2814746,0.06621941939969234
2020-09-18 00:00:00+00:00,389.488,392.675,375.512,384.293,4197.72130338,-0.013467200973458326
2020-09-19 00:00:00+00:00,383.945,388.5,377.27,384.898,2711.87953053,0.001574319594684237
2020-09-20 00:00:00+00:00,385.373,385.373,365.22,370.755,3487.40910089,-0.03674479992101809
2020-09-21 00:00:00+00:00,370.755,376.398,331.329,340.31,6523.00527111,-0.0821162223031382
2020-09-22 00:00:00+00:00,340.065,346.686,335.869,343.867,3337.19899402,0.010452234727160503
2020-09-23 00:00:00+00:00,344.004,344.62,319.458,320.763,4492.7350636,-0.06718876775032223
2020-09-24 00:00:00+00:00,320.438,352.92,317.164,349.221,5453.14792611,0.08871970894398684
2020-09-25 00:00:00+00:00,349.118,357.88,337.654,351.915,4902.16656071,0.0077143127131529265
2020-09-26 00:00:00+00:00,352.378,356.357,347.669,354.029,2540.39886054,0.006007132404131532
2020-09-27 00:00:00+00:00,354.621,361.955,347.449,357.704,3997.51946921,0.010380505551805141
2020-09-28 00:00:00+00:00,358.29,368.001,351.417,354.48,4788.35039616,-0.009013038713573174
2020-09-29 00:00:00+00:00,353.234,360.515,350.745,360.006,4302.52768557,0.015589031821259258
2020-09-30 00:00:00+00:00,359.87,361.285,351.449,359.85,2491.45564424,-0.0004333261112313691
2020-10-01 00:00:00+00:00,360.456,369.75,343.725,353.017,4937.44489923,-0.01898846741697935
2020-10-02 00:00:00+00:00,352.744,354.212,334.925,346.043,6063.31870594,-0.019755422543390244
2020-10-03 00:00:00+00:00,346.04,350.974,344.008,346.229,2718.01505844,0.0005375054545244673
2020-10-04 00:00:00+00:00,345.91,354.32,344.279,352.696,2887.28548224,0.018678389158620634
2020-10-05 00:00:00+00:00,352.675,355.845,348.885,353.483,1836.15951199,0.0022313834010025957
2020-10-06 00:00:00+00:00,354.418,355.062,337.126,340.743,4225.72495503,-0.03604133720716418
2020-10-07 00:00:00+00:00,340.581,342.694,333.291,341.949,3857.08128257,0.0035393243588277556
2020-10-08 00:00:00+00:00,341.974,353.064,334.279,350.913,2986.69853727,0.026214435485993448
2020-10-09 00:00:00+00:00,351.18,368.4,347.402,365.79,3634.87547802,0.04239512357763897
2020-10-10 00:00:00+00:00,365.182,378.568,365.171,370.99,5056.65815934,0.01421580688373103
2020-10-11 00:00:00+00:00,370.64,377.408,369.31,374.781,3445.53960071,0.010218604275047838
2020-10-12 00:00:00+00:00,374.309,395.0,364.279,386.648,6631.31292333,0.03166382500713749
2020-10-13 00:00:00+00:00,386.841,387.691,374.556,381.482,5134.52383558,-0.013360989840888848
2020-10-14 00:00:00+00:00,381.53,387.427,373.426,379.175,2962.84915162,-0.006047467508296656
2020-10-15 00:00:00+00:00,378.717,381.744,370.24,377.299,4054.31665387,-0.004947583569592018
2020-10-16 00:00:00+00:00,377.766,379.958,361.531,365.683,4534.85357728,-0.030787253610531695
2020-10-17 00:00:00+00:00,365.889,370.328,363.647,368.548,1084.270929,0.00783465460521815
2020-10-18 00:00:00+00:00,368.221,378.404,367.937,378.145,2495.92155304,0.026040027350575645
2020-10-19 00:00:00+00:00,378.584,384.393,372.796,379.448,3453.70967282,0.003445768157717355
2020-10-20 00:00:00+00:00,379.525,380.78,366.999,368.788,2512.0037603,-0.028093440998502972
2020-10-21 00:00:00+00:00,368.977,402.862,368.256,391.597,9074.62403799,0.06184854170959997
2020-10-22 00:00:00+00:00,391.937,421.165,391.937,414.97,7388.21328684,0.05968636123361537
2020-10-23 00:00:00+00:00,413.75,419.682,402.07,406.583,3973.35578552,-0.02021109959756129
2020-10-24 00:00:00+00:00,409.847,417.0,407.937,412.788,2909.62513678,0.015261336553668015
2020-10-25 00:00:00+00:00,412.249,417.634,403.859,406.25,3076.16465894,-0.015838638720117815
2020-10-26 00:00:00+00:00,406.537,411.403,384.101,393.425,6737.11082229,-0.031569230769230794
2020-10-27 00:00:00+00:00,393.446,410.421,390.548,403.901,5461.32103053,0.02662769269873544
2020-10-28 00:00:00+00:00,403.753,409.044,381.021,388.707,6852.61816632,-0.03761812919502561
2020-10-29 00:00:00+00:00,388.63,394.299,380.615,387.542,5238.48343873,-0.002997116079720752
2020-10-30 00:00:00+00:00,387.304,392.0,373.472,382.899,5489.74873572,-0.01198063693741569
2020-10-31 00:00:00+00:00,382.494,394.135,381.069,386.84,3249.3394924,0.010292531450852405
2020-11-01 00:00:00+00:00,386.396,398.0,385.252,396.814,2604.37065147,0.02578326956881405
2020-11-02 00:00:00+00:00,396.97,404.471,379.0,383.952,6945.12404607,-0.032413170906268496
2020-11-03 00:00:00+00:00,383.59,390.4,370.838,388.511,5425.23862053,0.011873880068342002
2020-11-04 00:00:00+00:00,388.87,409.0,377.423,403.154,7805.29359869,0.037690052533905005
2020-11-05 00:00:00+00:00,403.179,421.2,397.207,417.466,7708.26101443,0.03550008185457676
2020-11-06 00:00:00+00:00,418.258,458.608,415.83,456.198,11934.00214181,0.09277881312490122
2020-11-07 00:00:00+00:00,456.207,468.455,425.0,435.894,11017.83568192,-0.04450699038575345
2020-11-08 00:00:00+00:00,435.423,460.279,432.94,454.561,5043.48019528,0.04282463167650841
2020-11-09 00:00:00+00:00,454.55,459.0,369.9,445.077,10912.96490413,-0.020864086448243446
2020-11-10 00:00:00+00:00,444.873,455.035,439.237,451.241,4629.34022271,0.013849288999431497
2020-11-11 00:00:00+00:00,452.163,476.818,450.554,464.359,4927.49362017,0.02907093991902321
2020-11-12 00:00:00+00:00,463.653,470.5,452.6,463.269,4799.92655653,-0.0023473217919754985
2020-11-13 00:00:00+00:00,463.43,478.35,458.285,477.5,4199.41788954,0.03071865374113103
2020-11-14 00:00:00+00:00,477.539,478.319,453.144,462.389,3072.57940952,-0.03164607329842928
2020-11-15 00:00:00+00:00,461.0,463.738,440.528,449.451,2816.51368193,-0.0279807694387193
2020-11-16 00:00:00+00:00,448.364,466.032,446.198,461.74,2710.63609929,0.02734224642953298
2020-11-17 00:00:00+00:00,461.219,484.88,460.47,482.649,7712.26196225,0.04528305973058422
2020-11-18 00:00:00+00:00,482.66,495.0,459.045,478.925,13979.18293538,-0.007715752026835165
2020-11-19 00:00:00+00:00,479.398,481.093,465.395,472.055,5212.37400008,-0.014344625985279524
2020-11-20 00:00:00+00:00,471.864,514.786,471.446,510.334,11299.38088835,0.08109012720975306
2020-11-21 00:00:00+00:00,510.934,553.17,502.901,552.945,12334.78189263,0.08349629850254936
2020-11-22 00:00:00+00:00,552.588,582.834,512.001,561.457,16205.64980533,0.015393936105760897
2020-11-23 00:00:00+00:00,562.006,611.495,550.012,609.905,15249.88992846,0.08628977820207062
2020-11-24 00:00:00+00:00,609.419,623.432,585.0,605.227,13949.06599788,-0.007670046974528777
2020-11-25 00:00:00+00:00,605.344,606.782,603.66,603.66,72.41250797,-0.0025891111929904342
2020-11-26 00:00:00+00:00,569.267,574.909,563.155,574.203,371.45074653,-0.04879733624888183
2020-11-27 00:00:00+00:00,521.397,522.122,515.706,516.805,364.80696265,-0.09996116356062235
2020-11-28 00:00:00+00:00,518.591,520.65,514.13,515.892,89.13517103,-0.0017666237749245361
2020-11-29 00:00:00+00:00,537.869,538.871,535.174,537.882,54.68375129,0.04262520062338604
2020-11-30 00:00:00+00:00,576.334,585.699,576.334,585.552,156.02969165,0.08862538623713023
2020-12-01 00:00:00+00:00,616.23,617.0,611.243,612.662,284.5031875,0.04629819384102518
2020-12-02 00:00:00+00:00,586.0,586.0,576.07,577.11,284.30005936,-0.05802873362473926
2020-12-03 00:00:00+00:00,597.692,599.969,596.89,598.793,62.18809548,0.037571693437992826
2020-12-04 00:00:00+00:00,615.671,615.974,613.92,615.437,111.93634301,0.02779591611792398
2020-12-05 00:00:00+00:00,567.861,569.256,562.001,568.301,202.29976552,-0.07658948032048762
2020-12-06 00:00:00+00:00,597.518,603.902,597.518,602.979,101.57863168,0.06102048034404306
2020-12-07 00:00:00+00:00,602.767,602.898,598.702,599.379,156.3976158,-0.005970357176618091
2020-12-08 00:00:00+00:00,590.959,590.959,588.905,589.732,52.73401239,-0.01609499164969086
2020-12-09 00:00:00+00:00,554.576,554.945,550.963,551.28,124.53010072,-0.06520249876214956
2020-12-10 00:00:00+00:00,573.622,575.718,570.7,571.682,135.28471402,0.03700841677550426
2020-12-11 00:00:00+00:00,559.759,560.505,557.584,557.665,23.59944535,-0.024518875878547952
2020-12-12 00:00:00+00:00,543.669,553.509,543.412,553.509,163.44401107,-0.007452502846691078
2020-12-13 00:00:00+00:00,569.244,569.507,569.01,569.01,12.42447194,0.028004964688921108
2020-12-14 00:00:00+00:00,590.539,590.539,586.673,586.829,19.57163848,0.03131579409852203
2020-12-15 00:00:00+00:00,586.916,587.928,586.082,587.357,40.64538383,0.0008997510347990012
2020-12-16 00:00:00+00:00,589.18,589.712,585.462,586.046,106.10710178,-0.002232032647946469
2020-12-17 00:00:00+00:00,637.774,676.18,626.746,644.689,19272.14558425,0.10006552386672696
2020-12-18 00:00:00+00:00,643.143,643.193,637.823,637.823,12.28055081,-0.010650096403071796
2020-12-19 00:00:00+00:00,655.145,671.0,646.814,658.325,6200.68262905,0.032143713851648714
2020-12-20 00:00:00+00:00,659.18,661.38,623.0,638.734,4255.53661215,-0.02975885770705955
2020-12-21 00:00:00+00:00,619.999,620.4,602.689,608.911,2216.84343327,-0.04669079773426821
2020-12-22 00:00:00+00:00,608.114,637.365,588.014,637.187,6478.01934794,0.046436999824276626
2020-12-23 00:00:00+00:00,636.581,637.963,552.5,585.502,9134.17655643,-0.08111433535210233
2020-12-24 00:00:00+00:00,585.505,614.831,565.666,612.043,6906.21165704,0.04533033192030089
2020-12-25 00:00:00+00:00,612.312,632.597,604.309,626.256,7801.83475443,0.023222224582259754
2020-12-26 00:00:00+00:00,627.189,651.643,615.221,636.301,8076.95993344,0.01603976648527139
2020-12-27 00:00:00+00:00,636.307,714.05,624.52,683.5,17430.76716696,0.07417715829458071
2020-12-28 00:00:00+00:00,683.6,747.23,681.068,729.352,11070.69027567,0.06708412582296996
2020-12-29 00:00:00+00:00,729.177,739.134,688.478,731.686,8897.45768704,0.0032001009114941414
2020-12-30 00:00:00+00:00,731.308,755.95,718.77,752.134,8639.27520399,0.027946414172199452
2020-12-31 00:00:00+00:00,752.554,755.0,750.231,752.703,185.41404413,0.0007565141317902313
2021-01-01 00:00:00+00:00,738.426,739.942,731.475,733.287,100.31548198,-0.02579503469495925
2021-01-02 00:00:00+00:00,729.985,730.86,719.537,720.659,245.02181508,-0.01722108805965472
2021-01-03 00:00:00+00:00,760.154,765.552,760.153,764.698,21.9155091,0.061109345751596766
2021-01-04 00:00:00+00:00,975.151,990.0,965.518,969.984,114.31651827,0.2684536902149608
2021-01-05 00:00:00+00:00,1042.307,1132.868,971.891,1103.963,13956.16331134,0.1381249587622062
2021-01-06 00:00:00+00:00,1104.0,1110.839,1080.77,1086.94,122.16893359,-0.015419900848126167
2021-01-07 00:00:00+00:00,1210.0,1218.334,1194.053,1209.997,499.62189544,0.11321416085524505
2021-01-08 00:00:00+00:00,1223.743,1229.475,1213.655,1215.0,65.00400325,0.004134720995175867
2021-01-09 00:00:00+00:00,1217.899,1238.775,1217.899,1231.411,99.49018587,0.013506995884773776
2021-01-10 00:00:00+00:00,1281.865,1296.524,1279.789,1287.551,160.50252802,0.04558997767601536
2021-01-11 00:00:00+00:00,1255.225,1259.168,1216.011,1238.551,505.14849344,-0.03805674493670541
2021-01-12 00:00:00+00:00,1089.399,1100.0,1025.0,1050.375,681.57882529,-0.15193237904615953
2021-01-13 00:00:00+00:00,1048.776,1052.955,1022.322,1043.495,194.37464924,-0.006550041651791183
2021-01-14 00:00:00+00:00,1131.121,1148.0,1130.833,1130.833,503.83615342,0.08369757401808364
2021-01-15 00:00:00+00:00,1234.0,1252.0,1225.0,1244.362,189.82833651,0.10039413423555898
2021-01-16 00:00:00+00:00,1172.389,1198.478,1169.8,1187.671,483.88419518,-0.04555828609359658
2021-01-17 00:00:00+00:00,1227.022,1227.022,1201.163,1222.846,726.5252735,0.02961678781413357
2021-01-18 00:00:00+00:00,1234.635,1241.571,1226.122,1238.475,58.20824489,0.012780840759997414
2021-01-19 00:00:00+00:00,1259.0,1273.73,1253.816,1258.009,375.14248847,0.01577262358949527
2021-01-20 00:00:00+00:00,1367.0,1405.34,1357.241,1397.503,382.31451909,0.1108847392983674
2021-01-21 00:00:00+00:00,1379.493,1389.87,1363.545,1369.407,220.30849039,-0.020104429113926736
2021-01-22 00:00:00+00:00,1111.962,1123.009,1043.0,1083.95,1267.04467383,-0.20845300191980898
2021-01-23 00:00:00+00:00,1232.899,1232.899,1206.91,1220.0,234.52305174,0.12551316942663404
2021-01-24 00:00:00+00:00,1233.944,1242.705,1221.0,1236.459,271.18687654,0.013490983606557316
2021-01-25 00:00:00+00:00,1393.189,1427.341,1385.012,1427.341,442.38501513,0.1543779454070049
2021-01-26 00:00:00+00:00,1318.002,1356.007,1307.356,1351.0,120.76821743,-0.053484766429325536
2021-01-27 00:00:00+00:00,1365.977,1374.659,1345.556,1351.13,284.45916981,9.622501850481413e-05
2021-01-28 00:00:00+00:00,1240.553,1251.364,1231.869,1233.436,134.33414735,-0.08710782826226948
2021-01-29 00:00:00+00:00,1332.025,1345.356,1331.576,1343.739,385.04460011,0.08942742063633635
2021-01-30 00:00:00+00:00,1380.7,1406.51,1380.7,1395.525,321.58839609,0.03853873408452091
2021-01-31 00:00:00+00:00,1379.471,1382.055,1372.33,1378.854,227.5333771,-0.011946041812221253
2021-02-01 00:00:00+00:00,1314.966,1314.966,1271.847,1279.973,379.55974298,-0.07171245106443469
2021-02-02 00:00:00+00:00,1375.0,1410.706,1375.0,1383.463,736.95042314,0.0808532679986218
2021-02-03 00:00:00+00:00,1516.199,1534.601,1512.977,1531.057,339.42611502,0.10668445777010294
2021-02-04 00:00:00+00:00,1666.834,1680.0,1662.575,1677.796,339.09391934,0.09584163097781473
2021-02-05 00:00:00+00:00,1598.638,1620.782,1592.81,1614.07,238.98406491,-0.037981971586533825
2021-02-06 00:00:00+00:00,1724.605,1745.379,1646.723,1679.778,8327.13434593,0.04070951073993068
2021-02-07 00:00:00+00:00,1681.361,1694.37,1493.741,1616.175,11496.16835002,-0.037863932019588376
2021-02-08 00:00:00+00:00,1615.48,1777.444,1563.0,1749.992,10257.79224048,0.08279858307423393
2021-02-09 00:00:00+00:00,1749.992,1822.973,1709.258,1770.923,10774.58276817,0.011960626105719463
2021-02-10 00:00:00+00:00,1772.405,1837.211,1680.0,1743.243,8546.31022637,-0.015630267380343454
2021-02-11 00:00:00+00:00,1744.753,1816.998,1705.696,1787.038,8264.14785213,0.02512271668378996
2021-02-12 00:00:00+00:00,1785.839,1867.157,1741.695,1846.618,9976.04222128,0.03334008566130087
2021-02-13 00:00:00+00:00,1846.615,1875.053,1766.493,1818.31,7236.66017956,-0.015329645871533848
2021-02-14 00:00:00+00:00,1818.304,1852.364,1787.048,1803.386,6037.22652118,-0.008207621362693929
2021-02-15 00:00:00+00:00,1803.896,1836.17,1660.0,1776.296,7938.32100214,-0.015021742433400265
2021-02-16 00:00:00+00:00,1779.524,1825.698,1725.845,1781.798,5492.79071235,0.003097456730184689
2021-02-17 00:00:00+00:00,1783.814,1855.973,1735.051,1849.342,6978.2639367,0.037907776302364304
2021-02-18 00:00:00+00:00,1852.226,1950.0,1851.271,1939.0,7264.91785742,0.04848102730592818
2021-02-19 00:00:00+00:00,1937.874,1973.808,1892.0,1956.666,8519.72525029,0.009110881897885559
2021-02-20 00:00:00+00:00,1957.786,2038.0,1809.0,1916.241,12667.73902006,-0.02066014332543209
2021-02-21 00:00:00+00:00,1914.971,1975.348,1886.827,1935.739,4793.80121734,0.010175129328722221
2021-02-22 00:00:00+00:00,1935.297,1937.308,1548.549,1779.308,14904.31514191,-0.08081203096078549
2021-02-23 00:00:00+00:00,1778.531,1781.216,1374.579,1578.324,15760.92345444,-0.1129562728881115
2021-02-24 00:00:00+00:00,1576.445,1715.998,1501.557,1627.575,7681.00714818,0.0312046195838116
2021-02-25 00:00:00+00:00,1624.996,1672.549,1459.166,1480.378,7889.0718983,-0.09043945747507798
2021-02-26 00:00:00+00:00,1482.029,1563.575,1401.396,1446.938,12962.74659842,-0.022588825286514513
2021-02-27 00:00:00+00:00,1444.41,1527.414,1428.701,1461.036,7129.4894809,0.009743333853972969
2021-02-28 00:00:00+00:00,1460.413,1469.733,1294.19,1419.473,11419.14212844,-0.02844762209829199
2021-03-01 00:00:00+00:00,1423.624,1573.53,1413.287,1571.841,9002.27517975,0.10734124565948067
2021-03-02 00:00:00+00:00,1572.817,1604.79,1456.0,1488.964,8132.6615111,-0.05272607089393899
2021-03-03 00:00:00+00:00,1487.759,1654.702,1477.472,1569.002,8567.74616444,0.053754153894922885
2021-03-04 00:00:00+00:00,1569.002,1625.0,1506.67,1539.052,7199.72005358,-0.01908856712738416
2021-03-05 00:00:00+00:00,1541.597,1549.67,1443.939,1529.836,8516.41200564,-0.0059881017665419645
2021-03-06 00:00:00+00:00,1530.137,1671.895,1513.002,1653.817,6468.95070336,0.08104202019039941
2021-03-07 00:00:00+00:00,1654.131,1733.965,1632.252,1728.144,5300.5021538,0.0449426992224653
2021-03-08 00:00:00+00:00,1726.924,1842.585,1660.673,1833.796,6852.91243434,0.06113610902795141
2021-03-09 00:00:00+00:00,1833.798,1870.0,1798.054,1870.0,6215.047269,0.019742654035672436
2021-03-10 00:00:00+00:00,1870.0,1877.424,1758.792,1795.609,4894.68392725,-0.0397812834224599
2021-03-11 00:00:00+00:00,1794.858,1846.613,1726.371,1826.235,4558.91253308,0.017056051735093725
2021-03-12 00:00:00+00:00,1832.063,1842.94,1722.186,1768.27,5481.80556144,-0.03174016487472853
2021-03-13 00:00:00+00:00,1766.427,1944.09,1728.465,1921.637,6683.61971589,0.08673279533102973
2021-03-14 00:00:00+00:00,1922.169,1931.989,1840.0,1848.267,3793.32094469,-0.038180988396872007
2021-03-15 00:00:00+00:00,1849.348,1889.471,1739.0,1792.216,6544.24974188,-0.030326246153829617
2021-03-16 00:00:00+00:00,1794.122,1819.92,1708.889,1805.744,6791.85936838,0.00754819731550227
2021-03-17 00:00:00+00:00,1805.593,1840.189,1743.972,1822.11,6530.8703922,0.009063300224173565
2021-03-18 00:00:00+00:00,1823.968,1849.077,1760.643,1775.586,5036.62152685,-0.025533035875989873
2021-03-19 00:00:00+00:00,1775.284,1840.0,1733.966,1809.938,3571.27525307,0.019346852250468283
2021-03-20 00:00:00+00:00,1809.721,1867.897,1801.491,1804.248,3467.09540232,-0.0031437540954442067
