time,LTC open,LTC high,LTC low,LTC close,LTC volume,LTC quoteVolume
2019-03-20 00:00:00+00:00,59.145,60.5,56.664,60.136,2259.82618461,133028.28257269965
2019-03-21 00:00:00+00:00,60.335,60.474,57.312,58.522,1219.72249639,71766.97340866842
2019-03-22 00:00:00+00:00,58.3,59.36,57.874,59.241,1818.50218208,106814.5037189563
2019-03-23 00:00:00+00:00,58.98,61.214,58.98,60.68,1125.86295262,68020.18424062125
2019-03-24 00:00:00+00:00,60.301,60.414,58.753,59.527,577.93124248,34243.34756145363
2019-03-25 00:00:00+00:00,59.119,60.089,57.95,58.75,1734.85971574,101472.1428621631
2019-03-26 00:00:00+00:00,58.827,58.827,57.29,58.3,1391.94275962,80597.36188016112
2019-03-27 00:00:00+00:00,58.306,61.4,58.306,61.4,1976.72792971,119678.01243405796
2019-03-28 00:00:00+00:00,60.932,61.09,60.03,60.201,2708.80814834,163363.31197339325
2019-03-29 00:00:00+00:00,60.25,61.4,59.811,61.137,1970.73097762,119291.91333971669
2019-03-30 00:00:00+00:00,61.14,61.257,59.887,60.347,525.07350304,31774.19417796351
2019-03-31 00:00:00+00:00,60.041,60.488,59.693,60.42,5814.85346346,348325.3907893532
2019-04-01 00:00:00+00:00,60.16,60.727,60.017,60.362,436.72183512,26358.33010815139
2019-04-02 00:00:00+00:00,60.322,78.549,60.112,77.4,18452.8208498,1275489.0532797324
2019-04-03 00:00:00+00:00,77.63,99.5,76.57,85.201,29031.95416938,2525717.4401290743
2019-04-04 00:00:00+00:00,85.039,89.8,80.003,84.731,4917.13050171,419710.1930448711
2019-04-05 00:00:00+00:00,85.567,90.363,84.55,88.622,2073.38874141,181401.83656481007
2019-04-06 00:00:00+00:00,88.425,97.7,86.0,92.605,3813.54239633,354020.97675340215
2019-04-07 00:00:00+00:00,92.089,95.601,89.015,90.908,2244.68788445,208536.66170962466
2019-04-08 00:00:00+00:00,92.385,94.0,86.649,89.207,3416.86504235,303858.4893598495
2019-04-09 00:00:00+00:00,89.011,89.725,84.333,86.84,1490.10514274,129293.96839225663
2019-04-10 00:00:00+00:00,87.5,91.661,86.78,88.206,5089.32266864,453822.88470104337
2019-04-11 00:00:00+00:00,88.285,88.285,75.599,79.5,8779.50091509,700267.3999837483
2019-04-12 00:00:00+00:00,79.307,80.827,75.47,79.169,2597.15730436,203274.04479918702
2019-04-13 00:00:00+00:00,78.539,81.209,76.51,78.029,2573.29608255,202666.37416388912
2019-04-14 00:00:00+00:00,77.794,83.68,76.658,83.5,1357.07565625,108050.94331203453
2019-04-15 00:00:00+00:00,83.77,84.42,75.239,78.478,4035.65843973,319669.6938414431
2019-04-16 00:00:00+00:00,77.97,81.81,77.301,81.0,3189.82010939,254185.0741199062
2019-04-17 00:00:00+00:00,80.94,81.863,78.73,79.327,1891.85959738,151268.9175082962
2019-04-18 00:00:00+00:00,79.324,83.752,79.324,82.21,2000.43028887,163520.5436316613
2019-04-19 00:00:00+00:00,82.205,83.599,80.329,82.61,1447.08122269,118400.41221979767
2019-04-20 00:00:00+00:00,82.7,83.0,79.999,81.045,1588.21208694,129828.0124497846
2019-04-21 00:00:00+00:00,81.823,81.823,73.486,77.499,5003.73689758,379986.0418558556
2019-04-22 00:00:00+00:00,76.948,78.214,75.6,76.976,3571.08998084,276192.7363932533
2019-04-23 00:00:00+00:00,76.807,79.611,74.0,74.26,4566.92919377,352864.60583361547
2019-04-24 00:00:00+00:00,74.358,75.0,70.592,73.162,6389.14367576,459471.3147617697
2019-04-25 00:00:00+00:00,73.313,74.634,66.1,70.558,5992.87490564,424624.5087923921
2019-04-26 00:00:00+00:00,70.489,72.886,68.982,71.285,2568.66432244,182205.02756882133
2019-04-27 00:00:00+00:00,71.666,71.79,70.173,70.434,1031.32069836,73334.58446231457
2019-04-28 00:00:00+00:00,70.48,70.7,67.081,67.456,890.81823542,60869.59490269174
2019-04-29 00:00:00+00:00,67.899,68.478,65.39,66.604,2373.84858045,157214.34576278832
2019-04-30 00:00:00+00:00,66.764,73.824,66.764,73.395,2140.42871044,150709.56162498513
2019-05-01 00:00:00+00:00,73.332,74.522,71.25,72.253,1543.64569214,112319.36115400185
2019-05-02 00:00:00+00:00,72.674,73.466,71.595,72.42,1355.01104371,97738.55692439774
2019-05-03 00:00:00+00:00,72.072,79.642,71.984,77.905,2806.6707107,217249.7897717132
2019-05-04 00:00:00+00:00,78.133,81.321,73.893,77.232,1999.30528983,154325.35801313087
2019-05-05 00:00:00+00:00,77.255,77.375,74.573,75.075,1594.47255842,120147.57788589958
2019-05-06 00:00:00+00:00,75.128,76.003,71.062,74.285,7292.04188514,527157.8097459646
2019-05-07 00:00:00+00:00,74.268,77.8,72.947,73.057,2135.8329462,160821.4771893354
2019-05-08 00:00:00+00:00,72.781,74.774,71.298,73.823,2346.6916705,171610.04145175984
2019-05-09 00:00:00+00:00,73.942,75.5,72.295,73.927,1911.7330073,141219.3129773275
2019-05-10 00:00:00+00:00,73.76,79.0,72.481,76.648,4512.0144657,344437.74948607123
2019-05-11 00:00:00+00:00,77.53,95.873,77.06,88.72,19939.41944836,1749421.2054647815
2019-05-12 00:00:00+00:00,88.0,94.0,83.547,84.663,13954.36346598,1226829.140137918
2019-05-13 00:00:00+00:00,84.573,93.304,84.514,87.564,14772.079208,1320525.3926253845
2019-05-14 00:00:00+00:00,87.744,94.431,86.41,91.91,9542.20785337,857793.3862708665
2019-05-15 00:00:00+00:00,91.896,104.41,90.813,102.75,18608.68644424,1817750.4633888581
2019-05-16 00:00:00+00:00,102.213,107.449,90.42,95.491,23137.37229428,2307154.094673028
2019-05-17 00:00:00+00:00,95.618,97.31,82.03,89.984,16921.23158277,1479067.4115278218
2019-05-18 00:00:00+00:00,90.0,90.5,85.454,86.725,4156.57990489,365927.83576162136
2019-05-19 00:00:00+00:00,86.541,97.12,86.401,94.941,8629.90344072,812214.4376628225
2019-05-20 00:00:00+00:00,94.802,94.869,87.738,91.869,9500.56076701,868357.6646015747
2019-05-21 00:00:00+00:00,91.83,93.518,89.514,92.0,4568.38233926,418216.6600407277
2019-05-22 00:00:00+00:00,91.273,92.194,85.895,87.79,16456.32482082,1466919.333432993
2019-05-23 00:00:00+00:00,87.879,90.0,85.0,88.903,1946.44442539,170222.5729270836
2019-05-24 00:00:00+00:00,89.0,104.204,88.679,100.723,8586.77905964,831233.8797116968
2019-05-25 00:00:00+00:00,101.0,105.0,98.994,102.98,5484.04054333,562505.8448536741
2019-05-26 00:00:00+00:00,102.806,114.628,99.001,113.0,9558.45820777,1026366.4972965341
2019-05-27 00:00:00+00:00,112.955,121.7,111.0,116.859,9010.77220001,1031726.2462519521
2019-05-28 00:00:00+00:00,116.358,117.891,111.631,114.4,4108.47840192,469809.26068887603
2019-05-29 00:00:00+00:00,114.606,118.569,108.752,114.9,8008.11214388,926497.6467737362
2019-05-30 00:00:00+00:00,114.69,120.45,102.0,108.046,13243.51565736,1497952.008740477
2019-05-31 00:00:00+00:00,108.307,114.23,104.424,114.15,2786.6072543,303501.04749939084
2019-06-01 00:00:00+00:00,115.0,116.0,111.111,111.576,1774.98456706,201779.8189463027
2019-06-02 00:00:00+00:00,113.258,116.7,111.798,114.973,1617.57620019,185087.9102982129
2019-06-03 00:00:00+00:00,114.645,116.2,104.646,106.36,6076.82072364,668109.1326481513
2019-06-04 00:00:00+00:00,105.992,106.0,97.778,101.881,7144.06385827,727661.8350263892
2019-06-05 00:00:00+00:00,102.0,105.066,100.373,104.0,2738.42891443,281193.8348864294
2019-06-06 00:00:00+00:00,103.717,112.078,101.286,111.628,5326.27149411,567967.7381205907
2019-06-07 00:00:00+00:00,111.959,121.387,109.833,117.346,10791.43338937,1258108.012977425
2019-06-08 00:00:00+00:00,117.089,120.345,114.161,118.634,3338.16749234,391456.2688038223
2019-06-09 00:00:00+00:00,118.433,119.2,111.829,115.15,3771.21268084,431217.38354316464
2019-06-10 00:00:00+00:00,114.689,130.408,112.821,129.58,16623.14405461,2064016.366772251
2019-06-11 00:00:00+00:00,129.8,139.0,125.7,136.198,12276.63162051,1611458.7730261702
2019-06-12 00:00:00+00:00,136.2,144.06,130.742,136.0,12223.71597586,1683135.3182309174
2019-06-13 00:00:00+00:00,136.0,136.95,128.129,131.0,11804.33335241,1554453.288522324
2019-06-14 00:00:00+00:00,131.427,133.099,125.825,132.539,7167.23111426,925645.6565857213
2019-06-15 00:00:00+00:00,132.8,139.889,132.8,138.271,3399.96206385,464971.92026338953
2019-06-16 00:00:00+00:00,138.271,138.873,134.0,136.95,4143.23327931,564749.7698413968
2019-06-17 00:00:00+00:00,136.77,137.237,132.202,133.782,5653.79345366,760247.3510108421
2019-06-18 00:00:00+00:00,134.169,136.6,129.0,135.171,6000.14584733,798748.4054278951
2019-06-19 00:00:00+00:00,135.4,139.499,133.97,136.899,5094.98342561,698739.9742471693
2019-06-20 00:00:00+00:00,137.079,137.089,133.685,135.162,1809.26905539,244903.7903179691
2019-06-21 00:00:00+00:00,136.489,141.499,135.6,139.06,4772.35640069,659042.822069989
2019-06-22 00:00:00+00:00,138.789,145.945,137.129,141.229,13369.02110536,1893446.3710267313
2019-06-23 00:00:00+00:00,141.23,142.205,135.012,136.463,5371.92713805,746758.8841427304
2019-06-24 00:00:00+00:00,136.462,136.462,131.571,135.6,4215.32633774,566303.5059267377
2019-06-25 00:00:00+00:00,135.728,138.01,128.77,135.77,4139.29893362,554366.7375443968
2019-06-26 00:00:00+00:00,135.6,137.72,123.0,130.267,11571.09934408,1531358.193965744
2019-06-27 00:00:00+00:00,129.116,130.798,109.775,114.071,9900.96985513,1160456.2732939315
2019-06-28 00:00:00+00:00,113.708,121.64,112.431,119.449,4678.85755337,549316.9570918595
2019-06-29 00:00:00+00:00,119.172,135.6,115.18,133.32,7162.1507533,909044.8604996484
2019-06-30 00:00:00+00:00,133.1,136.156,119.87,121.689,6920.18023916,888931.0840815922
2019-07-01 00:00:00+00:00,122.101,126.184,113.158,122.746,5447.58079054,650100.603571144
2019-07-02 00:00:00+00:00,122.9,123.429,112.001,117.95,6922.19946825,807046.2839287
2019-07-03 00:00:00+00:00,118.754,123.052,117.215,122.0,5338.49995356,645161.5476050986
2019-07-04 00:00:00+00:00,122.057,127.1,118.825,119.393,4606.29919174,564910.1200713163
2019-07-05 00:00:00+00:00,119.523,120.747,116.743,118.865,3057.30277202,363215.47765196254
2019-07-06 00:00:00+00:00,118.64,121.909,117.278,118.297,1481.36110329,176845.23663014537
2019-07-07 00:00:00+00:00,118.238,121.0,117.369,119.195,1373.98009167,163775.92252556756
2019-07-08 00:00:00+00:00,120.448,125.545,118.504,123.421,3130.82522724,379475.80557092675
2019-07-09 00:00:00+00:00,123.405,124.238,118.0,119.319,5053.33484653,611640.8559766357
2019-07-10 00:00:00+00:00,119.611,120.412,102.058,107.845,9678.69781685,1056229.5537723978
2019-07-11 00:00:00+00:00,107.319,107.742,95.278,103.175,6384.04520535,649233.4576164602
2019-07-12 00:00:00+00:00,102.804,106.915,100.93,104.818,2817.97246191,294058.3026110712
2019-07-13 00:00:00+00:00,105.197,105.197,97.678,100.917,2654.47549339,270427.22338913113
2019-07-14 00:00:00+00:00,101.325,101.669,88.017,89.831,7183.41439878,663474.8329042391
2019-07-15 00:00:00+00:00,89.831,92.69,84.974,90.593,7042.74795644,623353.0402524215
2019-07-16 00:00:00+00:00,90.631,92.006,76.62,79.809,10357.87422208,857398.4631090551
2019-07-17 00:00:00+00:00,80.147,94.904,77.159,90.15,11663.75534686,1023799.7789173902
2019-07-18 00:00:00+00:00,90.142,104.521,87.255,101.1,11684.36010079,1130912.2702870371
2019-07-19 00:00:00+00:00,100.595,101.357,94.951,98.263,8327.02146134,816075.4047164319
2019-07-20 00:00:00+00:00,98.899,105.878,97.656,100.65,6535.36127029,659401.7239067412
2019-07-21 00:00:00+00:00,100.25,101.48,96.679,99.963,3841.49360303,381637.9873956765
2019-07-22 00:00:00+00:00,100.742,100.746,91.0,94.926,6686.51789939,632492.8628167525
2019-07-23 00:00:00+00:00,94.983,94.985,88.683,89.903,8358.18584478,761515.7843233692
2019-07-24 00:00:00+00:00,89.984,97.085,86.459,94.847,5868.13833639,536551.5720660447
2019-07-25 00:00:00+00:00,94.291,96.484,91.53,93.49,3866.65029113,365404.5773587104
2019-07-26 00:00:00+00:00,92.852,94.59,90.249,94.453,3412.46547192,316100.6131850329
2019-07-27 00:00:00+00:00,94.396,96.534,86.5,88.746,3015.14672978,273494.8671654183
2019-07-28 00:00:00+00:00,88.377,90.65,83.399,89.82,3460.0421401,300432.22981968016
2019-07-29 00:00:00+00:00,89.839,92.176,87.534,90.467,2467.35349278,221770.7315121897
2019-07-30 00:00:00+00:00,90.501,92.521,88.718,90.384,1550.59628404,140587.79662211923
2019-07-31 00:00:00+00:00,90.121,99.79,90.12,98.913,4132.88516127,394437.9984685936
2019-08-01 00:00:00+00:00,99.124,100.6,95.907,99.45,2724.81341625,267678.35312022705
2019-08-02 00:00:00+00:00,98.151,98.831,92.703,94.603,3154.9456268,301757.8829276439
2019-08-03 00:00:00+00:00,94.51,96.37,93.8,94.008,925.2297802,88218.67486223904
2019-08-04 00:00:00+00:00,94.349,94.843,90.717,93.44,1632.94912413,150962.36834799158
2019-08-05 00:00:00+00:00,93.627,106.792,93.597,96.169,13256.82629694,1309065.5706423558
2019-08-06 00:00:00+00:00,96.182,99.101,91.129,93.04,5886.84423124,558375.8952344296
2019-08-07 00:00:00+00:00,93.038,94.345,87.231,90.594,5778.91205537,525276.417283314
2019-08-08 00:00:00+00:00,90.422,92.749,87.71,90.35,2814.73298783,253149.03261505047
2019-08-09 00:00:00+00:00,90.167,90.167,82.492,84.325,2995.30325884,255991.6944874587
2019-08-10 00:00:00+00:00,84.514,87.224,81.661,85.507,2487.56315162,209946.37778015807
2019-08-11 00:00:00+00:00,85.68,91.04,85.491,89.998,1375.70562851,121913.09138106563
2019-08-12 00:00:00+00:00,89.296,89.665,85.251,85.815,1217.60557451,106401.20910078062
2019-08-13 00:00:00+00:00,85.402,86.375,83.072,84.216,1713.13639685,144985.34336422893
2019-08-14 00:00:00+00:00,84.322,85.794,74.82,75.682,6076.44425572,487499.02857832325
2019-08-15 00:00:00+00:00,76.055,77.413,71.009,76.791,3616.50465482,271340.52213656774
2019-08-16 00:00:00+00:00,76.314,76.314,72.285,74.806,2120.82835028,158107.63134145158
2019-08-17 00:00:00+00:00,74.784,75.18,71.741,72.857,744.1473145,54646.7225594824
2019-08-18 00:00:00+00:00,72.886,77.9,71.528,76.417,1413.27247701,105771.30612636259
2019-08-19 00:00:00+00:00,76.714,78.829,75.817,77.34,2007.67632803,155560.88621205423
2019-08-20 00:00:00+00:00,77.223,77.239,73.467,74.977,1532.60183859,115661.05937120187
2019-08-21 00:00:00+00:00,75.102,75.346,70.0,73.01,2625.82648947,190920.7383036486
2019-08-22 00:00:00+00:00,73.67,74.566,71.01,73.381,1517.12108906,111020.43289994235
2019-08-23 00:00:00+00:00,73.29,75.903,72.652,75.703,1167.94111685,86610.53875505083
2019-08-24 00:00:00+00:00,75.246,75.301,71.509,73.692,981.13234121,71784.57039745146
2019-08-25 00:00:00+00:00,73.626,74.808,70.893,72.379,329.81568217,23960.5634186767
2019-08-26 00:00:00+00:00,73.016,75.427,72.826,73.601,1816.44104667,134655.06558150536
2019-08-27 00:00:00+00:00,73.065,73.5,72.001,72.653,1840.60111579,133529.442307724
2019-08-28 00:00:00+00:00,72.323,72.96,64.486,66.869,12463.11323639,845152.843339525
2019-08-29 00:00:00+00:00,66.52,66.601,62.27,63.641,2787.63119981,180107.22550530222
2019-08-30 00:00:00+00:00,63.506,65.368,62.181,64.28,1725.64126393,109751.29038537241
2019-08-31 00:00:00+00:00,64.343,65.223,62.26,64.549,1817.28782508,116321.93827156862
2019-09-01 00:00:00+00:00,64.872,67.225,64.302,66.2,2718.71997946,179567.9616222525
2019-09-02 00:00:00+00:00,66.068,68.095,65.094,67.141,3023.21817011,202378.99948810044
2019-09-03 00:00:00+00:00,67.342,70.827,66.811,69.025,4722.21282642,324122.7246260348
2019-09-04 00:00:00+00:00,68.66,69.276,66.67,67.11,3343.48699708,226477.99916798822
2019-09-05 00:00:00+00:00,67.258,67.258,64.432,65.409,2925.90633743,190684.68104283343
2019-09-06 00:00:00+00:00,65.438,68.015,64.031,64.975,4529.98838486,299333.25457894005
2019-09-07 00:00:00+00:00,64.975,70.43,64.663,69.27,1790.84364758,122977.38540377196
2019-09-08 00:00:00+00:00,69.39,71.53,68.68,70.45,2052.19835113,144051.69850788574
2019-09-09 00:00:00+00:00,70.45,71.374,67.946,70.303,1297.82955209,89699.24919940814
2019-09-10 00:00:00+00:00,70.368,73.0,69.88,70.351,4174.25868257,297936.99707177136
2019-09-11 00:00:00+00:00,71.419,71.5,68.493,69.874,1002.63170783,69929.31977767355
2019-09-12 00:00:00+00:00,69.871,69.905,68.342,68.999,3772.28304028,260981.36840339107
2019-09-13 00:00:00+00:00,69.3,69.437,67.489,68.97,1727.82966935,117995.37187194699
2019-09-14 00:00:00+00:00,69.107,71.346,68.359,70.839,1080.86022836,75604.3718841387
2019-09-15 00:00:00+00:00,70.756,71.273,69.799,70.354,417.63569454,29289.28113540469
2019-09-16 00:00:00+00:00,70.56,73.729,69.651,72.213,5479.87444704,390944.2475464254
2019-09-17 00:00:00+00:00,72.95,77.52,72.332,74.191,6242.93234971,467972.3140324085
2019-09-18 00:00:00+00:00,74.329,79.994,74.329,77.86,6747.31768046,516169.31457196
2019-09-19 00:00:00+00:00,77.5,77.552,72.7,77.276,6672.32462732,505967.62641472946
2019-09-20 00:00:00+00:00,76.791,76.791,73.0,75.162,4662.76534226,347242.9132903318
2019-09-21 00:00:00+00:00,75.256,75.536,71.836,73.24,2028.85604989,148826.59631638956
2019-09-22 00:00:00+00:00,72.826,72.826,71.049,72.361,1406.04827809,101256.12465865584
2019-09-23 00:00:00+00:00,72.065,74.0,61.479,66.42,3803.61230765,256712.1713716585
2019-09-24 00:00:00+00:00,66.328,67.151,55.0,55.0,15523.98038171,931061.8341880839
2019-09-25 00:00:00+00:00,55.241,58.481,53.121,57.144,10420.81333365,588028.4567164116
2019-09-26 00:00:00+00:00,57.358,57.358,50.34,55.073,6241.12548815,336138.4852127398
2019-09-27 00:00:00+00:00,55.245,57.118,52.732,55.911,6790.08728817,371337.20114800276
2019-09-28 00:00:00+00:00,55.911,56.263,54.06,55.408,1443.72013543,79905.95191906639
2019-09-29 00:00:00+00:00,55.589,55.589,52.279,54.02,1494.49332798,80439.2263457461
2019-09-30 00:00:00+00:00,53.92,56.207,52.522,56.05,2557.65987019,139492.10157151174
2019-10-01 00:00:00+00:00,55.745,57.625,54.988,55.91,4137.53187244,231127.9754759746
2019-10-02 00:00:00+00:00,56.302,56.59,55.342,56.549,1226.83054003,68441.88362387361
2019-10-03 00:00:00+00:00,56.208,57.001,53.655,56.681,3169.34939653,176389.23276393168
2019-10-04 00:00:00+00:00,56.681,57.438,55.248,56.567,1471.51957084,83087.33994249105
2019-10-05 00:00:00+00:00,56.398,57.463,55.799,56.791,662.07787039,37350.66349518068
2019-10-06 00:00:00+00:00,56.797,56.827,53.016,54.43,2487.93742759,135469.81993275098
2019-10-07 00:00:00+00:00,54.272,58.654,53.359,57.708,1571.3624448,88470.32790661429
2019-10-08 00:00:00+00:00,57.586,58.311,56.553,57.056,554.19779812,31744.95927715362
2019-10-09 00:00:00+00:00,57.16,59.991,56.697,59.414,1681.75740197,99125.91912958206
2019-10-10 00:00:00+00:00,59.266,59.546,57.4,57.4,1159.84236876,67613.08867002286
2019-10-11 00:00:00+00:00,57.386,58.477,55.527,55.75,2052.34106785,115615.99167575609
2019-10-12 00:00:00+00:00,55.966,56.557,55.679,55.823,690.03805808,38724.01622812089
2019-10-13 00:00:00+00:00,55.712,57.643,55.712,56.424,978.23827528,55517.52981071748
2019-10-14 00:00:00+00:00,56.415,57.109,56.208,56.708,1160.3393197,65852.1797755362
2019-10-15 00:00:00+00:00,56.807,57.373,53.666,54.64,8200.32012091,460943.25916394766
2019-10-16 00:00:00+00:00,54.8,55.24,50.247,52.473,3206.70423843,167064.56091472987
2019-10-17 00:00:00+00:00,52.569,55.117,51.623,54.827,7047.42682823,375464.94907166075
2019-10-18 00:00:00+00:00,54.66,54.966,52.159,53.186,1458.76166161,77967.94009846951
2019-10-19 00:00:00+00:00,53.237,54.229,52.727,53.705,665.81713264,35709.38343975728
2019-10-20 00:00:00+00:00,53.652,55.523,52.769,54.83,950.36366431,51799.29907502706
2019-10-21 00:00:00+00:00,54.937,55.642,53.899,54.769,592.8558752,32344.12891444469
2019-10-22 00:00:00+00:00,54.647,55.025,53.16,53.444,863.14845966,47022.17904849303
2019-10-23 00:00:00+00:00,53.312,53.48,47.26,49.519,4104.93291048,203883.99237861
2019-10-24 00:00:00+00:00,49.403,50.269,48.414,49.78,1596.66696926,78884.51308734734
2019-10-25 00:00:00+00:00,49.709,58.699,49.16,56.631,3957.01090397,218397.42696827036
2019-10-26 00:00:00+00:00,57.1,63.9,54.279,56.927,7335.72362381,423056.70665059885
2019-10-27 00:00:00+00:00,57.052,63.0,55.898,59.928,5150.74540797,311581.10063019703
2019-10-28 00:00:00+00:00,59.91,62.494,57.641,57.822,2567.77641292,152473.71858913967
2019-10-29 00:00:00+00:00,57.961,60.79,57.866,59.927,3865.98816392,232134.08421635802
2019-10-30 00:00:00+00:00,60.032,61.089,57.105,57.857,1163.20394237,68093.88583908504
2019-10-31 00:00:00+00:00,58.008,59.596,57.182,58.47,1418.05602107,82873.83409209493
2019-11-01 00:00:00+00:00,58.405,58.83,56.894,58.237,1498.37935178,86647.16914226719
2019-11-02 00:00:00+00:00,58.601,59.256,57.897,58.425,522.43533823,30559.61434465211
2019-11-03 00:00:00+00:00,58.595,58.863,57.438,58.347,519.98423932,30179.54660749371
2019-11-04 00:00:00+00:00,58.346,62.849,58.013,61.415,1915.9823781,116637.47156131829
2019-11-05 00:00:00+00:00,61.328,64.25,61.289,63.18,4184.34531116,264226.41629491094
2019-11-06 00:00:00+00:00,63.07,64.255,62.549,63.9,664.63239308,41989.30118893715
2019-11-07 00:00:00+00:00,64.2,64.31,60.385,61.326,1385.4798735,86226.24583618273
2019-11-08 00:00:00+00:00,61.096,62.411,58.875,60.471,2772.68129687,167060.0068961657
2019-11-09 00:00:00+00:00,60.2,62.52,60.2,62.288,817.89003917,50077.7832059149
2019-11-10 00:00:00+00:00,62.1,66.115,61.129,63.855,3075.20539728,194874.44341947976
2019-11-11 00:00:00+00:00,63.789,64.436,61.031,61.613,1618.2313748,100774.88056323175
2019-11-12 00:00:00+00:00,61.616,62.186,59.691,61.173,901.99110209,55116.15870748255
2019-11-13 00:00:00+00:00,61.36,61.809,60.25,60.85,968.29771732,58960.318148002574
2019-11-14 00:00:00+00:00,60.902,61.096,58.275,59.012,2357.78653978,139132.43472349763
2019-11-15 00:00:00+00:00,58.845,60.597,56.146,57.513,1798.19677442,104451.58115859846
2019-11-16 00:00:00+00:00,57.346,58.701,57.181,58.386,653.97645281,37889.322868949435
2019-11-17 00:00:00+00:00,58.406,59.927,57.569,59.132,825.29550827,48799.89589477291
2019-11-18 00:00:00+00:00,59.056,59.12,53.769,55.906,2889.78572732,161739.85864146764
2019-11-19 00:00:00+00:00,55.661,55.982,54.233,54.811,917.84259617,50465.942970005424
2019-11-20 00:00:00+00:00,55.226,55.965,54.611,55.0,350.51219679,19372.413216239984
2019-11-21 00:00:00+00:00,54.925,55.118,48.011,50.681,4990.41953238,256999.2307988099
2019-11-22 00:00:00+00:00,50.591,51.478,43.662,47.597,8055.46684353,374368.38450813206
2019-11-23 00:00:00+00:00,47.348,48.75,46.354,48.313,1154.14951869,55071.538281208974
2019-11-24 00:00:00+00:00,47.789,47.826,43.662,43.733,2211.45938205,100144.4245328383
2019-11-25 00:00:00+00:00,43.733,47.328,42.21,45.946,4535.79605682,202531.69095459604
2019-11-26 00:00:00+00:00,45.596,47.494,45.443,47.17,819.25165771,38181.94232834536
2019-11-27 00:00:00+00:00,46.749,48.647,44.707,47.866,4683.62421162,220566.56827870337
2019-11-28 00:00:00+00:00,47.921,48.0,46.477,46.937,508.05831891,24131.588246117186
2019-11-29 00:00:00+00:00,47.2,49.338,47.135,48.738,3253.60876974,158656.52431689485
2019-11-30 00:00:00+00:00,48.712,48.893,46.7,47.307,698.33917523,33274.135506944476
2019-12-01 00:00:00+00:00,47.2,48.259,45.698,47.691,1878.78525947,88677.00231858449
2019-12-02 00:00:00+00:00,47.591,47.594,44.859,45.747,2148.7658115,99738.13026859469
2019-12-03 00:00:00+00:00,45.684,46.215,44.354,44.748,2197.00857045,99973.47398616667
2019-12-04 00:00:00+00:00,44.839,47.289,43.874,44.8,9414.04092573,432526.6747435934
2019-12-05 00:00:00+00:00,44.682,45.327,43.846,44.807,6260.52880951,278810.538845814
2019-12-06 00:00:00+00:00,44.934,45.505,44.168,45.428,6954.59522882,314165.4665259299
2019-12-07 00:00:00+00:00,45.479,46.453,45.216,45.216,370.12417672,16992.527465643965
2019-12-08 00:00:00+00:00,45.288,46.205,44.974,45.837,778.68692188,35438.12455834
2019-12-09 00:00:00+00:00,44.396,44.568,44.396,44.568,23.1482494,1030.87383474152
2019-12-10 00:00:00+00:00,44.525,44.653,43.728,44.131,7376.43519932,328128.9633475769
2019-12-11 00:00:00+00:00,44.117,44.458,43.273,43.587,1572.39325143,69143.84147571608
2019-12-12 00:00:00+00:00,43.792,44.026,42.964,43.741,654.86025888,28445.06764669528
2019-12-13 00:00:00+00:00,43.654,44.442,43.479,44.181,853.35428323,37446.785127172334
2019-12-14 00:00:00+00:00,44.469,44.547,43.29,43.418,1132.89360926,49780.92821752852
2019-12-15 00:00:00+00:00,43.301,43.899,42.959,43.467,566.48007182,24631.248039458325
2019-12-16 00:00:00+00:00,43.47,43.47,39.229,40.096,5057.40008143,209112.50158268496
2019-12-17 00:00:00+00:00,39.851,40.079,36.19,36.858,1920.67437324,73397.29269786013
2019-12-18 00:00:00+00:00,36.857,41.481,36.024,40.922,2773.70361968,109853.4649794267
2019-12-19 00:00:00+00:00,40.971,40.989,39.173,39.6,1213.46299709,48549.107117008854
2019-12-20 00:00:00+00:00,39.764,40.383,39.404,40.285,534.20059115,21345.182374368404
2019-12-21 00:00:00+00:00,40.156,40.278,39.596,39.792,473.93451297,18916.014625382333
2019-12-22 00:00:00+00:00,39.93,42.119,39.721,41.914,759.82072689,31396.279847034264
2019-12-23 00:00:00+00:00,41.98,42.636,40.35,40.429,4163.28255575,171589.35965689452
2019-12-24 00:00:00+00:00,40.589,41.032,39.771,40.214,759.13654335,30590.71267801056
2019-12-25 00:00:00+00:00,40.402,40.402,39.643,40.139,416.4434428,16654.13866506851
2019-12-26 00:00:00+00:00,39.993,41.231,39.657,39.945,532.90131664,21561.873110805875
2019-12-27 00:00:00+00:00,39.953,41.207,39.719,41.188,381.74528024,15421.890223680908
2019-12-28 00:00:00+00:00,41.159,43.555,41.159,42.636,1044.43668602,44368.41102093266
2019-12-29 00:00:00+00:00,42.66,43.605,42.157,43.169,602.81079864,25875.315140286857
2019-12-30 00:00:00+00:00,43.07,43.96,41.603,42.431,751.45873923,31956.760672843273
2019-12-31 00:00:00+00:00,42.059,42.636,40.923,41.169,1617.6670473,67752.43763375537
2020-01-01 00:00:00+00:00,41.056,41.8,41.056,41.459,580.33027945,24110.590666112057
2020-01-02 00:00:00+00:00,41.475,41.705,39.002,39.348,1196.05016002,48137.03443184328
2020-01-03 00:00:00+00:00,39.291,42.221,38.659,42.19,1648.1169589,67936.21221827916
2020-01-04 00:00:00+00:00,42.117,42.884,41.795,42.465,463.90840264,19627.482374938198
2020-01-05 00:00:00+00:00,42.872,44.44,42.597,43.25,1162.15171079,50516.656106452705
2020-01-06 00:00:00+00:00,43.354,46.09,43.327,45.747,2776.81969446,124600.35943527959
2020-01-07 00:00:00+00:00,45.886,46.831,44.371,46.358,5408.08877935,248189.06990294313
2020-01-08 00:00:00+00:00,46.536,48.568,44.114,45.435,6085.21985481,286929.4181137807
2020-01-09 00:00:00+00:00,45.178,45.7,43.881,44.979,1378.31483201,61630.7964967954
2020-01-10 00:00:00+00:00,44.828,49.6,43.81,48.907,4191.86814364,200544.2199382458
2020-01-11 00:00:00+00:00,48.787,51.868,47.822,49.265,5339.55612005,270302.5345469636
2020-01-12 00:00:00+00:00,49.149,51.414,48.942,51.414,1176.33299752,59477.632366048456
2020-01-13 00:00:00+00:00,51.633,51.633,48.96,49.582,1430.13018303,71380.28092878501
2020-01-14 00:00:00+00:00,49.682,60.668,49.682,58.459,5319.79268006,298768.70435132383
2020-01-15 00:00:00+00:00,58.782,60.0,55.445,58.211,3348.00664194,195146.09335451186
2020-01-16 00:00:00+00:00,58.435,58.498,54.85,57.59,2504.37000781,141611.86335866497
2020-01-17 00:00:00+00:00,57.677,62.991,56.586,61.184,2086.21446011,125204.41699443352
2020-01-18 00:00:00+00:00,61.039,62.705,58.192,59.492,2392.46485186,143255.62187314758
2020-01-19 00:00:00+00:00,59.33,62.263,55.443,57.754,3379.89868441,198859.32500203451
2020-01-20 00:00:00+00:00,57.513,58.108,55.714,57.465,803.55703676,45960.696764738816
2020-01-21 00:00:00+00:00,57.073,57.9,55.922,57.755,824.53960592,47030.51356909484
2020-01-22 00:00:00+00:00,57.558,59.097,57.194,58.333,949.4388799,55119.85885850244
2020-01-23 00:00:00+00:00,57.942,57.942,52.398,54.267,2276.1117009,123550.59359687145
2020-01-24 00:00:00+00:00,54.267,55.361,50.769,54.302,1522.36579412,81397.01124176428
2020-01-25 00:00:00+00:00,54.0,54.156,52.4,53.284,1083.53795692,57692.672626578926
2020-01-26 00:00:00+00:00,53.103,56.49,52.878,55.898,715.26366967,39370.32634020824
2020-01-27 00:00:00+00:00,56.3,59.542,55.947,58.641,2402.81102495,139924.9556913149
2020-01-28 00:00:00+00:00,59.15,61.4,57.306,60.598,3773.44685969,225119.27198004455
2020-01-29 00:00:00+00:00,60.845,62.36,59.548,60.061,1792.08170598,108680.764574303
2020-01-30 00:00:00+00:00,59.701,69.9,58.189,67.881,7236.36963602,477034.06159362476
2020-01-31 00:00:00+00:00,68.063,69.754,65.382,67.55,2094.50264227,141399.96572991167
2020-02-01 00:00:00+00:00,67.555,72.799,67.555,71.048,12037.00330629,843952.3192058033
2020-02-02 00:00:00+00:00,70.772,73.376,67.613,69.85,5055.17592663,355028.17834340286
2020-02-03 00:00:00+00:00,69.625,72.963,68.5,69.606,4197.14791207,293388.4060625428
2020-02-04 00:00:00+00:00,69.906,70.3,66.623,67.728,6034.87277134,412476.8867914712
2020-02-05 00:00:00+00:00,68.0,73.388,67.546,72.81,2181.08994344,155903.4769551514
2020-02-06 00:00:00+00:00,72.49,74.88,71.185,73.357,2257.42346617,165492.57181812328
2020-02-07 00:00:00+00:00,73.47,75.276,72.929,74.361,2647.38469881,196330.29248621865
2020-02-08 00:00:00+00:00,74.448,77.7,71.3,76.676,5651.64361068,428179.35102200916
2020-02-09 00:00:00+00:00,76.797,78.499,75.238,76.918,2723.05953211,210246.1338710767
2020-02-10 00:00:00+00:00,77.212,77.413,72.335,74.22,2805.41045255,209429.50983032733
2020-02-11 00:00:00+00:00,73.943,77.413,72.572,77.099,1989.90053178,150165.73343674574
2020-02-12 00:00:00+00:00,76.923,82.991,76.923,81.536,4113.77843627,328697.66982354614
2020-02-13 00:00:00+00:00,81.714,84.35,77.24,80.398,7067.96079892,579875.4873808245
2020-02-14 00:00:00+00:00,80.645,83.901,78.694,83.174,2229.05717243,182357.21874437205
2020-02-15 00:00:00+00:00,83.403,83.572,75.083,76.331,5069.35339458,393990.27302596055
2020-02-16 00:00:00+00:00,76.656,80.666,67.562,75.101,3915.49589896,295132.8587944471
2020-02-17 00:00:00+00:00,74.443,75.418,68.621,72.875,2344.38626816,166876.02146319617
2020-02-18 00:00:00+00:00,72.789,79.275,69.742,77.281,4051.38553583,306003.8088063827
2020-02-19 00:00:00+00:00,77.005,79.53,67.301,70.681,4462.96161321,330365.9133096908
2020-02-20 00:00:00+00:00,70.384,72.222,66.333,69.447,1944.42375184,134762.43502774133
2020-02-21 00:00:00+00:00,69.804,75.177,68.699,73.453,2417.0911223,174949.28479215648
2020-02-22 00:00:00+00:00,73.282,76.674,72.476,75.115,1515.41240356,112795.43210879593
2020-02-23 00:00:00+00:00,75.693,80.084,75.34,80.084,2073.79273991,163203.8402404692
2020-02-24 00:00:00+00:00,79.901,79.901,71.495,75.874,2154.58139406,162045.81633745917
2020-02-25 00:00:00+00:00,75.874,75.874,69.609,71.238,1953.57870384,139989.29981386257
2020-02-26 00:00:00+00:00,70.865,72.147,57.575,60.809,5883.50208656,375125.3275287843
2020-02-27 00:00:00+00:00,60.412,65.0,57.335,61.383,1769.92611218,109392.2606451126
2020-02-28 00:00:00+00:00,62.326,63.139,56.726,60.418,1626.77821175,96670.33516772409
2020-02-29 00:00:00+00:00,60.453,61.545,57.958,57.958,842.55266105,49974.128667734905
2020-03-01 00:00:00+00:00,58.348,60.218,56.154,58.291,913.5437735,52843.4735186384
2020-03-02 00:00:00+00:00,57.6,62.3,57.441,61.352,1167.90656987,70810.14663069633
2020-03-03 00:00:00+00:00,61.519,62.443,59.55,61.2,1340.70296302,81594.61433399594
2020-03-04 00:00:00+00:00,60.843,61.894,58.941,60.131,836.16147414,50858.53765857236
2020-03-05 00:00:00+00:00,60.32,63.453,60.32,61.767,1892.00566977,117755.75321267136
2020-03-06 00:00:00+00:00,61.583,63.788,61.22,63.143,1245.68196245,77846.09844353636
2020-03-07 00:00:00+00:00,63.481,64.0,60.161,60.488,2794.20930072,173854.27858990867
2020-03-08 00:00:00+00:00,60.331,60.331,50.622,51.32,5941.02279363,322482.94840232603
2020-03-09 00:00:00+00:00,50.754,52.228,46.669,50.496,6370.96737794,313979.980537031
2020-03-10 00:00:00+00:00,50.698,51.568,48.816,50.189,4361.15675297,219838.46303888827
2020-03-11 00:00:00+00:00,50.142,50.784,45.63,48.724,2029.54395223,96364.33143014481
2020-03-12 00:00:00+00:00,48.694,48.765,28.837,30.044,13750.5220337,519977.97638425033
2020-03-13 00:00:00+00:00,29.903,41.371,24.448,38.172,17536.86746039,582983.4087275653
2020-03-14 00:00:00+00:00,37.81,38.043,33.91,34.299,2805.05215768,99796.8170617868
2020-03-15 00:00:00+00:00,34.53,38.75,34.079,36.421,5540.05981145,199629.31608848606
2020-03-16 00:00:00+00:00,35.959,36.254,29.462,33.222,5777.15540025,186162.16298071019
2020-03-17 00:00:00+00:00,33.362,36.088,32.264,34.178,2881.72333509,100541.56501210887
2020-03-18 00:00:00+00:00,34.119,34.952,32.432,34.927,1827.58588637,61548.07471923451
2020-03-19 00:00:00+00:00,34.771,40.871,34.105,39.151,3636.6750667,137991.44075369273
2020-03-20 00:00:00+00:00,39.125,43.732,25.8,38.0,15606.93958342,613432.0907800171
2020-03-21 00:00:00+00:00,38.03,40.068,36.307,38.344,2240.49625446,85824.31677843277
2020-03-22 00:00:00+00:00,38.288,39.772,34.9,35.535,2221.63887461,81762.0432322175
2020-03-23 00:00:00+00:00,35.36,40.106,34.746,39.17,3484.95262411,132068.4526421258
2020-03-24 00:00:00+00:00,39.161,41.077,38.335,40.63,2604.43090952,103712.52512432574
2020-03-25 00:00:00+00:00,40.638,41.085,38.212,39.35,3719.73973306,147669.92802379702
2020-03-26 00:00:00+00:00,39.734,40.577,38.608,40.505,1687.48915933,66487.48656704788
2020-03-27 00:00:00+00:00,40.569,41.355,38.0,38.03,3258.73108884,129780.5531862843
2020-03-28 00:00:00+00:00,38.012,39.489,36.616,39.0,2684.6296873,101809.16092348265
2020-03-29 00:00:00+00:00,39.144,39.144,37.023,37.168,2886.34056617,108969.30642205439
2020-03-30 00:00:00+00:00,37.132,39.72,37.063,39.059,2340.47325418,91165.88632032539
2020-03-31 00:00:00+00:00,38.984,39.413,38.484,39.413,3088.69534619,120538.64774066022
2020-04-01 00:00:00+00:00,39.22,39.544,37.023,39.428,2708.4554314,104234.1667154376
2020-04-02 00:00:00+00:00,39.399,43.499,39.022,40.048,4962.58816331,201304.43904405847
2020-04-03 00:00:00+00:00,39.95,41.3,39.789,40.659,2360.58030354,95911.16289034758
2020-04-04 00:00:00+00:00,40.511,41.168,40.025,40.778,1321.13921635,53538.303011486685
2020-04-05 00:00:00+00:00,40.925,41.091,39.969,40.386,3200.41569571,129674.06140403498
2020-04-06 00:00:00+00:00,40.542,45.675,40.542,44.997,5166.40248648,224262.7179167709
2020-04-07 00:00:00+00:00,45.197,47.634,43.702,44.767,5583.25291686,254701.11831635976
2020-04-08 00:00:00+00:00,44.757,47.311,44.4,46.662,1941.39350838,89800.59227365095
2020-04-09 00:00:00+00:00,46.652,46.905,44.533,46.341,1441.21797753,66527.55236350729
2020-04-10 00:00:00+00:00,46.299,46.431,41.0,42.305,11547.4997576,512201.75822945725
2020-04-11 00:00:00+00:00,42.35,43.083,41.572,42.631,1177.06788366,49863.09218302211
2020-04-12 00:00:00+00:00,42.7,43.775,41.95,42.008,3377.57270817,144240.52709792
2020-04-13 00:00:00+00:00,42.0,42.0,39.699,41.526,4146.44193131,168237.2566347402
2020-04-14 00:00:00+00:00,41.463,42.016,40.632,41.128,1270.63243858,52733.84179468698
2020-04-15 00:00:00+00:00,41.088,41.743,39.122,39.3,2562.02479532,104039.50350530232
2020-04-16 00:00:00+00:00,39.252,43.758,37.963,42.445,3314.22839269,138423.75434818224
2020-04-17 00:00:00+00:00,42.566,43.436,41.672,42.265,2323.90641576,98176.58396347972
2020-04-18 00:00:00+00:00,42.383,44.662,42.0,44.313,3177.30381818,137203.24257868185
2020-04-19 00:00:00+00:00,44.388,44.388,41.67,42.3,2160.91153449,93212.28304722812
2020-04-20 00:00:00+00:00,42.3,43.454,39.66,40.439,4789.19801919,197489.84230630132
2020-04-21 00:00:00+00:00,40.231,41.366,40.194,40.763,2363.4846007,96263.81146498786
2020-04-22 00:00:00+00:00,40.714,42.449,40.316,41.901,1290.45642427,53658.96490746683
2020-04-23 00:00:00+00:00,41.922,43.97,41.145,42.834,4741.52275739,204119.88193266757
2020-04-24 00:00:00+00:00,42.95,44.992,42.917,44.646,3103.45856886,136696.90532909
2020-04-25 00:00:00+00:00,44.318,45.594,43.953,44.296,3780.11096665,169108.00634582996
2020-04-26 00:00:00+00:00,44.381,45.415,43.691,44.453,3011.13402139,133932.12557405967
2020-04-27 00:00:00+00:00,44.714,45.406,43.376,44.625,2229.23638925,98898.67872582062
2020-04-28 00:00:00+00:00,44.431,46.274,43.58,45.886,2348.57565615,104587.2705038542
2020-04-29 00:00:00+00:00,46.119,50.108,45.465,48.851,6662.05149829,318297.5127258806
2020-04-30 00:00:00+00:00,48.891,50.8,45.662,46.365,7143.08945855,342747.7513084904
2020-05-01 00:00:00+00:00,46.308,48.267,46.308,47.096,1664.04981472,78560.9950494911
2020-05-02 00:00:00+00:00,47.062,49.693,46.927,49.344,1292.38499101,62644.23966973342
2020-05-03 00:00:00+00:00,49.29,50.003,46.701,48.146,2334.57883237,113539.99266800615
2020-05-04 00:00:00+00:00,48.07,48.134,45.247,47.008,1894.33275404,88313.94335796118
2020-05-05 00:00:00+00:00,47.108,47.799,45.802,46.628,3488.99612425,163888.1548785246
2020-05-06 00:00:00+00:00,46.532,47.611,44.614,45.267,3641.20533777,169494.3534765263
2020-05-07 00:00:00+00:00,45.016,48.378,44.462,47.66,3348.66353908,156368.442088647
2020-05-08 00:00:00+00:00,47.51,48.5,46.433,47.815,3997.73880793,190278.57116608426
2020-05-09 00:00:00+00:00,47.582,49.059,46.717,47.048,2931.86726983,140590.7643118318
2020-05-10 00:00:00+00:00,46.928,46.928,39.365,42.142,5109.93160881,214738.15516175993
2020-05-11 00:00:00+00:00,42.067,42.823,39.455,41.973,5311.34321692,220218.3303253986
2020-05-12 00:00:00+00:00,41.571,42.823,41.37,42.275,2135.93588178,90054.01087491935
2020-05-13 00:00:00+00:00,42.319,43.821,42.011,43.271,1686.3558979,72309.30423309436
2020-05-14 00:00:00+00:00,43.219,44.415,42.341,44.12,3700.89544422,160717.33905691432
2020-05-15 00:00:00+00:00,44.12,44.144,42.387,42.766,2945.07773775,127235.70919037286
2020-05-16 00:00:00+00:00,43.077,43.812,42.5,43.176,4836.29157664,209205.88452481886
2020-05-17 00:00:00+00:00,43.185,44.544,43.17,43.636,3159.93086435,139325.12954409776
2020-05-18 00:00:00+00:00,43.763,46.569,43.763,45.286,4444.52933099,200814.3948820469
2020-05-19 00:00:00+00:00,45.29,45.8,44.075,45.728,2829.82561959,126858.7406767996
2020-05-20 00:00:00+00:00,45.79,46.137,43.132,44.18,3569.05121511,158998.7838400335
2020-05-21 00:00:00+00:00,44.171,44.632,41.664,42.722,2151.84902184,92444.9069667453
2020-05-22 00:00:00+00:00,42.605,44.634,42.384,44.254,1368.69015443,59588.99078739271
2020-05-23 00:00:00+00:00,44.524,44.654,43.627,43.853,520.44939732,22945.461199784706
2020-05-24 00:00:00+00:00,43.75,44.531,42.1,42.1,3022.62461985,130731.70269457328
2020-05-25 00:00:00+00:00,42.1,43.221,41.788,42.944,1764.58710207,75733.20660950498
2020-05-26 00:00:00+00:00,42.91,43.034,41.839,42.409,1127.43344863,47949.77956859433
2020-05-27 00:00:00+00:00,42.324,44.0,42.324,43.75,1258.40139039,54423.0568512403
2020-05-28 00:00:00+00:00,43.806,44.93,43.146,44.724,1735.6546087,76930.39394067836
2020-05-29 00:00:00+00:00,44.77,45.315,44.2,44.537,1327.37568473,59321.14003810755
2020-05-30 00:00:00+00:00,44.442,48.0,44.226,47.637,3148.18294524,146955.38818303042
2020-05-31 00:00:00+00:00,47.833,47.833,45.1,45.1,1455.5007,67590.35444332905
2020-06-01 00:00:00+00:00,45.494,48.831,45.494,48.338,6501.72522778,312259.3143845848
2020-06-02 00:00:00+00:00,48.284,49.84,44.531,46.04,6438.95594601,307064.0491500094
2020-06-03 00:00:00+00:00,46.0,47.454,45.331,47.09,887.00756821,41301.62562134434
2020-06-04 00:00:00+00:00,47.19,48.0,46.411,47.496,2803.99139148,133318.37413463256
2020-06-05 00:00:00+00:00,47.413,47.937,46.416,46.958,2034.12632266,96625.26652326743
2020-06-06 00:00:00+00:00,46.759,47.33,46.133,46.858,422.36165984,19707.16654726097
2020-06-07 00:00:00+00:00,46.757,47.0,45.185,46.67,994.99415512,45977.343027354786
2020-06-08 00:00:00+00:00,46.585,46.787,45.981,46.498,791.80232866,36656.68611353617
2020-06-09 00:00:00+00:00,46.6,46.883,45.448,46.048,2404.57913216,111043.93684962136
2020-06-10 00:00:00+00:00,45.835,47.224,45.68,46.644,1434.30970196,66464.49788996263
2020-06-11 00:00:00+00:00,46.68,46.96,41.825,43.167,5572.19378518,247046.81889348035
2020-06-12 00:00:00+00:00,43.028,46.0,42.95,44.524,4154.3665762,185734.14963067946
2020-06-13 00:00:00+00:00,44.599,45.248,44.309,45.086,720.50320501,32245.924519421515
2020-06-14 00:00:00+00:00,44.982,45.032,43.099,44.049,1912.07190264,84155.53039917228
2020-06-15 00:00:00+00:00,43.982,44.054,41.74,43.783,2664.28434626,115027.31712302954
2020-06-16 00:00:00+00:00,43.824,44.2,43.344,43.873,981.79357892,42953.62496094584
2020-06-17 00:00:00+00:00,43.833,44.95,43.095,44.076,1471.48281033,65157.60224401229
2020-06-18 00:00:00+00:00,44.061,44.178,42.932,43.383,1460.74084894,63780.15662585832
2020-06-19 00:00:00+00:00,43.353,43.687,42.408,42.722,2047.05756975,87830.8114097547
2020-06-20 00:00:00+00:00,42.7,43.816,42.335,43.701,997.37850701,42855.018582381854
2020-06-21 00:00:00+00:00,43.681,43.727,42.9,42.9,312.91946658,13551.498087309948
2020-06-22 00:00:00+00:00,43.029,44.629,43.029,44.402,1816.36398823,79852.18155300256
2020-06-23 00:00:00+00:00,44.402,44.459,43.82,44.06,762.72969052,33669.83345963259
2020-06-24 00:00:00+00:00,44.131,44.667,42.099,42.546,1173.31872685,50745.74784844078
2020-06-25 00:00:00+00:00,42.454,42.854,41.644,42.25,712.28775194,30165.989503836016
2020-06-26 00:00:00+00:00,42.256,43.44,41.42,43.02,1140.67399118,48526.80760520377
2020-06-27 00:00:00+00:00,42.902,43.007,39.111,41.233,3554.38893062,145400.77738654183
2020-06-28 00:00:00+00:00,41.019,42.0,40.483,41.35,1214.76914956,49987.02716878437
2020-06-29 00:00:00+00:00,41.209,42.216,40.63,41.918,966.93561336,40053.80754170654
2020-06-30 00:00:00+00:00,42.0,42.0,40.807,41.294,719.18119831,29652.36553047341
2020-07-01 00:00:00+00:00,41.081,42.035,40.993,41.882,807.45632386,33637.37128847931
2020-07-02 00:00:00+00:00,41.749,41.869,40.41,41.064,2080.62593046,85441.42686018624
2020-07-03 00:00:00+00:00,40.928,41.635,40.928,41.1,1320.17378085,54463.36362065168
2020-07-04 00:00:00+00:00,41.136,42.2,41.136,41.964,793.60563954,33045.60528658779
2020-07-05 00:00:00+00:00,42.157,42.157,40.8,41.607,510.28304421,21087.206808958355
2020-07-06 00:00:00+00:00,41.722,44.129,41.694,44.01,1081.91962687,46671.518704967515
2020-07-07 00:00:00+00:00,44.174,44.459,43.0,43.358,649.36940302,28299.954268393154
2020-07-08 00:00:00+00:00,43.419,45.646,43.173,45.416,2414.08410392,108696.90703347656
2020-07-09 00:00:00+00:00,45.347,45.967,43.563,44.369,2469.33022499,111217.62059412387
2020-07-10 00:00:00+00:00,44.125,44.566,43.486,44.093,485.24288902,21331.71582107926
2020-07-11 00:00:00+00:00,44.309,44.724,43.959,44.724,1166.60229407,51734.73456865588
2020-07-12 00:00:00+00:00,44.741,45.293,43.722,44.771,1474.21198746,66166.94850901767
2020-07-13 00:00:00+00:00,44.764,45.55,42.545,43.889,4679.75085877,210589.82870499854
2020-07-14 00:00:00+00:00,43.743,43.847,42.918,43.836,963.07502784,41923.93232628549
2020-07-15 00:00:00+00:00,43.816,43.892,42.9,43.262,734.55575657,31868.01150564004
2020-07-16 00:00:00+00:00,43.07,43.317,41.158,42.015,755.89491766,31654.438309142675
2020-07-17 00:00:00+00:00,41.974,42.322,41.707,41.89,694.01898745,29186.381053133107
2020-07-18 00:00:00+00:00,41.854,42.875,41.786,42.45,566.10022797,24010.07080056502
2020-07-19 00:00:00+00:00,42.66,42.85,42.009,42.696,185.19564455,7852.11420114396
2020-07-20 00:00:00+00:00,42.778,42.778,41.5,41.959,444.3713163,18665.391737565984
2020-07-21 00:00:00+00:00,42.148,44.139,42.148,43.766,950.37725482,41355.38797463072
2020-07-22 00:00:00+00:00,43.719,45.162,43.256,45.067,911.05676944,40105.258420917955
2020-07-23 00:00:00+00:00,45.2,45.72,44.557,45.087,3404.65825968,153063.95258714264
2020-07-24 00:00:00+00:00,44.887,44.94,44.019,44.171,1589.17896621,70689.16057204656
2020-07-25 00:00:00+00:00,44.167,49.54,44.167,48.951,2850.03810981,134165.1977072288
2020-07-26 00:00:00+00:00,49.053,50.521,47.555,48.237,2185.50605262,107188.1378601843
2020-07-27 00:00:00+00:00,48.162,55.742,47.0,53.193,3129.76506337,158728.55827185896
2020-07-28 00:00:00+00:00,54.0,59.982,51.72,55.908,3353.38433946,185125.33692211955
2020-07-29 00:00:00+00:00,56.098,56.748,55.151,55.151,845.25084571,47274.401867725275
2020-07-30 00:00:00+00:00,55.148,58.35,53.87,56.833,1943.11270547,108058.91178470649
2020-07-31 00:00:00+00:00,56.298,59.253,55.971,58.034,604.60465036,34955.397616687245
2020-08-01 00:00:00+00:00,57.974,62.3,57.933,61.804,712.25643098,43160.99380727822
2020-08-02 00:00:00+00:00,62.035,65.2,52.707,56.937,5040.83069934,296066.09398190404
2020-08-03 00:00:00+00:00,56.624,60.099,55.76,58.528,1953.48877096,114609.7487290367
2020-08-04 00:00:00+00:00,58.876,59.552,56.471,57.521,924.48211996,53403.04551584652
2020-08-05 00:00:00+00:00,57.393,59.627,56.95,58.612,2326.11340666,136832.34542028847
2020-08-06 00:00:00+00:00,59.05,60.705,57.969,58.887,1581.73740031,94110.05458039686
2020-08-07 00:00:00+00:00,59.11,60.7,55.605,57.15,1224.38966168,70713.2246819922
2020-08-08 00:00:00+00:00,57.06,58.514,56.58,58.374,648.70947208,36982.84468069445
2020-08-09 00:00:00+00:00,58.2,58.521,56.081,56.764,627.61278919,35954.6236709092
2020-08-10 00:00:00+00:00,57.219,59.38,56.564,58.11,1635.0401528,95100.80690990161
2020-08-11 00:00:00+00:00,58.3,59.482,52.617,54.1,2097.68284848,117006.70473179508
2020-08-12 00:00:00+00:00,54.0,54.938,51.652,54.484,889.33815047,48225.98326613116
2020-08-13 00:00:00+00:00,55.082,57.3,51.942,57.16,1498.79418782,82631.88475222119
2020-08-14 00:00:00+00:00,56.975,57.997,55.986,56.75,995.78885404,56820.927370482386
2020-08-15 00:00:00+00:00,56.822,60.754,56.822,59.948,1342.9221402,80055.8866926437
2020-08-16 00:00:00+00:00,59.86,64.224,58.786,64.018,4084.61724603,247510.87406954062
2020-08-17 00:00:00+00:00,63.659,68.886,61.405,66.78,2744.92937278,178684.385381656
2020-08-18 00:00:00+00:00,68.14,68.243,63.611,65.347,3195.7080595,211226.0219649589
2020-08-19 00:00:00+00:00,65.674,66.753,59.213,62.501,3427.37191762,218889.9420848738
2020-08-20 00:00:00+00:00,62.461,63.5,61.235,62.423,444.55948964,27827.2606738715
2020-08-21 00:00:00+00:00,62.332,63.635,58.846,58.846,1112.13001128,67767.76463547448
2020-08-22 00:00:00+00:00,58.917,60.252,57.798,60.186,301.61811643,17774.252685147192
2020-08-23 00:00:00+00:00,60.386,61.552,58.146,60.727,1096.91145231,66250.20766224676
2020-08-24 00:00:00+00:00,60.461,62.882,60.284,62.455,615.96495262,38193.16794377856
2020-08-25 00:00:00+00:00,61.713,61.713,56.653,58.62,1170.53941567,68800.58129869311
2020-08-26 00:00:00+00:00,58.076,58.999,57.282,58.198,347.56540302,20298.04870600749
2020-08-27 00:00:00+00:00,58.312,59.212,54.071,56.051,2999.34294558,168346.29446955072
2020-08-28 00:00:00+00:00,56.087,58.2,55.511,57.347,1004.68331741,57031.81883343587
2020-08-29 00:00:00+00:00,57.503,58.14,57.024,57.024,2267.42223251,130826.44803151861
2020-08-30 00:00:00+00:00,57.06,62.85,57.06,62.487,2631.8347364,158994.36627425926
2020-08-31 00:00:00+00:00,62.916,63.726,60.52,61.06,2227.0284167,137780.28958641537
2020-09-01 00:00:00+00:00,61.119,64.33,59.8,62.573,5013.23012513,315486.3855799388
2020-09-02 00:00:00+00:00,63.025,63.19,56.903,58.259,3719.5995972,222598.13139051106
2020-09-03 00:00:00+00:00,58.11,58.621,45.887,47.5,7057.87041435,372476.14702981565
2020-09-04 00:00:00+00:00,47.481,52.38,46.582,50.45,5533.34366048,275603.6743160734
2020-09-05 00:00:00+00:00,50.38,51.28,45.348,47.59,5177.87921547,252665.3473707863
2020-09-06 00:00:00+00:00,47.37,49.018,46.382,48.009,1283.02993281,61834.83205625509
2020-09-07 00:00:00+00:00,48.058,49.03,45.299,48.768,1525.04115001,72541.30821348168
2020-09-08 00:00:00+00:00,48.799,49.274,46.0,47.17,1778.34864361,85032.02638488235
2020-09-09 00:00:00+00:00,47.629,48.778,46.573,47.795,2033.29316072,96746.84150518884
2020-09-10 00:00:00+00:00,48.164,49.443,48.164,48.499,1526.06332456,74469.73732390814
2020-09-11 00:00:00+00:00,48.7,49.4,47.44,49.053,1741.05134863,84386.63726073276
2020-09-12 00:00:00+00:00,48.945,51.344,48.43,50.729,1724.2567398,86088.44102742679
2020-09-13 00:00:00+00:00,50.672,50.8,47.427,48.11,1260.80225309,62449.78516421183
2020-09-14 00:00:00+00:00,47.92,50.786,47.184,49.024,2686.66949291,130752.65048603532
2020-09-15 00:00:00+00:00,49.09,50.301,48.213,48.234,3228.62931631,158779.54462493834
2020-09-16 00:00:00+00:00,48.33,48.701,47.137,47.699,2006.64770375,96801.39605539163
2020-09-17 00:00:00+00:00,47.701,49.548,47.701,48.905,1367.11876862,66393.14087766403
2020-09-18 00:00:00+00:00,48.889,49.07,47.587,48.32,823.46149434,39830.145068166414
2020-09-19 00:00:00+00:00,48.523,48.954,48.06,48.558,921.33689278,44733.12558289574
2020-09-20 00:00:00+00:00,48.423,48.701,46.231,47.07,1837.33731142,87509.16914091932
2020-09-21 00:00:00+00:00,47.06,47.586,41.553,43.251,6211.48328221,273402.9447627438
2020-09-22 00:00:00+00:00,43.152,54.3,42.875,44.309,2300.78869748,104342.05535365797
2020-09-23 00:00:00+00:00,44.556,45.015,42.783,43.127,951.75710631,42062.02656449281
2020-09-24 00:00:00+00:00,43.077,45.14,42.591,44.96,1511.79855115,66852.51124991104
2020-09-25 00:00:00+00:00,44.96,46.492,44.03,46.034,1157.57430119,52969.654648549804
2020-09-26 00:00:00+00:00,46.218,46.56,45.356,46.16,1125.66563394,51722.81690823024
2020-09-27 00:00:00+00:00,46.03,46.541,44.59,45.923,940.10127281,43099.85415244318
2020-09-28 00:00:00+00:00,46.129,47.087,44.838,45.11,1509.65087887,70016.09475056677
2020-09-29 00:00:00+00:00,45.209,45.791,45.015,45.673,1786.12126707,80834.12486070732
2020-09-30 00:00:00+00:00,45.677,46.655,45.453,46.214,1022.38490959,47094.300474339885
2020-10-01 00:00:00+00:00,46.331,48.428,45.244,46.07,2155.6932869,101004.86431392378
2020-10-02 00:00:00+00:00,46.119,46.925,43.286,45.002,2584.74490497,115904.73981136149
2020-10-03 00:00:00+00:00,44.795,46.0,44.795,45.571,1315.55011298,59832.4470955192
2020-10-04 00:00:00+00:00,45.669,47.0,45.373,46.75,1331.90039093,61165.88197070361
2020-10-05 00:00:00+00:00,47.027,47.027,45.627,46.386,1092.74627344,50524.588200993865
2020-10-06 00:00:00+00:00,46.345,48.151,45.63,45.82,4271.82764431,201303.27527175684
2020-10-07 00:00:00+00:00,45.79,46.89,45.028,46.55,1490.71582709,68926.94466448408
2020-10-08 00:00:00+00:00,46.386,47.447,45.5,47.18,2232.66698434,105024.68510370121
2020-10-09 00:00:00+00:00,47.21,48.13,46.709,47.809,3210.78086696,151877.0441032259
2020-10-10 00:00:00+00:00,47.868,50.395,47.84,48.97,4906.83126367,242709.54973796118
2020-10-11 00:00:00+00:00,48.959,51.219,48.811,50.752,3687.98874617,185274.0645846859
2020-10-12 00:00:00+00:00,50.5,51.5,49.371,50.631,2937.76545991,148449.15944655178
2020-10-13 00:00:00+00:00,50.674,50.674,48.996,49.91,2239.14272543,112106.58553702809
2020-10-14 00:00:00+00:00,49.901,51.006,49.288,49.634,1416.51035906,71081.85184143418
2020-10-15 00:00:00+00:00,49.66,50.201,48.915,49.41,2256.08982244,111857.37935448876
2020-10-16 00:00:00+00:00,49.466,49.84,45.614,47.55,4285.63999123,201989.90226651283
2020-10-17 00:00:00+00:00,47.423,47.621,46.386,46.943,903.0136832,42421.015855316284
2020-10-18 00:00:00+00:00,46.9,47.923,46.81,47.579,1551.34142327,73511.89505828774
2020-10-19 00:00:00+00:00,47.607,48.498,46.926,48.04,1368.69472697,65792.63189913117
2020-10-20 00:00:00+00:00,47.878,48.43,46.5,46.907,1876.59064081,88545.44211581751
2020-10-21 00:00:00+00:00,46.927,55.051,46.927,53.139,10030.71883302,523367.1747843324
2020-10-22 00:00:00+00:00,53.714,56.277,53.714,54.44,5966.0330477,328538.78156482894
2020-10-23 00:00:00+00:00,54.193,56.94,53.21,55.448,3691.81128774,205141.978377705
2020-10-24 00:00:00+00:00,55.29,59.66,54.977,59.205,3871.87085891,225551.37307089192
2020-10-25 00:00:00+00:00,59.179,59.998,56.722,58.859,3975.27583618,232553.29966898134
2020-10-26 00:00:00+00:00,58.5,59.09,55.193,56.953,6249.2108312,359468.331380953
2020-10-27 00:00:00+00:00,56.964,59.0,56.61,58.113,8183.44455911,473520.9110258885
2020-10-28 00:00:00+00:00,57.925,60.522,54.89,56.0,6680.67256633,382896.6985874424
2020-10-29 00:00:00+00:00,55.963,56.54,53.472,54.812,4044.16171917,223510.2733905307
2020-10-30 00:00:00+00:00,54.448,55.645,52.318,54.328,2012.42009274,108639.25150962584
2020-10-31 00:00:00+00:00,54.105,56.465,53.825,55.776,3418.5284634,189201.73026580567
2020-11-01 00:00:00+00:00,55.622,56.177,54.2,55.499,1541.8231207,85448.22309346043
2020-11-02 00:00:00+00:00,55.783,56.818,53.09,53.964,3386.70146553,184881.0415503621
2020-11-03 00:00:00+00:00,53.85,54.372,51.076,53.97,4909.57179464,259110.89598886768
2020-11-04 00:00:00+00:00,54.088,55.251,51.7,54.52,4974.85913388,266522.87081894785
2020-11-05 00:00:00+00:00,55.055,59.742,54.981,59.038,5950.56385994,344365.3781373381
2020-11-06 00:00:00+00:00,59.079,63.69,58.964,63.47,8803.16388794,538968.5692441239
2020-11-07 00:00:00+00:00,63.6,64.75,57.18,59.0,9480.75996113,571577.4189130132
2020-11-08 00:00:00+00:00,58.754,62.0,58.754,60.547,2917.64069568,177263.30997377625
2020-11-09 00:00:00+00:00,61.014,61.671,57.5,59.114,2556.70414905,151843.9028669919
2020-11-10 00:00:00+00:00,59.149,59.56,57.25,58.078,3848.2253456,224433.1112168549
2020-11-11 00:00:00+00:00,57.935,60.385,57.935,59.406,1656.18275614,98992.25352922938
2020-11-12 00:00:00+00:00,59.3,60.773,57.618,60.773,5023.85460397,296833.51838734816
2020-11-13 00:00:00+00:00,60.729,66.526,60.311,65.873,7579.5011297,482335.0621265455
2020-11-14 00:00:00+00:00,66.032,66.079,61.878,63.961,6221.90500197,393880.40868531587
2020-11-15 00:00:00+00:00,64.353,64.492,61.217,62.41,1666.11311489,104687.36652154682
2020-11-16 00:00:00+00:00,62.243,74.517,62.225,74.098,10332.51766667,709086.2551004034
2020-11-17 00:00:00+00:00,74.064,77.0,71.6,76.389,5587.24376027,415183.310119183
2020-11-18 00:00:00+00:00,76.758,77.018,68.0,74.0,11126.69438828,806004.5911799375
2020-11-19 00:00:00+00:00,73.122,83.321,71.56,81.594,12683.65922856,1010502.4888652317
2020-11-20 00:00:00+00:00,81.87,85.725,80.195,82.803,7350.38290921,607953.7944622678
2020-11-21 00:00:00+00:00,83.0,88.452,80.5,86.846,14310.50473622,1208699.7988594845
2020-11-22 00:00:00+00:00,86.85,87.89,77.889,83.027,8131.61745743,678894.0262978943
2020-11-23 00:00:00+00:00,83.061,90.956,80.938,89.37,11133.3963714,969757.3133527125
2020-11-24 00:00:00+00:00,89.07,94.423,85.414,89.245,14416.27677686,1291333.6909649873
2020-11-25 00:00:00+00:00,89.836,90.6,89.626,89.79,169.70144333,15314.5412064952
2020-11-26 00:00:00+00:00,81.656,82.726,80.579,82.502,51.40610936,4209.98566049079
2020-11-27 00:00:00+00:00,71.082,71.082,69.938,69.938,61.71957091,4333.30834045072
2020-11-28 00:00:00+00:00,69.25,69.25,68.524,68.524,85.38194576,5853.02208640844
2020-11-29 00:00:00+00:00,72.843,72.843,72.138,72.138,12.07856349,874.94704700698
2020-11-30 00:00:00+00:00,79.469,79.469,79.451,79.451,2.20603986,175.30066288898
2020-12-01 00:00:00+00:00,87.543,87.543,86.743,87.142,447.69559846,39023.63778547358
2020-12-02 00:00:00+00:00,84.366,84.366,83.441,83.798,60.08269901,5020.27245586026
2020-12-03 00:00:00+00:00,89.478,89.836,89.13,89.13,20.14965363,1802.55944034308
2020-12-04 00:00:00+00:00,88.471,88.732,88.444,88.655,61.64356026,5456.60624057758
2020-12-05 00:00:00+00:00,79.527,80.308,78.735,80.308,39.18832668,3099.71470520316
2020-12-06 00:00:00+00:00,83.224,84.695,83.224,84.645,20.20407033,1699.47187722598
2020-12-07 00:00:00+00:00,83.684,83.772,83.684,83.772,8.11,678.68692
2020-12-08 00:00:00+00:00,83.352,83.352,83.352,83.352,0.59866829,49.90019930808
2020-12-09 00:00:00+00:00,76.434,76.434,75.949,75.949,8.81705572,670.97044519623
2020-12-10 00:00:00+00:00,77.31,77.31,77.179,77.179,5.79047022,447.10458467356
2020-12-11 00:00:00+00:00,74.485,74.485,74.43,74.43,4.85646454,361.4833462619
2020-12-12 00:00:00+00:00,72.844,73.411,72.844,73.411,101.36124654,7399.5770171787
2020-12-13 00:00:00+00:00,76.864,77.0,76.864,77.0,10.73299634,825.29831818
2020-12-14 00:00:00+00:00,82.014,82.014,81.35,81.613,116.74331541,9544.91389090264
2020-12-15 00:00:00+00:00,82.43,83.4,82.43,83.1,59.25071822,4908.45004438942
2020-12-16 00:00:00+00:00,81.115,81.115,79.7,79.9,184.15596713,14733.83006644552
2020-12-17 00:00:00+00:00,93.22,109.32,90.449,101.766,16600.87078317,1641468.13654981
2020-12-18 00:00:00+00:00,100.666,112.92,99.038,108.166,2766.98416031,301017.0744797071
2020-12-19 00:00:00+00:00,109.65,124.0,105.6,120.185,9457.41849852,1105652.6295073968
2020-12-20 00:00:00+00:00,120.108,123.108,109.77,114.485,5891.64707014,688430.725493317
2020-12-21 00:00:00+00:00,110.001,110.001,102.387,105.408,7049.41868908,749902.9550886994
2020-12-22 00:00:00+00:00,104.377,114.568,98.744,114.568,5692.39125718,605091.9187230725
2020-12-23 00:00:00+00:00,114.258,117.292,95.309,102.512,11645.35458117,1249130.2375538927
2020-12-24 00:00:00+00:00,101.317,112.495,98.986,110.943,5800.10513794,607756.214158952
2020-12-25 00:00:00+00:00,111.938,128.0,108.493,127.67,12048.98305943,1430710.9256852965
2020-12-26 00:00:00+00:00,127.953,134.896,124.773,129.673,9460.17604659,1235205.0206537845
2020-12-27 00:00:00+00:00,129.667,138.99,122.0,127.0,11311.40881434,1478010.5668400605
2020-12-28 00:00:00+00:00,127.367,135.652,126.49,129.815,5797.33384183,757576.6720922902
2020-12-29 00:00:00+00:00,129.292,130.409,120.005,129.105,6892.29901142,867229.7002529815
2020-12-30 00:00:00+00:00,128.786,132.67,122.88,125.732,4744.90269269,606672.4478122916
2020-12-31 00:00:00+00:00,129.98,130.1,122.252,124.667,6100.86373759,762832.7313026718
2021-01-01 00:00:00+00:00,123.92,123.92,123.577,123.577,23.37118069,2890.86953715859
2021-01-02 00:00:00+00:00,126.426,126.989,125.429,126.608,87.27010244,10980.2984865051
2021-01-03 00:00:00+00:00,134.4,135.478,134.4,135.478,232.11317809,31360.92583588242
2021-01-04 00:00:00+00:00,160.779,163.398,159.666,160.701,267.18353799,43118.16234060296
2021-01-05 00:00:00+00:00,155.513,159.092,155.513,157.347,1117.28413351,176091.0431145086
2021-01-06 00:00:00+00:00,157.5,157.544,155.612,155.977,186.60807622,29166.70335423965
2021-01-07 00:00:00+00:00,168.77,169.534,166.861,166.923,69.64556004,11727.85188153452
2021-01-08 00:00:00+00:00,169.5,171.265,167.431,168.113,83.81081172,14254.04672119748
2021-01-09 00:00:00+00:00,172.547,175.795,172.546,175.795,84.04724072,14726.04904827822
2021-01-10 00:00:00+00:00,178.817,179.98,177.37,177.92,272.2588457,48732.87263463553
2021-01-11 00:00:00+00:00,170.383,170.383,166.229,167.2,118.13262284,19834.528960947
2021-01-12 00:00:00+00:00,139.559,140.304,133.009,135.0,289.85670065,39443.43636725093
2021-01-13 00:00:00+00:00,132.779,133.062,130.918,131.61,42.17211228,5572.77977609215
2021-01-14 00:00:00+00:00,148.0,149.879,146.233,146.975,317.93974208,46929.66355249337
2021-01-15 00:00:00+00:00,152.55,154.622,152.55,153.479,27.83707049,4278.1083367996
2021-01-16 00:00:00+00:00,144.567,145.77,144.567,145.77,53.21364007,7747.12094490011
2021-01-17 00:00:00+00:00,143.638,145.5,141.565,145.5,127.03094763,18186.1668832225
2021-01-18 00:00:00+00:00,143.124,143.124,142.0,142.812,8.88708569,1266.01677681129
2021-01-19 00:00:00+00:00,152.229,153.0,150.094,150.557,265.91833805,40147.72106160312
2021-01-20 00:00:00+00:00,152.48,156.177,151.327,155.882,305.543268,47078.30160241967
2021-01-21 00:00:00+00:00,150.0,150.178,148.632,149.199,294.73660052,44004.2037229389
2021-01-22 00:00:00+00:00,129.0,129.232,127.319,127.42,56.00404604,7199.61096789653
2021-01-23 00:00:00+00:00,137.407,137.407,134.421,136.461,604.55253108,81519.04618766197
2021-01-24 00:00:00+00:00,136.6,137.013,136.6,137.013,6.56112455,898.87791551316
2021-01-25 00:00:00+00:00,140.998,142.0,140.938,142.0,145.23262062,20550.43523962096
2021-01-26 00:00:00+00:00,137.021,138.938,136.428,138.938,54.1716651,7448.46334859332
2021-01-27 00:00:00+00:00,134.793,134.9,133.293,133.557,6.8366359,917.96652409836
2021-01-28 00:00:00+00:00,122.5,123.101,121.298,121.947,111.03743469,13570.19130964456
2021-01-29 00:00:00+00:00,133.762,136.758,133.533,136.265,219.57645746,29743.31583010881
2021-01-30 00:00:00+00:00,134.442,135.822,134.442,135.694,9.30545856,1257.45634739363
2021-01-31 00:00:00+00:00,133.635,133.635,132.612,132.877,73.3351813,9745.87763123164
2021-02-01 00:00:00+00:00,129.595,136.555,126.0,131.789,5404.04328893,708653.1872544824
2021-02-02 00:00:00+00:00,131.927,135.865,131.927,135.825,192.8745373,25987.62046263352
2021-02-03 00:00:00+00:00,142.586,144.91,142.049,144.906,10.85205787,1561.893302406
2021-02-04 00:00:00+00:00,156.472,158.0,156.472,157.6,330.01324672,52103.4745124711
2021-02-05 00:00:00+00:00,145.406,146.9,143.682,146.746,130.68199923,18966.99467605586
2021-02-06 00:00:00+00:00,155.234,163.987,150.143,155.833,8151.96207388,1292816.7177575321
2021-02-07 00:00:00+00:00,155.833,157.274,145.555,151.2,6678.89449109,1010365.5552962105
2021-02-08 00:00:00+00:00,150.904,168.998,148.148,167.493,9627.97247096,1539847.0969876696
2021-02-09 00:00:00+00:00,165.442,184.2,164.35,182.769,16027.24577854,2749620.372355597
2021-02-10 00:00:00+00:00,181.879,195.398,171.396,181.961,17622.43886043,3244767.447064861
2021-02-11 00:00:00+00:00,182.492,193.763,175.81,183.8,9288.25791674,1723651.6850965514
2021-02-12 00:00:00+00:00,183.953,199.959,176.831,196.701,11875.02038518,2224482.1733899796
2021-02-13 00:00:00+00:00,197.227,229.306,192.338,226.487,15824.72674487,3341439.839299331
2021-02-14 00:00:00+00:00,227.021,229.619,208.622,213.83,10258.70604188,2234874.9141395073
2021-02-15 00:00:00+00:00,214.015,219.874,185.515,208.514,15694.80277758,3216748.956782483
2021-02-16 00:00:00+00:00,207.403,222.059,200.41,210.167,10828.58866217,2274538.282023963
2021-02-17 00:00:00+00:00,210.578,237.769,203.295,237.698,10324.94630329,2322109.8141174717
2021-02-18 00:00:00+00:00,237.763,239.048,221.0,227.46,19418.06115919,4423019.329234934
2021-02-19 00:00:00+00:00,227.666,241.796,220.432,236.662,11055.65905346,2574288.6700395993
2021-02-20 00:00:00+00:00,236.546,246.912,215.0,227.755,17733.05667593,4164057.619296103
2021-02-21 00:00:00+00:00,226.107,233.569,220.844,227.584,6061.1386312,1380479.5545825455
2021-02-22 00:00:00+00:00,227.386,227.386,179.001,207.599,17393.16392565,3580356.4603383793
2021-02-23 00:00:00+00:00,208.41,208.481,159.496,177.634,20681.37637869,3656938.9959514365
2021-02-24 00:00:00+00:00,177.601,189.844,170.0,181.681,7182.31100937,1298249.6459378467
2021-02-25 00:00:00+00:00,181.802,205.0,175.491,179.282,9357.78575159,1782139.9679812503
2021-02-26 00:00:00+00:00,179.189,182.529,163.037,170.05,14295.15728234,2479612.1297735036
2021-02-27 00:00:00+00:00,170.327,180.238,167.567,172.024,9522.81813167,1662339.3103213334
2021-02-28 00:00:00+00:00,171.329,172.9,154.6,165.074,6976.52098662,1132143.2420038667
2021-03-01 00:00:00+00:00,165.774,176.999,163.8,176.15,7096.7879602,1215180.8509995816
2021-03-02 00:00:00+00:00,177.0,185.0,170.31,178.998,11316.80732823,2000606.272321335
2021-03-03 00:00:00+00:00,178.571,196.856,177.762,188.226,10137.22864419,1928081.964693032
2021-03-04 00:00:00+00:00,187.852,197.124,177.16,180.765,7272.52786616,1350367.7625779102
2021-03-05 00:00:00+00:00,179.73,183.014,169.0,180.668,8299.90364527,1449795.4604438264
2021-03-06 00:00:00+00:00,180.704,184.55,174.94,183.309,4370.1495328,791477.2798610571
2021-03-07 00:00:00+00:00,183.275,191.746,182.495,190.807,3894.96368088,726462.8280671006
2021-03-08 00:00:00+00:00,192.339,195.096,180.0,191.62,6139.90153512,1147042.6219955976
2021-03-09 00:00:00+00:00,192.204,205.0,189.348,203.85,9068.7137124,1799913.645762039
2021-03-10 00:00:00+00:00,203.931,207.875,191.718,200.236,7979.92593334,1604009.8834238893
2021-03-11 00:00:00+00:00,200.013,203.651,191.073,201.203,5666.30675195,1125454.9025848105
2021-03-12 00:00:00+00:00,203.234,224.029,198.823,220.54,14832.22771117,3122356.7914501447
2021-03-13 00:00:00+00:00,220.975,230.0,213.005,226.089,7946.53920425,1777289.3112003496
2021-03-14 00:00:00+00:00,226.155,228.0,213.979,214.0,4737.94023206,1044334.2574015387
2021-03-15 00:00:00+00:00,213.999,222.22,197.867,201.027,11924.66853721,2457672.9179444574
2021-03-16 00:00:00+00:00,200.77,205.078,191.375,201.316,7893.08414328,1559662.5938053073
2021-03-17 00:00:00+00:00,202.0,206.591,194.422,205.995,5126.04406124,1030616.2378698997
2021-03-18 00:00:00+00:00,205.995,208.014,199.202,200.049,4637.26995736,944256.7149036691
2021-03-19 00:00:00+00:00,199.613,204.912,196.0,200.274,6718.53634172,1352818.6806442584
2021-03-20 00:00:00+00:00,199.721,205.954,199.1,199.7,3011.6769784,611316.7923773563
