time,XRP open,XRP high,XRP low,XRP close,XRP volume,XRP daily_return
2019-03-20 00:00:00+00:00,0.314,0.321,0.311,0.317,1415590.16603294,
2019-03-21 00:00:00+00:00,0.317,0.317,0.303,0.309,782117.87490359,-0.025236593059936974
2019-03-22 00:00:00+00:00,0.309,0.312,0.306,0.31,570221.35711726,0.003236245954692629
2019-03-23 00:00:00+00:00,0.309,0.311,0.308,0.31,158172.05993248,0.0
2019-03-24 00:00:00+00:00,0.309,0.309,0.304,0.306,465113.08225406,-0.012903225806451646
2019-03-25 00:00:00+00:00,0.306,0.306,0.298,0.3,1104694.73805542,-0.019607843137254943
2019-03-26 00:00:00+00:00,0.301,0.302,0.292,0.3,733784.47043561,0.0
2019-03-27 00:00:00+00:00,0.3,0.31,0.299,0.31,386346.96434798,0.03333333333333344
2019-03-28 00:00:00+00:00,0.309,0.309,0.303,0.305,677440.96591358,-0.016129032258064502
2019-03-29 00:00:00+00:00,0.305,0.309,0.304,0.307,754216.98348223,0.006557377049180246
2019-03-30 00:00:00+00:00,0.307,0.317,0.307,0.31,888264.90841883,0.009771986970684043
2019-03-31 00:00:00+00:00,0.31,0.311,0.307,0.308,901210.46604283,-0.006451612903225823
2019-04-01 00:00:00+00:00,0.308,0.314,0.307,0.313,1326367.92419953,0.016233766233766156
2019-04-02 00:00:00+00:00,0.312,0.36,0.311,0.354,8395918.47381016,0.1309904153354633
2019-04-03 00:00:00+00:00,0.354,0.375,0.329,0.343,8921748.9637548,-0.031073446327683496
2019-04-04 00:00:00+00:00,0.343,0.349,0.325,0.33,2760095.9182364,-0.03790087463556857
2019-04-05 00:00:00+00:00,0.331,0.378,0.331,0.363,4433684.94435379,0.09999999999999987
2019-04-06 00:00:00+00:00,0.363,0.365,0.347,0.352,1951946.41862409,-0.030303030303030276
2019-04-07 00:00:00+00:00,0.352,0.366,0.35,0.363,1403525.14162276,0.03125
2019-04-08 00:00:00+00:00,0.362,0.371,0.348,0.358,1712161.27092236,-0.01377410468319562
2019-04-09 00:00:00+00:00,0.356,0.357,0.349,0.349,1029149.45963556,-0.025139664804469275
2019-04-10 00:00:00+00:00,0.35,0.361,0.349,0.355,798637.31368522,0.017191977077363862
2019-04-11 00:00:00+00:00,0.355,0.355,0.323,0.328,3142657.98032104,-0.07605633802816891
2019-04-12 00:00:00+00:00,0.329,0.331,0.318,0.325,1445504.84916073,-0.009146341463414642
2019-04-13 00:00:00+00:00,0.325,0.337,0.323,0.327,543577.43875927,0.006153846153846176
2019-04-14 00:00:00+00:00,0.326,0.331,0.323,0.329,525480.55467279,0.006116207951070374
2019-04-15 00:00:00+00:00,0.329,0.332,0.314,0.319,1713206.38606459,-0.03039513677811556
2019-04-16 00:00:00+00:00,0.319,0.327,0.317,0.326,503040.96635625,0.021943573667711602
2019-04-17 00:00:00+00:00,0.327,0.342,0.321,0.335,1755409.492468,0.027607361963190247
2019-04-18 00:00:00+00:00,0.335,0.348,0.335,0.337,1125374.96729032,0.005970149253731405
2019-04-19 00:00:00+00:00,0.337,0.337,0.328,0.332,809043.28364231,-0.014836795252225476
2019-04-20 00:00:00+00:00,0.332,0.334,0.323,0.328,548902.01166529,-0.012048192771084376
2019-04-21 00:00:00+00:00,0.329,0.329,0.317,0.322,496880.87378599,-0.018292682926829285
2019-04-22 00:00:00+00:00,0.323,0.333,0.319,0.324,553716.16286783,0.006211180124223503
2019-04-23 00:00:00+00:00,0.323,0.329,0.321,0.321,1136152.74055666,-0.0092592592592593
2019-04-24 00:00:00+00:00,0.32,0.322,0.292,0.3,3934061.49937736,-0.06542056074766356
2019-04-25 00:00:00+00:00,0.301,0.307,0.28,0.287,3396458.0294826,-0.043333333333333335
2019-04-26 00:00:00+00:00,0.286,0.296,0.283,0.294,1949247.39894666,0.024390243902439046
2019-04-27 00:00:00+00:00,0.294,0.297,0.29,0.292,658419.02506786,-0.006802721088435382
2019-04-28 00:00:00+00:00,0.292,0.295,0.288,0.291,416375.11694154,-0.003424657534246589
2019-04-29 00:00:00+00:00,0.291,0.293,0.284,0.287,498041.00231329,-0.013745704467354014
2019-04-30 00:00:00+00:00,0.289,0.308,0.287,0.306,1255707.19700918,0.06620209059233462
2019-05-01 00:00:00+00:00,0.307,0.308,0.297,0.299,688316.96301625,-0.022875816993464082
2019-05-02 00:00:00+00:00,0.3,0.301,0.295,0.297,687226.35331618,-0.006688963210702337
2019-05-03 00:00:00+00:00,0.296,0.307,0.296,0.303,1685133.5665732,0.02020202020202011
2019-05-04 00:00:00+00:00,0.3039,0.312,0.2948,0.299,1095292.76888825,-0.01320132013201325
2019-05-05 00:00:00+00:00,0.3,0.301,0.296,0.298,764740.79038161,-0.0033444816053511683
2019-05-06 00:00:00+00:00,0.29701,0.30301,0.292,0.3,935804.94939688,0.006711409395973256
2019-05-07 00:00:00+00:00,0.3,0.30378,0.293,0.293,595300.91349858,-0.023333333333333317
2019-05-08 00:00:00+00:00,0.29285,0.299,0.29101,0.29702,626934.18571325,0.013720136518771353
2019-05-09 00:00:00+00:00,0.297,0.29963,0.29,0.294,560773.74577041,-0.010167665477072374
2019-05-10 00:00:00+00:00,0.29301,0.3,0.29,0.29787,573580.36254571,0.013163265306122662
2019-05-11 00:00:00+00:00,0.29795,0.341,0.2979,0.32301,2829900.29213779,0.08439923456541432
2019-05-12 00:00:00+00:00,0.3216,0.332,0.305,0.31,2306515.05377106,-0.04027739079285475
2019-05-13 00:00:00+00:00,0.30908,0.33223,0.30721,0.325,2652519.1333088,0.048387096774193505
2019-05-14 00:00:00+00:00,0.32566,0.422,0.323,0.41,10139081.4521743,0.2615384615384615
2019-05-15 00:00:00+00:00,0.41,0.46999,0.40807,0.45999,6005749.28828734,0.12192682926829268
2019-05-16 00:00:00+00:00,0.45803,0.47978,0.39348,0.418,5975159.52431848,-0.09128459314332926
2019-05-17 00:00:00+00:00,0.419,0.42399,0.35801,0.389,6225197.49540991,-0.06937799043062198
2019-05-18 00:00:00+00:00,0.389,0.39401,0.365,0.373,1401556.60800899,-0.04113110539845766
2019-05-19 00:00:00+00:00,0.372,0.429,0.37101,0.4195,2841844.98692041,0.12466487935656834
2019-05-20 00:00:00+00:00,0.418,0.418,0.38,0.4,2065703.82218011,-0.04648390941597136
2019-05-21 00:00:00+00:00,0.4,0.408,0.38841,0.399,1078748.03989127,-0.0024999999999999467
2019-05-22 00:00:00+00:00,0.39899,0.41202,0.36678,0.372,4980858.74913723,-0.06766917293233088
2019-05-23 00:00:00+00:00,0.37,0.38499,0.362,0.381,1055266.49620311,0.024193548387096753
2019-05-24 00:00:00+00:00,0.382,0.39599,0.373,0.384,938572.4833527,0.007874015748031482
2019-05-25 00:00:00+00:00,0.38598,0.39696,0.38205,0.387,951012.21809728,0.0078125
2019-05-26 00:00:00+00:00,0.387,0.415,0.375,0.41,4504599.41699485,0.05943152454780343
2019-05-27 00:00:00+00:00,0.41,0.44682,0.406,0.433,2751319.1183078,0.056097560975609806
2019-05-28 00:00:00+00:00,0.43301,0.46,0.41999,0.44921,3481692.77751672,0.03743648960739021
2019-05-29 00:00:00+00:00,0.44699,0.457,0.42046,0.443,2122571.71656756,-0.013824269272723178
2019-05-30 00:00:00+00:00,0.44301,0.474,0.401,0.419,4131568.74495463,-0.05417607223476306
2019-05-31 00:00:00+00:00,0.4182,0.44095,0.408,0.438,1437034.75860793,0.04534606205250591
2019-06-01 00:00:00+00:00,0.439,0.441,0.42,0.43,1015322.81380078,-0.0182648401826484
2019-06-02 00:00:00+00:00,0.429,0.44699,0.429,0.44599,1213603.57581553,0.037186046511627824
2019-06-03 00:00:00+00:00,0.445,0.46368,0.41607,0.4167,2575828.14951348,-0.06567411825377245
2019-06-04 00:00:00+00:00,0.41799,0.418,0.384,0.398,4144711.06001862,-0.04487640988720898
2019-06-05 00:00:00+00:00,0.399,0.406,0.388,0.403,1918918.89895371,0.012562814070351758
2019-06-06 00:00:00+00:00,0.4,0.428,0.392,0.42097,2261818.99512738,0.04459057071960304
2019-06-07 00:00:00+00:00,0.42099,0.43199,0.416,0.42125,1474386.42615981,0.0006651305318667866
2019-06-08 00:00:00+00:00,0.42,0.422,0.404,0.41,2233446.14233299,-0.02670623145400597
2019-06-09 00:00:00+00:00,0.41083,0.41162,0.3737,0.38699,1698648.04797186,-0.056121951219512134
2019-06-10 00:00:00+00:00,0.385,0.40578,0.38101,0.4015,874429.81695805,0.03749450890203887
2019-06-11 00:00:00+00:00,0.403,0.403,0.38399,0.394,1998354.74797746,-0.018679950186799466
2019-06-12 00:00:00+00:00,0.394,0.404,0.38601,0.402,1437666.65966872,0.020304568527918843
2019-06-13 00:00:00+00:00,0.40199,0.41,0.397,0.39997,727137.61222133,-0.005049751243781153
2019-06-14 00:00:00+00:00,0.4,0.40535,0.392,0.405,1106058.43139236,0.012575943195739736
2019-06-15 00:00:00+00:00,0.40499,0.4149,0.403,0.411,837815.42254888,0.014814814814814614
2019-06-16 00:00:00+00:00,0.41259,0.442,0.409,0.428,2150038.23723124,0.041362530413625365
2019-06-17 00:00:00+00:00,0.428,0.46199,0.427,0.448,2529500.1641848,0.04672897196261694
2019-06-18 00:00:00+00:00,0.44702,0.45698,0.419,0.42603,1996087.10116497,-0.049040178571428505
2019-06-19 00:00:00+00:00,0.428,0.439,0.425,0.43455,1843263.2700314,0.019998591648475283
2019-06-20 00:00:00+00:00,0.435,0.437,0.42,0.43001,1266863.96526345,-0.010447589460361284
2019-06-21 00:00:00+00:00,0.43001,0.45,0.43001,0.445,1786280.45048104,0.034859654426641296
2019-06-22 00:00:00+00:00,0.445,0.507,0.44201,0.472,5182051.90286937,0.06067415730337067
2019-06-23 00:00:00+00:00,0.475,0.48898,0.461,0.46501,1517949.79416624,-0.014809322033898287
2019-06-24 00:00:00+00:00,0.465,0.474,0.44565,0.47292,1427685.56472144,0.017010386873400618
2019-06-25 00:00:00+00:00,0.474,0.475,0.45403,0.46598,1323511.56997732,-0.014674786433223397
2019-06-26 00:00:00+00:00,0.467,0.492,0.43309,0.457,4881708.72313738,-0.01927121335679638
2019-06-27 00:00:00+00:00,0.45699,0.4649,0.38,0.40598,4197557.14169693,-0.11164113785557983
2019-06-28 00:00:00+00:00,0.403,0.42252,0.397,0.42101,1747393.86624349,0.037021528154096206
2019-06-29 00:00:00+00:00,0.422,0.427,0.401,0.424,1247247.17703815,0.007101969074368775
2019-06-30 00:00:00+00:00,0.425,0.426,0.39141,0.39141,1649141.50971233,-0.0768632075471698
2019-07-01 00:00:00+00:00,0.39141,0.418,0.387,0.40771,992755.09819836,0.04164431159142601
2019-07-02 00:00:00+00:00,0.40589,0.407,0.381,0.39701,566822.34287709,-0.026244144122047675
2019-07-03 00:00:00+00:00,0.4,0.40799,0.396,0.40507,962159.67813996,0.020301755623284068
2019-07-04 00:00:00+00:00,0.40507,0.40594,0.38599,0.38699,774455.20748579,-0.04463426074505639
2019-07-05 00:00:00+00:00,0.386,0.3877,0.374,0.37999,1052168.22873757,-0.01808832269567695
2019-07-06 00:00:00+00:00,0.38,0.41,0.38,0.38999,1105130.9891974,0.02631648201268466
2019-07-07 00:00:00+00:00,0.39,0.4,0.38763,0.39801,379611.59989752,0.020564629862304118
2019-07-08 00:00:00+00:00,0.39963,0.40495,0.393,0.40202,669782.05086927,0.010075123740609593
2019-07-09 00:00:00+00:00,0.40201,0.40703,0.39004,0.394,912758.8285751,-0.0199492562559076
2019-07-10 00:00:00+00:00,0.3935,0.39699,0.352,0.361,2577646.21011397,-0.08375634517766506
2019-07-11 00:00:00+00:00,0.361,0.362,0.319,0.327,2361796.84649758,-0.09418282548476442
2019-07-12 00:00:00+00:00,0.327,0.35,0.32,0.346,793116.91665574,0.058103975535167995
2019-07-13 00:00:00+00:00,0.34499,0.34499,0.324,0.332,471730.87546869,-0.040462427745664664
2019-07-14 00:00:00+00:00,0.333,0.334,0.3,0.304,1155414.55583148,-0.08433734939759041
2019-07-15 00:00:00+00:00,0.305,0.32397,0.29,0.31499,2161425.72761432,0.036151315789473726
2019-07-16 00:00:00+00:00,0.313,0.31997,0.284,0.295,2747223.46543415,-0.06346233213752817
2019-07-17 00:00:00+00:00,0.297,0.324,0.29317,0.31,2020332.75935854,0.05084745762711873
2019-07-18 00:00:00+00:00,0.312,0.32604,0.304,0.32101,1087428.49788478,0.03551612903225809
2019-07-19 00:00:00+00:00,0.32101,0.32291,0.31,0.32,971579.23457379,-0.0031463194293013252
2019-07-20 00:00:00+00:00,0.321,0.342,0.32,0.334,1737692.50563877,0.043749999999999956
2019-07-21 00:00:00+00:00,0.333,0.335,0.32199,0.33,389218.56253699,-0.0119760479041916
2019-07-22 00:00:00+00:00,0.33199,0.33298,0.316,0.32036,694945.08266091,-0.029212121212121356
2019-07-23 00:00:00+00:00,0.32039,0.32085,0.307,0.309,641334.60646785,-0.03546010737919836
2019-07-24 00:00:00+00:00,0.307,0.3182,0.303,0.31599,500487.37612771,0.022621359223300885
2019-07-25 00:00:00+00:00,0.316,0.3235,0.31202,0.314,384693.55592951,-0.006297667647710337
2019-07-26 00:00:00+00:00,0.31316,0.32586,0.30802,0.32297,554791.28154673,0.02856687898089172
2019-07-27 00:00:00+00:00,0.32224,0.329,0.30361,0.31,877787.71546005,-0.040158528655912296
2019-07-28 00:00:00+00:00,0.309,0.31429,0.29904,0.312,418413.19703641,0.006451612903225712
2019-07-29 00:00:00+00:00,0.31199,0.314,0.30592,0.31,412408.15989646,-0.0064102564102563875
2019-07-30 00:00:00+00:00,0.30927,0.3226,0.30639,0.319,510644.43618964,0.029032258064516148
2019-07-31 00:00:00+00:00,0.319,0.32365,0.316,0.32,370537.57001324,0.0031347962382444194
2019-08-01 00:00:00+00:00,0.32,0.32,0.31202,0.31673,283378.36668608,-0.010218749999999943
2019-08-02 00:00:00+00:00,0.315,0.31811,0.30928,0.31256,353726.5253698,-0.013165787895052627
2019-08-03 00:00:00+00:00,0.31213,0.31777,0.31112,0.3163,212484.72095909,0.011965702585103655
2019-08-04 00:00:00+00:00,0.3164,0.32307,0.31293,0.32,193564.55244326,0.011697755295605461
2019-08-05 00:00:00+00:00,0.32,0.331,0.31966,0.32136,668920.01440805,0.004249999999999865
2019-08-06 00:00:00+00:00,0.322,0.32483,0.30755,0.311,788879.15113063,-0.032237988548668106
2019-08-07 00:00:00+00:00,0.311,0.31599,0.307,0.311,505125.47819364,0.0
2019-08-08 00:00:00+00:00,0.311,0.3114,0.304,0.308,469628.83417678,-0.009646302250803873
2019-08-09 00:00:00+00:00,0.308,0.30808,0.29,0.29528,626822.00019658,-0.04129870129870128
2019-08-10 00:00:00+00:00,0.296,0.3058,0.29011,0.29885,304230.96548062,0.012090219452722817
2019-08-11 00:00:00+00:00,0.299,0.306,0.295,0.30276,294327.03616618,0.013083486699012825
2019-08-12 00:00:00+00:00,0.3023,0.30306,0.29814,0.30061,236764.11557143,-0.007101334390276048
2019-08-13 00:00:00+00:00,0.30084,0.30098,0.29199,0.29664,316193.42709076,-0.013206480157013978
2019-08-14 00:00:00+00:00,0.29664,0.29709,0.2542,0.26201,1470154.60484263,-0.11674083063646168
2019-08-15 00:00:00+00:00,0.263,0.26796,0.25005,0.264,722063.67016058,0.007595129956871949
2019-08-16 00:00:00+00:00,0.26398,0.26574,0.255,0.26174,550582.25961027,-0.008560606060606157
2019-08-17 00:00:00+00:00,0.26174,0.26851,0.25969,0.26597,402677.31832217,0.01616107587682447
2019-08-18 00:00:00+00:00,0.2648,0.2915,0.26366,0.28301,951974.3736463,0.0640673760198518
2019-08-19 00:00:00+00:00,0.28285,0.29032,0.27662,0.28228,1253943.94577876,-0.0025794141549768668
2019-08-20 00:00:00+00:00,0.28218,0.28218,0.2712,0.27443,352587.25888827,-0.027809267394076742
2019-08-21 00:00:00+00:00,0.27363,0.27425,0.25808,0.26597,1157639.72270951,-0.030827533432933762
2019-08-22 00:00:00+00:00,0.26625,0.27369,0.26146,0.271,362976.23012133,0.01891190735797288
2019-08-23 00:00:00+00:00,0.27029,0.27862,0.26786,0.27631,214381.86095124,0.01959409594095929
2019-08-24 00:00:00+00:00,0.27691,0.27715,0.264,0.27063,406078.14450185,-0.02055662118634871
2019-08-25 00:00:00+00:00,0.27232,0.27637,0.26648,0.26694,130821.3547193,-0.01363485201197201
2019-08-26 00:00:00+00:00,0.27164,0.28,0.267,0.26964,453433.23799024,0.01011463250168565
2019-08-27 00:00:00+00:00,0.26964,0.26999,0.265,0.26851,253793.24834087,-0.004190772882361582
2019-08-28 00:00:00+00:00,0.26832,0.26832,0.24698,0.25616,937453.87412362,-0.045994562586123555
2019-08-29 00:00:00+00:00,0.255,0.26238,0.24741,0.25707,823444.67804807,0.0035524672079951802
2019-08-30 00:00:00+00:00,0.255,0.25683,0.253,0.25511,400037.86778053,-0.007624382463920387
2019-08-31 00:00:00+00:00,0.25518,0.26,0.25323,0.25759,699134.19297188,0.009721296695543113
2019-09-01 00:00:00+00:00,0.2583,0.2583,0.2515,0.25611,1196622.36782456,-0.005745564657013036
2019-09-02 00:00:00+00:00,0.25599,0.26469,0.25411,0.26124,354217.0656196,0.020030455663582192
2019-09-03 00:00:00+00:00,0.26125,0.267,0.25872,0.26594,1949778.10725825,0.0179911192772928
2019-09-04 00:00:00+00:00,0.26226,0.26305,0.2561,0.25882,441516.09600752,-0.02677295630593368
2019-09-05 00:00:00+00:00,0.25853,0.25956,0.254,0.25683,325067.25454774,-0.00768874121010743
2019-09-06 00:00:00+00:00,0.25685,0.25929,0.2475,0.25001,1425318.87807898,-0.02655453023400689
2019-09-07 00:00:00+00:00,0.25072,0.263,0.2505,0.26154,413798.61542486,0.04611815527378904
2019-09-08 00:00:00+00:00,0.26117,0.266,0.2566,0.26231,269198.63599682,0.0029441003288215306
2019-09-09 00:00:00+00:00,0.26239,0.2649,0.25662,0.25912,265626.37489927,-0.012161183332697889
2019-09-10 00:00:00+00:00,0.25912,0.26322,0.25338,0.25886,322279.4002696,-0.0010033961099106259
2019-09-11 00:00:00+00:00,0.259,0.26006,0.25163,0.25561,320229.51293845,-0.012555049061268586
2019-09-12 00:00:00+00:00,0.25556,0.2565,0.251,0.25455,508435.43223566,-0.004146942607879178
2019-09-13 00:00:00+00:00,0.25455,0.25609,0.25285,0.25526,495947.86978517,0.002789235906501597
2019-09-14 00:00:00+00:00,0.25555,0.266,0.25428,0.26231,390354.40929053,0.027618898378124257
2019-09-15 00:00:00+00:00,0.26232,0.26443,0.25899,0.2595,162554.42364219,-0.010712515725668004
2019-09-16 00:00:00+00:00,0.26138,0.264,0.25701,0.26029,701736.09377091,0.003044315992292823
2019-09-17 00:00:00+00:00,0.26158,0.29895,0.2606,0.2845,2994969.54365838,0.09301164086211511
2019-09-18 00:00:00+00:00,0.28597,0.32601,0.28597,0.3126,3061799.6654752,0.09876977152899835
2019-09-19 00:00:00+00:00,0.31365,0.31367,0.28304,0.30206,2005477.28249912,-0.03371721049264231
2019-09-20 00:00:00+00:00,0.30101,0.30101,0.28401,0.29346,836273.47032253,-0.02847116466927102
2019-09-21 00:00:00+00:00,0.293,0.29698,0.28699,0.28998,326333.19667855,-0.011858515640973177
2019-09-22 00:00:00+00:00,0.28937,0.28937,0.269,0.27792,860153.99837199,-0.04158907510862819
2019-09-23 00:00:00+00:00,0.27605,0.2862,0.26639,0.26639,854834.83628977,-0.041486758779504807
2019-09-24 00:00:00+00:00,0.26678,0.27219,0.216,0.234,3000625.87855734,-0.1215886482225309
2019-09-25 00:00:00+00:00,0.234,0.24974,0.23293,0.24594,729795.47500001,0.05102564102564089
2019-09-26 00:00:00+00:00,0.24479,0.24975,0.22901,0.245,1057061.58086259,-0.003822070423680546
2019-09-27 00:00:00+00:00,0.24282,0.24798,0.234,0.2424,550783.66391283,-0.0106122448979592
2019-09-28 00:00:00+00:00,0.243,0.24798,0.23869,0.24179,345788.79556405,-0.0025165016501650372
2019-09-29 00:00:00+00:00,0.24225,0.24225,0.23508,0.242,299052.50766443,0.0008685222713924468
2019-09-30 00:00:00+00:00,0.23915,0.261,0.23575,0.25603,1660000.6244813,0.057975206611570185
2019-10-01 00:00:00+00:00,0.25679,0.262,0.24578,0.25007,742896.54616356,-0.02327852204819736
2019-10-02 00:00:00+00:00,0.24986,0.255,0.2445,0.25478,593834.57415072,0.0188347262766424
2019-10-03 00:00:00+00:00,0.25442,0.25446,0.242,0.24768,414483.62747994,-0.02786717952743545
2019-10-04 00:00:00+00:00,0.24747,0.25689,0.24589,0.25332,368674.67034131,0.022771317829457294
2019-10-05 00:00:00+00:00,0.2522,0.25655,0.24787,0.253,412579.26887299,-0.001263224380230521
2019-10-06 00:00:00+00:00,0.253,0.25698,0.25121,0.25259,318204.89983235,-0.0016205533596839183
2019-10-07 00:00:00+00:00,0.25523,0.281,0.25492,0.27656,1383077.97896849,0.09489686844293121
2019-10-08 00:00:00+00:00,0.27511,0.286,0.27032,0.27713,776407.0839604,0.0020610355799826063
2019-10-09 00:00:00+00:00,0.27701,0.288,0.2739,0.2827,819638.23203212,0.020098870566160443
2019-10-10 00:00:00+00:00,0.2827,0.2827,0.26519,0.27101,486554.39095155,-0.04135125574814302
2019-10-11 00:00:00+00:00,0.27125,0.27662,0.26551,0.26644,517530.99792138,-0.01686284638943203
2019-10-12 00:00:00+00:00,0.26928,0.278,0.26928,0.273,246033.92188305,0.02462092778862046
2019-10-13 00:00:00+00:00,0.27301,0.28196,0.27145,0.27769,238608.68693599,0.01717948717948703
2019-10-14 00:00:00+00:00,0.27734,0.2985,0.2764,0.2985,1377874.5643839,0.07493968093917669
2019-10-15 00:00:00+00:00,0.29898,0.29901,0.2837,0.28806,900709.52413002,-0.03497487437185931
2019-10-16 00:00:00+00:00,0.28816,0.292,0.27849,0.28396,706912.18951125,-0.014233145872387665
2019-10-17 00:00:00+00:00,0.28347,0.30313,0.28001,0.30194,1261914.62448707,0.06331877729257651
2019-10-18 00:00:00+00:00,0.30118,0.30214,0.28413,0.29404,793920.74287876,-0.026164138570576867
2019-10-19 00:00:00+00:00,0.29356,0.29899,0.288,0.29037,343324.81868099,-0.012481295061896325
2019-10-20 00:00:00+00:00,0.292,0.297,0.282,0.29337,622945.02783026,0.010331645831180847
2019-10-21 00:00:00+00:00,0.29289,0.2945,0.28901,0.29329,209589.68854791,-0.0002726931860791426
2019-10-22 00:00:00+00:00,0.29256,0.302,0.289,0.29183,723913.42877601,-0.004978008114835175
2019-10-23 00:00:00+00:00,0.29085,0.29169,0.2545,0.273,1868462.28637793,-0.06452386663468446
2019-10-24 00:00:00+00:00,0.273,0.28073,0.26602,0.27782,634888.76723579,0.01765567765567755
2019-10-25 00:00:00+00:00,0.27548,0.30798,0.27545,0.29797,2463165.0431657,0.07252897559570948
2019-10-26 00:00:00+00:00,0.29949,0.31495,0.28423,0.294,2760797.63755832,-0.013323488941839878
2019-10-27 00:00:00+00:00,0.29465,0.30267,0.29085,0.29902,1033159.58675355,0.017074829931972957
2019-10-28 00:00:00+00:00,0.2998,0.30698,0.29402,0.29545,918480.45589194,-0.011939000735736838
2019-10-29 00:00:00+00:00,0.29617,0.30966,0.29512,0.30318,582054.62242171,0.026163479438145343
2019-10-30 00:00:00+00:00,0.30201,0.3063,0.29076,0.295,474069.89750555,-0.02698067154825523
2019-10-31 00:00:00+00:00,0.29715,0.298,0.28847,0.29471,722208.68041889,-0.000983050847457534
2019-11-01 00:00:00+00:00,0.29477,0.29497,0.2845,0.29222,609974.26238331,-0.008448983746734195
2019-11-02 00:00:00+00:00,0.293,0.29798,0.29188,0.29573,253045.64201118,0.012011498186297986
2019-11-03 00:00:00+00:00,0.29594,0.2964,0.28907,0.29001,360657.96540303,-0.01934196733506921
2019-11-04 00:00:00+00:00,0.29005,0.3005,0.2895,0.29994,904720.11395519,0.03424019861384098
2019-11-05 00:00:00+00:00,0.29998,0.30432,0.29503,0.30168,419073.27591636,0.005801160232046465
2019-11-06 00:00:00+00:00,0.29986,0.313,0.297,0.31,873047.07018703,0.027578891540705364
2019-11-07 00:00:00+00:00,0.31001,0.314,0.27505,0.29099,1484816.53648051,-0.06132258064516116
2019-11-08 00:00:00+00:00,0.28986,0.29094,0.271,0.27597,1030584.08931898,-0.051616894051342066
2019-11-09 00:00:00+00:00,0.2758,0.28157,0.275,0.27822,422791.90290841,0.008153060115229982
2019-11-10 00:00:00+00:00,0.27945,0.28394,0.27714,0.27907,486577.3773766,0.003055136223132582
2019-11-11 00:00:00+00:00,0.27907,0.28067,0.27,0.27348,580528.91965001,-0.02003081664098605
2019-11-12 00:00:00+00:00,0.27395,0.276,0.26702,0.27177,219569.28414763,-0.00625274243089069
2019-11-13 00:00:00+00:00,0.27218,0.275,0.26977,0.27232,262526.83211242,0.0020237700997165486
2019-11-14 00:00:00+00:00,0.27155,0.27228,0.263,0.26766,429052.74216751,-0.01711222091656872
2019-11-15 00:00:00+00:00,0.2679,0.2688,0.252,0.25989,564849.69988057,-0.029029365613091218
2019-11-16 00:00:00+00:00,0.25998,0.264,0.25925,0.26262,434975.84366768,0.010504444187925621
2019-11-17 00:00:00+00:00,0.2622,0.26592,0.25895,0.26304,228638.62148076,0.001599268905642992
2019-11-18 00:00:00+00:00,0.26325,0.26325,0.24094,0.25231,527496.25939676,-0.04079227493917281
2019-11-19 00:00:00+00:00,0.25253,0.25549,0.2435,0.25303,323137.99856622,0.0028536324362886667
2019-11-20 00:00:00+00:00,0.25313,0.25864,0.24719,0.249,786899.50729808,-0.0159269651819941
2019-11-21 00:00:00+00:00,0.24997,0.252,0.235,0.24364,900013.99628948,-0.021526104417670666
2019-11-22 00:00:00+00:00,0.2439,0.24555,0.222,0.23178,1181230.5101845,-0.04867837793465757
2019-11-23 00:00:00+00:00,0.23063,0.2359,0.22632,0.23385,1048895.82904486,0.008930882733626744
2019-11-24 00:00:00+00:00,0.2342,0.2342,0.219,0.21905,299036.66011061,-0.06328843275604024
2019-11-25 00:00:00+00:00,0.21804,0.225,0.20032,0.21867,1671168.14993496,-0.0017347637525678694
2019-11-26 00:00:00+00:00,0.21799,0.2214,0.214,0.22099,886975.3500574,0.010609594365939445
2019-11-27 00:00:00+00:00,0.2194,0.22991,0.21301,0.22458,1925883.72754575,0.01624507896284899
2019-11-28 00:00:00+00:00,0.22458,0.22946,0.223,0.22386,616718.38257616,-0.0032059845044082325
2019-11-29 00:00:00+00:00,0.22352,0.232,0.22352,0.23045,930544.16024392,0.029438041633163436
2019-11-30 00:00:00+00:00,0.23031,0.23199,0.22403,0.2261,444286.06682479,-0.018876111954870822
2019-12-01 00:00:00+00:00,0.2256,0.2256,0.21891,0.22516,609249.1339766,-0.004157452454666033
2019-12-02 00:00:00+00:00,0.2252,0.22651,0.21762,0.22054,578081.18914602,-0.020518742227749076
2019-12-03 00:00:00+00:00,0.21999,0.222,0.21864,0.21997,211223.23360065,-0.002584565158248009
2019-12-04 00:00:00+00:00,0.21952,0.225,0.21,0.2153,1013797.31017214,-0.021230167750147744
2019-12-05 00:00:00+00:00,0.21413,0.226,0.2125,0.22245,160660.58825149,0.033209475150952183
2019-12-06 00:00:00+00:00,0.22146,0.22625,0.22,0.22625,260547.11435705,0.017082490447291487
2019-12-07 00:00:00+00:00,0.22552,0.2284,0.224,0.22799,109297.94759425,0.007690607734806676
2019-12-08 00:00:00+00:00,0.22701,0.232,0.22464,0.23,199198.25738186,0.008816176148076726
2019-12-09 00:00:00+00:00,0.2235,0.22357,0.22244,0.22357,12747.81406596,-0.027956521739130547
2019-12-10 00:00:00+00:00,0.22489,0.2249,0.21905,0.22227,226487.58934652,-0.005814733640470582
2019-12-11 00:00:00+00:00,0.22326,0.22326,0.21987,0.221,189220.19267764,-0.005713771539119006
2019-12-12 00:00:00+00:00,0.22195,0.22195,0.217,0.219,270445.90839196,-0.009049773755656076
2019-12-13 00:00:00+00:00,0.21861,0.22183,0.2135,0.21937,830276.17335134,0.001689497716895083
2019-12-14 00:00:00+00:00,0.22001,0.22278,0.215,0.216,806219.86760471,-0.015362173496831888
2019-12-15 00:00:00+00:00,0.21557,0.21905,0.21527,0.21755,79833.8265385,0.007175925925925863
2019-12-16 00:00:00+00:00,0.21721,0.21727,0.203,0.20572,670072.74647182,-0.054378303838198194
2019-12-17 00:00:00+00:00,0.20535,0.2062,0.17713,0.182,2491072.04422413,-0.11530235271242462
2019-12-18 00:00:00+00:00,0.18296,0.2,0.17534,0.19583,1415179.33846605,0.07598901098901112
2019-12-19 00:00:00+00:00,0.19688,0.19688,0.18465,0.18879,565323.01687614,-0.03594954807741402
2019-12-20 00:00:00+00:00,0.188,0.19751,0.184,0.195,711719.85725114,0.03289369140314635
2019-12-21 00:00:00+00:00,0.1948,0.1949,0.19012,0.19123,694157.31096927,-0.019333333333333313
2019-12-22 00:00:00+00:00,0.191,0.19663,0.191,0.19601,188240.12545349,0.024996078021230828
2019-12-23 00:00:00+00:00,0.19699,0.19824,0.189,0.19008,512719.97721481,-0.03025355849191358
2019-12-24 00:00:00+00:00,0.18928,0.19284,0.18802,0.19049,430660.66356971,0.0021569865319865933
2019-12-25 00:00:00+00:00,0.19111,0.19129,0.18608,0.18887,475373.98571519,-0.008504383432201057
2019-12-26 00:00:00+00:00,0.18888,0.19333,0.18617,0.18947,339513.99338407,0.003176788267061914
2019-12-27 00:00:00+00:00,0.18891,0.18957,0.18413,0.18875,159972.33085674,-0.0038000738903256615
2019-12-28 00:00:00+00:00,0.18979,0.19476,0.18979,0.19307,452371.26295898,0.022887417218542927
2019-12-29 00:00:00+00:00,0.193,0.19799,0.19072,0.19724,362582.0758133,0.02159838400580094
2019-12-30 00:00:00+00:00,0.19638,0.19719,0.19144,0.19231,72601.99910832,-0.024994930034475726
2019-12-31 00:00:00+00:00,0.1925,0.19334,0.18919,0.19334,202873.23934469,0.005355935728771355
2020-01-01 00:00:00+00:00,0.1917,0.19489,0.19115,0.1915,178582.46328062,-0.009516913209889344
2020-01-02 00:00:00+00:00,0.191,0.1916,0.1851,0.18747,202221.34133313,-0.02104438642297657
2020-01-03 00:00:00+00:00,0.186,0.19377,0.184,0.19255,425434.75248815,0.027097668960367027
2020-01-04 00:00:00+00:00,0.193,0.1935,0.19119,0.19221,106817.36052555,-0.0017657751233446373
2020-01-05 00:00:00+00:00,0.19346,0.19781,0.1928,0.19405,188191.20193712,0.009572863014411404
2020-01-06 00:00:00+00:00,0.19508,0.22397,0.1934,0.2227,1181200.25392354,0.14764236021643917
2020-01-07 00:00:00+00:00,0.22295,0.22567,0.20777,0.214,949034.10936296,-0.039066008082622394
2020-01-08 00:00:00+00:00,0.21457,0.21876,0.20271,0.208,1068453.97427362,-0.028037383177570097
2020-01-09 00:00:00+00:00,0.20664,0.20877,0.20112,0.20271,270710.59100477,-0.025432692307692295
2020-01-10 00:00:00+00:00,0.20368,0.2125,0.20033,0.212,428603.92730358,0.045829016822060975
2020-01-11 00:00:00+00:00,0.2123,0.2195,0.20848,0.2104,564301.26111628,-0.007547169811320753
2020-01-12 00:00:00+00:00,0.21015,0.2162,0.20965,0.2152,1090623.24401077,0.02281368821292773
2020-01-13 00:00:00+00:00,0.2152,0.2152,0.21,0.21215,491074.22364955,-0.014172862453531554
2020-01-14 00:00:00+00:00,0.21208,0.2448,0.21208,0.23518,2830892.90466145,0.1085552674994108
2020-01-15 00:00:00+00:00,0.2339,0.24396,0.2262,0.23252,1423927.77263172,-0.011310485585508956
2020-01-16 00:00:00+00:00,0.23365,0.23399,0.22202,0.2287,750811.16888457,-0.016428694305866243
2020-01-17 00:00:00+00:00,0.22972,0.24382,0.2262,0.24036,831772.94964274,0.050983821600349755
2020-01-18 00:00:00+00:00,0.23882,0.25399,0.23133,0.24404,1230972.26240986,0.015310367781660839
2020-01-19 00:00:00+00:00,0.24235,0.25116,0.22701,0.23565,1033916.81595105,-0.03437960990001643
2020-01-20 00:00:00+00:00,0.23595,0.236,0.22331,0.23297,438024.86617336,-0.011372798642053872
2020-01-21 00:00:00+00:00,0.23218,0.2411,0.22924,0.2375,417799.34379563,0.019444563677726734
2020-01-22 00:00:00+00:00,0.23669,0.239,0.23283,0.23664,353106.47154083,-0.0036210526315789693
2020-01-23 00:00:00+00:00,0.23594,0.23594,0.221,0.22475,567302.84756723,-0.05024509803921562
2020-01-24 00:00:00+00:00,0.22548,0.22575,0.21363,0.22122,354165.25005978,-0.01570634037819807
2020-01-25 00:00:00+00:00,0.22143,0.22276,0.21692,0.2201,270597.06313211,-0.005062833378537301
2020-01-26 00:00:00+00:00,0.2188,0.23216,0.2175,0.23069,338729.01008371,0.0481144934120854
2020-01-27 00:00:00+00:00,0.231,0.23361,0.22536,0.23024,459578.04064055,-0.001950669729940624
2020-01-28 00:00:00+00:00,0.2315,0.24098,0.231,0.24045,683812.73649023,0.044345031271716406
2020-01-29 00:00:00+00:00,0.24023,0.2419,0.235,0.235,661596.00313551,-0.022665834892909187
2020-01-30 00:00:00+00:00,0.23417,0.24667,0.23,0.24233,712050.24643183,0.03119148936170224
2020-01-31 00:00:00+00:00,0.24297,0.24454,0.234,0.23873,288751.10659042,-0.014855775182602171
2020-02-01 00:00:00+00:00,0.23948,0.24284,0.23723,0.24054,403381.43200371,0.007581786955975334
2020-02-02 00:00:00+00:00,0.24188,0.26129,0.23557,0.25066,1014030.76040095,0.04207200465619021
2020-02-03 00:00:00+00:00,0.25033,0.25899,0.2463,0.2542,712996.250197,0.014122716029681515
2020-02-04 00:00:00+00:00,0.2543,0.27053,0.247,0.2669,1303763.82364843,0.04996066089693163
2020-02-05 00:00:00+00:00,0.267,0.28123,0.267,0.2781,1089477.07933296,0.041963282128137935
2020-02-06 00:00:00+00:00,0.2781,0.2879,0.26852,0.28267,959355.77919164,0.01643293779216104
2020-02-07 00:00:00+00:00,0.28293,0.288,0.27702,0.27858,1107240.38217542,-0.01446916899564854
2020-02-08 00:00:00+00:00,0.27858,0.2813,0.264,0.27793,1387284.05414487,-0.0023332615406704837
2020-02-09 00:00:00+00:00,0.27687,0.28909,0.27678,0.2832,972637.74459455,0.01896160903824695
2020-02-10 00:00:00+00:00,0.28278,0.28388,0.26779,0.2747,798618.10374028,-0.03001412429378536
2020-02-11 00:00:00+00:00,0.27342,0.28421,0.26742,0.28139,1078161.61796855,0.024353840553330786
2020-02-12 00:00:00+00:00,0.28272,0.30963,0.28272,0.30511,2234757.84203987,0.08429581719321955
2020-02-13 00:00:00+00:00,0.30486,0.33908,0.3,0.32759,5581070.24780993,0.07367834551473229
2020-02-14 00:00:00+00:00,0.32414,0.33983,0.311,0.33716,1902508.782036,0.029213345950731107
2020-02-15 00:00:00+00:00,0.33765,0.34686,0.29547,0.30648,2064721.70078917,-0.09099537311662131
2020-02-16 00:00:00+00:00,0.30626,0.31984,0.2685,0.29552,2626511.49800757,-0.03576089793787518
2020-02-17 00:00:00+00:00,0.29254,0.29475,0.26915,0.28697,1607092.42353884,-0.028932051976177542
2020-02-18 00:00:00+00:00,0.28642,0.304,0.27607,0.29831,1518151.10368459,0.03951632574833619
2020-02-19 00:00:00+00:00,0.29654,0.308,0.27001,0.275,1686590.80246203,-0.07814018973551007
2020-02-20 00:00:00+00:00,0.274,0.281,0.262,0.27077,2064048.81017601,-0.015381818181818274
2020-02-21 00:00:00+00:00,0.27081,0.279,0.26848,0.27678,551908.03924469,0.0221959596705692
2020-02-22 00:00:00+00:00,0.27416,0.278,0.27058,0.275,554110.961453,-0.006431100513042853
2020-02-23 00:00:00+00:00,0.2758,0.28522,0.2758,0.28406,509363.26432573,0.03294545454545439
2020-02-24 00:00:00+00:00,0.28352,0.28516,0.264,0.271,1002538.73842103,-0.045976202210800454
2020-02-25 00:00:00+00:00,0.27028,0.2704,0.25107,0.252,1545885.41832269,-0.07011070110701112
2020-02-26 00:00:00+00:00,0.25162,0.25362,0.22231,0.2292,1955274.33259911,-0.09047619047619049
2020-02-27 00:00:00+00:00,0.2292,0.24789,0.224,0.23704,2042728.46295625,0.03420593368237346
2020-02-28 00:00:00+00:00,0.23882,0.24384,0.2282,0.238,1464723.95775935,0.004049949375632744
2020-02-29 00:00:00+00:00,0.23675,0.24231,0.229,0.229,306491.67859398,-0.037815126050420034
2020-03-01 00:00:00+00:00,0.22899,0.23628,0.224,0.2289,477542.40856158,-0.0004366812227074579
2020-03-02 00:00:00+00:00,0.22646,0.24172,0.22603,0.239,571394.15169948,0.04412407164700749
2020-03-03 00:00:00+00:00,0.24016,0.24017,0.22922,0.23404,724349.44808105,-0.02075313807531376
2020-03-04 00:00:00+00:00,0.233,0.23819,0.2296,0.2345,338325.93322026,0.0019654759870106897
2020-03-05 00:00:00+00:00,0.23599,0.24392,0.23566,0.23859,485233.1676918,0.017441364605543797
2020-03-06 00:00:00+00:00,0.23994,0.246,0.23806,0.24506,669917.21946181,0.027117649524288634
2020-03-07 00:00:00+00:00,0.24593,0.24594,0.23447,0.23632,731132.95702433,-0.03566473516689794
2020-03-08 00:00:00+00:00,0.236,0.243,0.20085,0.20384,2087751.04141377,-0.13744075829383895
2020-03-09 00:00:00+00:00,0.206,0.21174,0.198,0.20874,913183.50029687,0.024038461538461675
2020-03-10 00:00:00+00:00,0.20937,0.21698,0.20541,0.21184,726504.03470672,0.014851010826866018
2020-03-11 00:00:00+00:00,0.21251,0.21393,0.2,0.20739,497923.71218679,-0.02100641993957708
2020-03-12 00:00:00+00:00,0.20962,0.20999,0.13001,0.13414,7403606.84776199,-0.35319928636867726
2020-03-13 00:00:00+00:00,0.13603,0.16803,0.10766,0.15908,7623480.09569692,0.18592515282540623
2020-03-14 00:00:00+00:00,0.15862,0.1604,0.14341,0.14605,2765796.38262004,-0.08190847372391241
2020-03-15 00:00:00+00:00,0.14572,0.16399,0.14431,0.15233,1205905.60398116,0.04299897295446753
2020-03-16 00:00:00+00:00,0.151,0.15282,0.12835,0.141,3345966.37258037,-0.07437799514212573
2020-03-17 00:00:00+00:00,0.14199,0.15281,0.1413,0.14729,1583006.16246299,0.04460992907801442
2020-03-18 00:00:00+00:00,0.14636,0.14989,0.141,0.14767,976059.6547628,0.0025799443275171807
2020-03-19 00:00:00+00:00,0.14841,0.1799,0.14472,0.1659,3624191.72404774,0.12345093790207895
2020-03-20 00:00:00+00:00,0.16609,0.17591,0.1457,0.15678,5394021.49269427,-0.054972875226039775
2020-03-21 00:00:00+00:00,0.15642,0.16199,0.1515,0.15813,1823792.77935636,0.008610792192881744
2020-03-22 00:00:00+00:00,0.1571,0.16198,0.14652,0.14832,1793318.80140128,-0.062037564029595815
2020-03-23 00:00:00+00:00,0.14734,0.16208,0.14463,0.15928,2395962.33053054,0.0738942826321467
2020-03-24 00:00:00+00:00,0.15928,0.1642,0.15768,0.16352,1939102.77154447,0.02661978905072826
2020-03-25 00:00:00+00:00,0.16249,0.16584,0.15733,0.16211,2490318.4854843,-0.008622798434442247
2020-03-26 00:00:00+00:00,0.16315,0.1779,0.16004,0.1769,1716392.4322961,0.09123434704830058
2020-03-27 00:00:00+00:00,0.17734,0.18797,0.17,0.17341,1929884.39001464,-0.019728660260033837
2020-03-28 00:00:00+00:00,0.17219,0.18003,0.16612,0.17534,4343725.09714888,0.011129692635949429
2020-03-29 00:00:00+00:00,0.17689,0.17689,0.162,0.16307,2363492.11776114,-0.06997832782023494
2020-03-30 00:00:00+00:00,0.16384,0.17558,0.16384,0.17146,1393321.43471843,0.05145029741828666
2020-03-31 00:00:00+00:00,0.17147,0.17841,0.17044,0.174,1032268.15355569,0.014813950775691032
2020-04-01 00:00:00+00:00,0.17452,0.17635,0.16802,0.17511,1424444.11091638,0.006379310344827527
2020-04-02 00:00:00+00:00,0.177,0.18716,0.17465,0.17841,1844898.39677766,0.018845297241733894
2020-04-03 00:00:00+00:00,0.17752,0.18297,0.17624,0.1791,1207787.63701012,0.003867496216579669
2020-04-04 00:00:00+00:00,0.17841,0.18369,0.178,0.18092,573360.36483061,0.010161920714684358
2020-04-05 00:00:00+00:00,0.18218,0.18218,0.17641,0.17935,585696.49702215,-0.008677868671235878
2020-04-06 00:00:00+00:00,0.1796,0.199,0.1796,0.199,1944375.96815732,0.1095623083356565
2020-04-07 00:00:00+00:00,0.19891,0.20544,0.1891,0.19325,1970124.02984007,-0.028894472361809087
2020-04-08 00:00:00+00:00,0.19331,0.20299,0.19147,0.20241,1058641.30976881,0.04739974126778779
2020-04-09 00:00:00+00:00,0.20211,0.20218,0.195,0.19941,770598.07890026,-0.014821402104639114
2020-04-10 00:00:00+00:00,0.19823,0.199,0.18064,0.18775,2159200.504793,-0.058472493856877805
2020-04-11 00:00:00+00:00,0.18851,0.19261,0.18569,0.18772,930604.61893179,-0.0001597869507323768
2020-04-12 00:00:00+00:00,0.189,0.19692,0.18719,0.18947,983831.70304657,0.009322395056467148
2020-04-13 00:00:00+00:00,0.189,0.18992,0.18065,0.18808,1323341.6027438,-0.0073362537604898526
2020-04-14 00:00:00+00:00,0.18821,0.18954,0.18343,0.1864,774227.27570779,-0.008932369204593726
2020-04-15 00:00:00+00:00,0.186,0.18995,0.18033,0.18039,666590.7650355,-0.03224248927038631
2020-04-16 00:00:00+00:00,0.18013,0.19349,0.1735,0.19194,1693096.39142316,0.06402793946449359
2020-04-17 00:00:00+00:00,0.19142,0.192,0.18691,0.1888,1285747.51751278,-0.01635927894133582
2020-04-18 00:00:00+00:00,0.18918,0.197,0.189,0.19538,1060333.56924777,0.034851694915254194
2020-04-19 00:00:00+00:00,0.19538,0.19621,0.18881,0.19,938437.35548766,-0.027536083529532185
2020-04-20 00:00:00+00:00,0.18908,0.1947,0.17879,0.18164,1431518.97252557,-0.04400000000000004
2020-04-21 00:00:00+00:00,0.1823,0.18678,0.1817,0.184,1642043.98103916,0.01299273287822067
2020-04-22 00:00:00+00:00,0.18438,0.1898,0.18265,0.18894,935432.66438992,0.02684782608695646
2020-04-23 00:00:00+00:00,0.18892,0.2,0.18553,0.19303,2082670.73219728,0.0216470837302849
2020-04-24 00:00:00+00:00,0.19221,0.19736,0.19221,0.19299,543499.84995311,-0.00020722167538733682
2020-04-25 00:00:00+00:00,0.1926,0.19751,0.19185,0.1948,980554.81734654,0.009378724286232432
2020-04-26 00:00:00+00:00,0.19412,0.19799,0.19241,0.19707,1024987.09922156,0.01165297741273097
2020-04-27 00:00:00+00:00,0.19668,0.19999,0.19473,0.1979,447196.73600427,0.004211701425889336
2020-04-28 00:00:00+00:00,0.19726,0.21868,0.19544,0.21552,4383733.13335705,0.08903486609398681
2020-04-29 00:00:00+00:00,0.2155,0.23153,0.21406,0.22574,2791829.49419835,0.047420193021529444
2020-04-30 00:00:00+00:00,0.22635,0.23594,0.20849,0.21142,2605445.88841346,-0.06343581111012664
2020-05-01 00:00:00+00:00,0.213,0.22446,0.21261,0.21841,785646.67954836,0.0330621511682907
2020-05-02 00:00:00+00:00,0.21757,0.22599,0.21585,0.22361,594023.67722196,0.023808433679776586
2020-05-03 00:00:00+00:00,0.22331,0.22682,0.21514,0.2197,1000151.41258068,-0.017485801171682858
2020-05-04 00:00:00+00:00,0.2197,0.22,0.20762,0.21862,1249107.18977804,-0.0049157942649066255
2020-05-05 00:00:00+00:00,0.21844,0.22273,0.214,0.21599,785711.29464735,-0.012030006403805804
2020-05-06 00:00:00+00:00,0.21614,0.22297,0.211,0.21122,1004403.13867091,-0.022084355757211016
2020-05-07 00:00:00+00:00,0.21047,0.22198,0.21003,0.21866,1478295.12957728,0.035223937127166094
2020-05-08 00:00:00+00:00,0.21891,0.22225,0.215,0.21863,1066848.04605068,-0.00013719930485689424
2020-05-09 00:00:00+00:00,0.21727,0.22541,0.21555,0.2185,381931.28177037,-0.0005946119013858775
2020-05-10 00:00:00+00:00,0.216,0.21614,0.17406,0.19597,3208850.74210931,-0.1031121281464531
2020-05-11 00:00:00+00:00,0.19758,0.2,0.185,0.19304,1013998.39914385,-0.01495126805123237
2020-05-12 00:00:00+00:00,0.19304,0.2,0.19108,0.19833,882392.06299494,0.027403646912557145
2020-05-13 00:00:00+00:00,0.19698,0.20487,0.196,0.20201,1191152.97137163,0.01855493369636463
2020-05-14 00:00:00+00:00,0.20194,0.20647,0.199,0.20458,856885.3272861,0.012722142468194697
2020-05-15 00:00:00+00:00,0.2046,0.2046,0.19697,0.19729,519176.14543903,-0.035633981816404425
2020-05-16 00:00:00+00:00,0.197,0.20212,0.19675,0.20044,504875.91760375,0.015966343960667206
2020-05-17 00:00:00+00:00,0.1995,0.20491,0.19924,0.20138,402111.89285789,0.004689682698064246
2020-05-18 00:00:00+00:00,0.202,0.2079,0.2005,0.20544,824218.80982091,0.020160889859966336
2020-05-19 00:00:00+00:00,0.20544,0.2065,0.20079,0.20477,533129.49171717,-0.003261292834890961
2020-05-20 00:00:00+00:00,0.20477,0.206,0.1971,0.20218,736271.10840713,-0.012648337158763567
2020-05-21 00:00:00+00:00,0.2022,0.203,0.18888,0.1939,789627.33196885,-0.04095360569789297
2020-05-22 00:00:00+00:00,0.1939,0.20294,0.19216,0.20049,354945.33304607,0.03398659102630219
2020-05-23 00:00:00+00:00,0.2005,0.20272,0.19818,0.19856,736532.81277162,-0.00962641528255781
2020-05-24 00:00:00+00:00,0.19851,0.20155,0.192,0.19414,296296.3123316,-0.022260273972602662
2020-05-25 00:00:00+00:00,0.19209,0.19688,0.18941,0.19593,486200.36376904,0.0092201504069227
2020-05-26 00:00:00+00:00,0.19637,0.19637,0.192,0.19386,480543.44256524,-0.010564997703261358
2020-05-27 00:00:00+00:00,0.19396,0.2,0.19396,0.19758,498746.31891042,0.019189105540080575
2020-05-28 00:00:00+00:00,0.19778,0.20099,0.195,0.2002,846533.19393586,0.013260451462698608
2020-05-29 00:00:00+00:00,0.20089,0.20242,0.19629,0.1972,555011.16151495,-0.014985014985015033
2020-05-30 00:00:00+00:00,0.1972,0.20859,0.19605,0.2071,937821.41903328,0.05020283975659234
2020-05-31 00:00:00+00:00,0.20656,0.21354,0.20038,0.20276,1242722.14511556,-0.02095605987445681
2020-06-01 00:00:00+00:00,0.20289,0.21389,0.20243,0.21126,685557.58503745,0.041921483527322945
2020-06-02 00:00:00+00:00,0.21176,0.21443,0.19635,0.203,1416739.45686245,-0.039098740888005246
2020-06-03 00:00:00+00:00,0.20251,0.2048,0.20092,0.2038,347669.14866904,0.003940886699507429
2020-06-04 00:00:00+00:00,0.20406,0.207,0.201,0.20434,564392.94224954,0.0026496565260059057
2020-06-05 00:00:00+00:00,0.204,0.20575,0.2015,0.203,240736.70651463,-0.006557697954389652
2020-06-06 00:00:00+00:00,0.2026,0.205,0.2012,0.20459,288587.00381534,0.007832512315270934
2020-06-07 00:00:00+00:00,0.20339,0.20499,0.1985,0.20296,987243.46101483,-0.007967153819834705
2020-06-08 00:00:00+00:00,0.20383,0.2045,0.20124,0.20438,392279.91707078,0.006996452502956219
2020-06-09 00:00:00+00:00,0.20438,0.2053,0.2005,0.20104,649781.68323435,-0.016342107838340447
2020-06-10 00:00:00+00:00,0.20205,0.204,0.19999,0.20299,431311.14636251,0.009699562276163975
2020-06-11 00:00:00+00:00,0.20252,0.20356,0.1844,0.18821,1515994.02336733,-0.07281146854524856
2020-06-12 00:00:00+00:00,0.1871,0.19506,0.187,0.19241,1078375.76328372,0.022315498645130383
2020-06-13 00:00:00+00:00,0.19249,0.19395,0.191,0.19298,217608.85935542,0.002962423990437113
2020-06-14 00:00:00+00:00,0.19202,0.19249,0.189,0.19002,216631.74280045,-0.015338377033889627
2020-06-15 00:00:00+00:00,0.18943,0.19392,0.182,0.19292,475457.09894138,0.01526155141564045
2020-06-16 00:00:00+00:00,0.19248,0.1945,0.19035,0.19193,397835.97167465,-0.005131660792038195
2020-06-17 00:00:00+00:00,0.1915,0.19886,0.18827,0.19355,584887.98034152,0.008440577293804985
2020-06-18 00:00:00+00:00,0.19219,0.19298,0.188,0.18991,546862.2079025,-0.018806509945750505
2020-06-19 00:00:00+00:00,0.18905,0.18998,0.1865,0.18683,276015.73750184,-0.01621820862513823
2020-06-20 00:00:00+00:00,0.18734,0.18871,0.185,0.18804,319704.98974859,0.006476475940694781
2020-06-21 00:00:00+00:00,0.18769,0.18848,0.18577,0.18578,175503.13901943,-0.01201871942139976
2020-06-22 00:00:00+00:00,0.18576,0.19083,0.18549,0.19056,581701.1659919,0.02572935730433845
2020-06-23 00:00:00+00:00,0.1904,0.19045,0.18823,0.18861,386849.17661744,-0.010232997481108397
2020-06-24 00:00:00+00:00,0.18935,0.19014,0.18162,0.18378,612400.71207676,-0.025608398282169542
2020-06-25 00:00:00+00:00,0.1828,0.18388,0.17839,0.18155,760716.84266761,-0.012134073348568974
2020-06-26 00:00:00+00:00,0.181,0.18651,0.17829,0.18304,580549.88889056,0.008207105480583898
2020-06-27 00:00:00+00:00,0.18229,0.18351,0.16925,0.175,944580.70152829,-0.04392482517482532
2020-06-28 00:00:00+00:00,0.17497,0.17979,0.17319,0.17688,457964.55665952,0.010742857142857165
2020-06-29 00:00:00+00:00,0.17726,0.179,0.17488,0.17749,1012297.73917397,0.0034486657620986794
2020-06-30 00:00:00+00:00,0.17751,0.17788,0.175,0.175,194474.21440918,-0.0140289593779932
2020-07-01 00:00:00+00:00,0.17466,0.17899,0.174,0.17676,326112.37941612,0.010057142857142987
2020-07-02 00:00:00+00:00,0.1766,0.1776,0.1725,0.17508,476733.77986166,-0.00950441276306846
2020-07-03 00:00:00+00:00,0.17482,0.17859,0.17467,0.17576,606689.19197683,0.0038839387708475837
2020-07-04 00:00:00+00:00,0.177,0.18,0.17644,0.17816,464471.45157491,0.013654984069185305
2020-07-05 00:00:00+00:00,0.17855,0.17855,0.174,0.17651,546958.45110163,-0.009261338123035534
2020-07-06 00:00:00+00:00,0.17686,0.19,0.17601,0.18913,1028784.87338202,0.07149736558835196
2020-07-07 00:00:00+00:00,0.18942,0.18955,0.1835,0.1848,671567.71247048,-0.022894305504150614
2020-07-08 00:00:00+00:00,0.1848,0.2064,0.184,0.20532,1668384.52356878,0.11103896103896105
2020-07-09 00:00:00+00:00,0.20418,0.21149,0.19653,0.20208,1112476.76074918,-0.015780245470485066
2020-07-10 00:00:00+00:00,0.20188,0.20188,0.19286,0.19941,419805.99989467,-0.013212589073634207
2020-07-11 00:00:00+00:00,0.1998,0.20496,0.19832,0.20199,569118.37025673,0.012938167594403582
2020-07-12 00:00:00+00:00,0.20164,0.20351,0.198,0.20042,385178.79466191,-0.007772662012970999
2020-07-13 00:00:00+00:00,0.2004,0.20628,0.1925,0.19892,1314164.73346018,-0.007484283005687931
2020-07-14 00:00:00+00:00,0.19789,0.19981,0.19531,0.19974,377056.17569078,0.00412226020510742
2020-07-15 00:00:00+00:00,0.19965,0.201,0.19623,0.1975,360265.27130262,-0.011214578952638443
2020-07-16 00:00:00+00:00,0.19666,0.19753,0.18936,0.19443,715467.98589108,-0.015544303797468406
2020-07-17 00:00:00+00:00,0.19357,0.19779,0.19146,0.19429,284539.71312186,-0.0007200534896878441
2020-07-18 00:00:00+00:00,0.19473,0.20229,0.19415,0.1998,209471.39969076,0.02835966853672356
2020-07-19 00:00:00+00:00,0.20137,0.20137,0.1959,0.20035,257620.08102254,0.002752752752752663
2020-07-20 00:00:00+00:00,0.19985,0.19985,0.1925,0.19455,333275.06491999,-0.02894933865734961
2020-07-21 00:00:00+00:00,0.1953,0.201,0.1953,0.19977,617314.62463162,0.026831148804934424
2020-07-22 00:00:00+00:00,0.19979,0.20474,0.196,0.20306,661087.60920273,0.016468939280172235
2020-07-23 00:00:00+00:00,0.20372,0.21043,0.20203,0.20777,633741.38091943,0.023195114744410716
2020-07-24 00:00:00+00:00,0.20842,0.20842,0.20253,0.20451,516990.45054075,-0.0156904269143765
2020-07-25 00:00:00+00:00,0.20426,0.2171,0.20426,0.21598,494234.35247922,0.05608527700356958
2020-07-26 00:00:00+00:00,0.21614,0.22535,0.21515,0.21528,244902.39033596,-0.003241040837114628
2020-07-27 00:00:00+00:00,0.21763,0.22962,0.2106,0.22411,1180741.872088,0.0410163507989596
2020-07-28 00:00:00+00:00,0.22548,0.23498,0.21863,0.23084,799055.75830203,0.030029896033197945
2020-07-29 00:00:00+00:00,0.23145,0.25,0.23071,0.24321,1269590.75136589,0.05358690001732813
2020-07-30 00:00:00+00:00,0.24233,0.24942,0.238,0.24493,1828476.82240347,0.007072077628387019
2020-07-31 00:00:00+00:00,0.24579,0.26063,0.24235,0.26004,985172.65646851,0.061691095415016495
2020-08-01 00:00:00+00:00,0.2601,0.2994,0.2573,0.293,2259752.600329,0.12674973081064445
2020-08-02 00:00:00+00:00,0.29354,0.32592,0.25724,0.2875,4412602.18713643,-0.018771331058020535
2020-08-03 00:00:00+00:00,0.28747,0.32,0.28502,0.31069,1980948.62818318,0.08066086956521756
2020-08-04 00:00:00+00:00,0.31288,0.31845,0.29087,0.30073,1700765.56001653,-0.032057678071389595
2020-08-05 00:00:00+00:00,0.30178,0.30784,0.29168,0.30214,978651.19716702,0.0046885910950023035
2020-08-06 00:00:00+00:00,0.30389,0.31045,0.29738,0.30417,363966.34910697,0.006718739657112449
2020-08-07 00:00:00+00:00,0.30182,0.31,0.2819,0.29384,666581.45261492,-0.0339612716572969
2020-08-08 00:00:00+00:00,0.29434,0.2986,0.2904,0.29301,143054.85783476,-0.0028246664851619974
2020-08-09 00:00:00+00:00,0.296,0.29838,0.2832,0.28799,240746.13736837,-0.017132521074365914
2020-08-10 00:00:00+00:00,0.28887,0.29999,0.287,0.29482,366841.20975761,0.023716101253515864
2020-08-11 00:00:00+00:00,0.29438,0.30698,0.27004,0.284,837342.92225929,-0.03670035954141526
2020-08-12 00:00:00+00:00,0.28203,0.28651,0.2735,0.28263,374345.60064934,-0.004823943661971808
2020-08-13 00:00:00+00:00,0.2825,0.29566,0.273,0.2954,519593.47681515,0.04518274776209186
2020-08-14 00:00:00+00:00,0.2969,0.30786,0.29063,0.30016,1146239.35759847,0.01611374407582944
2020-08-15 00:00:00+00:00,0.301,0.305,0.29689,0.29958,498348.1247546,-0.0019323027718548547
2020-08-16 00:00:00+00:00,0.2982,0.30436,0.29228,0.304,307317.62017795,0.014753988917818317
2020-08-17 00:00:00+00:00,0.30465,0.32727,0.298,0.31507,1434633.13853513,0.03641447368421069
2020-08-18 00:00:00+00:00,0.31468,0.32114,0.29848,0.30308,719416.04962782,-0.038055035388961156
2020-08-19 00:00:00+00:00,0.3037,0.30515,0.2796,0.28951,623407.56201184,-0.0447736571202324
2020-08-20 00:00:00+00:00,0.29004,0.29431,0.28497,0.293,510839.86124197,0.012054851300473235
2020-08-21 00:00:00+00:00,0.29227,0.295,0.27733,0.2789,573113.80261985,-0.04812286689419798
2020-08-22 00:00:00+00:00,0.27829,0.286,0.274,0.286,442159.61797226,0.02545715310147001
2020-08-23 00:00:00+00:00,0.288,0.288,0.27904,0.28611,233728.61672106,0.00038461538461542766
2020-08-24 00:00:00+00:00,0.284,0.29186,0.283,0.28945,170991.83407031,0.011673831743035823
2020-08-25 00:00:00+00:00,0.28988,0.28988,0.27023,0.27704,766438.17197421,-0.042874416997754294
2020-08-26 00:00:00+00:00,0.27541,0.28072,0.27442,0.27673,238461.31025547,-0.0011189719896045336
2020-08-27 00:00:00+00:00,0.2772,0.27898,0.25484,0.26384,1969726.00000276,-0.046579698623206545
2020-08-28 00:00:00+00:00,0.265,0.273,0.26066,0.27188,561037.48650029,0.030473013947847072
2020-08-29 00:00:00+00:00,0.27215,0.27658,0.26955,0.27401,1054731.5023466,0.007834338678828656
2020-08-30 00:00:00+00:00,0.27382,0.284,0.27382,0.283,649518.6773653,0.03280902156855592
2020-08-31 00:00:00+00:00,0.28306,0.286,0.27451,0.28155,1221486.95314028,-0.005123674911660658
2020-09-01 00:00:00+00:00,0.28155,0.299,0.27607,0.2957,2069476.10868573,0.05025750310779609
2020-09-02 00:00:00+00:00,0.2955,0.3035,0.26471,0.27676,2434892.68816243,-0.06405140344944205
2020-09-03 00:00:00+00:00,0.276,0.3207,0.241,0.24523,2975448.65938084,-0.11392542274895212
2020-09-04 00:00:00+00:00,0.2455,0.26558,0.2415,0.25525,1686404.33447593,0.04085960119071874
2020-09-05 00:00:00+00:00,0.25474,0.25999,0.2316,0.2375,2109400.53369827,-0.06953966699314396
2020-09-06 00:00:00+00:00,0.23766,0.24342,0.22898,0.24092,564888.97863737,0.014399999999999968
2020-09-07 00:00:00+00:00,0.24272,0.24296,0.2305,0.2419,549147.60941781,0.0040677403287399105
2020-09-08 00:00:00+00:00,0.2428,0.2435,0.2315,0.23625,593849.86810777,-0.023356758991318838
2020-09-09 00:00:00+00:00,0.23625,0.24285,0.2334,0.23864,524285.57063069,0.01011640211640219
2020-09-10 00:00:00+00:00,0.2395,0.24868,0.2395,0.24272,570825.08754123,0.017096882333221597
2020-09-11 00:00:00+00:00,0.24342,0.24448,0.2375,0.24326,532192.78794654,0.002224785761371084
2020-09-12 00:00:00+00:00,0.24293,0.2485,0.24095,0.24806,595932.43861478,0.01973197401956761
2020-09-13 00:00:00+00:00,0.24798,0.25349,0.238,0.2422,376112.07272814,-0.02362331693945019
2020-09-14 00:00:00+00:00,0.2407,0.2485,0.23948,0.24599,536000.01450761,0.01564822460776205
2020-09-15 00:00:00+00:00,0.24599,0.24912,0.24233,0.24295,1494843.1783406,-0.012358225944144041
2020-09-16 00:00:00+00:00,0.24316,0.25031,0.2345,0.24697,813853.12153698,0.0165466145297386
2020-09-17 00:00:00+00:00,0.24742,0.25797,0.2465,0.25253,673418.93018642,0.022512855812446775
2020-09-18 00:00:00+00:00,0.25275,0.2552,0.24656,0.2497,310921.72969993,-0.01120658931612073
2020-09-19 00:00:00+00:00,0.2505,0.25444,0.24799,0.25153,436889.36372988,0.007328794553464135
2020-09-20 00:00:00+00:00,0.25082,0.25082,0.24267,0.246,556342.1399284,-0.021985449051802886
2020-09-21 00:00:00+00:00,0.24624,0.24778,0.2295,0.231,1082695.99337967,-0.060975609756097504
2020-09-22 00:00:00+00:00,0.2305,0.23449,0.22934,0.23343,612560.46521535,0.010519480519480373
2020-09-23 00:00:00+00:00,0.2329,0.23495,0.22049,0.22112,623772.81739438,-0.05273529537762922
2020-09-24 00:00:00+00:00,0.22013,0.23387,0.219,0.23302,1117771.32213383,0.05381693198263382
2020-09-25 00:00:00+00:00,0.23357,0.2448,0.23,0.2415,885994.82547519,0.03639172603210028
2020-09-26 00:00:00+00:00,0.24174,0.2455,0.2381,0.24174,659503.63147935,0.0009937888198758849
2020-09-27 00:00:00+00:00,0.24171,0.24481,0.23773,0.24288,386539.622894,0.004715810374782858
2020-09-28 00:00:00+00:00,0.2435,0.2481,0.24,0.24176,492635.41869832,-0.00461133069828723
2020-09-29 00:00:00+00:00,0.241,0.24646,0.23888,0.24374,253207.94830397,0.008189940436796883
2020-09-30 00:00:00+00:00,0.24296,0.24296,0.238,0.24164,341756.31281736,-0.008615738081562352
2020-10-01 00:00:00+00:00,0.24217,0.2445,0.23468,0.23768,556385.08662241,-0.016388015229266695
2020-10-02 00:00:00+00:00,0.23705,0.23921,0.22881,0.23409,424901.81543134,-0.01510434197239996
2020-10-03 00:00:00+00:00,0.23427,0.23499,0.23296,0.23298,140376.0660087,-0.004741765987440694
2020-10-04 00:00:00+00:00,0.23286,0.24999,0.23194,0.24767,1092135.49701972,0.06305262254270749
2020-10-05 00:00:00+00:00,0.24808,0.25433,0.24669,0.25023,755731.76462544,0.010336334638833877
2020-10-06 00:00:00+00:00,0.25098,0.259,0.241,0.24511,1221508.73247774,-0.020461175718339164
2020-10-07 00:00:00+00:00,0.24433,0.25155,0.241,0.24804,498906.99934708,0.011953816653747396
2020-10-08 00:00:00+00:00,0.24889,0.253,0.242,0.25133,1157316.73406974,0.013263989679084043
2020-10-09 00:00:00+00:00,0.25195,0.25682,0.24968,0.2538,750860.31696577,0.009827716547964993
2020-10-10 00:00:00+00:00,0.25338,0.26083,0.25329,0.25498,1004852.21970058,0.004649330181244915
2020-10-11 00:00:00+00:00,0.25589,0.259,0.2539,0.25559,764001.14697596,0.0023923444976077235
2020-10-12 00:00:00+00:00,0.25568,0.258,0.2495,0.25572,476296.29009388,0.0005086270980867447
2020-10-13 00:00:00+00:00,0.25629,0.26,0.253,0.25659,366385.47257866,0.003402158610980699
2020-10-14 00:00:00+00:00,0.25556,0.25848,0.2465,0.24955,578641.15885441,-0.027436766826454573
2020-10-15 00:00:00+00:00,0.24937,0.25043,0.2435,0.24563,470122.70907156,-0.015708274894810637
2020-10-16 00:00:00+00:00,0.24542,0.24773,0.238,0.24041,746867.60643406,-0.021251475796930208
2020-10-17 00:00:00+00:00,0.2406,0.243,0.239,0.24036,294853.24061028,-0.00020797803751937405
2020-10-18 00:00:00+00:00,0.2407,0.2436,0.24066,0.24238,180422.75889005,0.008404060575803118
2020-10-19 00:00:00+00:00,0.24205,0.24959,0.24031,0.2459,482232.27100796,0.014522650383695046
2020-10-20 00:00:00+00:00,0.24551,0.25,0.24203,0.24359,363094.55620171,-0.009394062627084199
2020-10-21 00:00:00+00:00,0.24497,0.25579,0.24427,0.25167,902498.5941729,0.033170491399482804
2020-10-22 00:00:00+00:00,0.25167,0.2637,0.25167,0.2575,1141983.73582015,0.023165256089323405
2020-10-23 00:00:00+00:00,0.25698,0.2595,0.25012,0.25194,530054.27376959,-0.021592233009708806
2020-10-24 00:00:00+00:00,0.25492,0.258,0.2533,0.25668,702582.45423922,0.018814003334127305
2020-10-25 00:00:00+00:00,0.25549,0.25763,0.25156,0.25332,996900.69674212,-0.01309022907900903
2020-10-26 00:00:00+00:00,0.25365,0.25906,0.244,0.24923,1709057.54695874,-0.01614558660982146
2020-10-27 00:00:00+00:00,0.2484,0.25424,0.24824,0.25379,1803534.45827662,0.018296352766520974
2020-10-28 00:00:00+00:00,0.25175,0.25645,0.24402,0.2475,1632646.37194308,-0.024784270459829116
2020-10-29 00:00:00+00:00,0.24558,0.247,0.2405,0.24293,469033.59970127,-0.018464646464646406
2020-10-30 00:00:00+00:00,0.24211,0.24398,0.2314,0.23987,946219.18775907,-0.01259622113365988
2020-10-31 00:00:00+00:00,0.2394,0.24349,0.2375,0.2407,443180.49634654,0.0034602076124568004
2020-11-01 00:00:00+00:00,0.2397,0.24166,0.2367,0.24019,207519.33629155,-0.0021188201080183378
2020-11-02 00:00:00+00:00,0.24072,0.2431,0.2339,0.235,404409.06280017,-0.02160789375078065
2020-11-03 00:00:00+00:00,0.23428,0.2439,0.22874,0.23983,796481.15130975,0.020553191489361744
2020-11-04 00:00:00+00:00,0.24,0.24076,0.233,0.238,1201980.75522234,-0.007630404870116347
2020-11-05 00:00:00+00:00,0.23829,0.24706,0.23753,0.2456,1234932.02913532,0.031932773109243806
2020-11-06 00:00:00+00:00,0.24541,0.26197,0.24541,0.25944,1285225.77277236,0.056351791530944606
2020-11-07 00:00:00+00:00,0.25944,0.26767,0.245,0.2499,1964024.26068823,-0.03677150786308969
2020-11-08 00:00:00+00:00,0.24903,0.25739,0.24723,0.25426,997096.02376007,0.017446978791516576
2020-11-09 00:00:00+00:00,0.25435,0.256,0.246,0.25046,683924.06414161,-0.014945331550381358
2020-11-10 00:00:00+00:00,0.25001,0.26478,0.24852,0.25494,1458790.06485928,0.01788708775852421
2020-11-11 00:00:00+00:00,0.25279,0.26047,0.25279,0.25706,550003.04362709,0.00831568212128353
2020-11-12 00:00:00+00:00,0.2554,0.25786,0.25313,0.25497,631106.17609315,-0.008130397572551296
2020-11-13 00:00:00+00:00,0.25523,0.266,0.25457,0.26516,1385324.10355635,0.03996548613562401
2020-11-14 00:00:00+00:00,0.26616,0.278,0.26143,0.26866,1222167.40653286,0.013199577613516311
2020-11-15 00:00:00+00:00,0.27,0.27695,0.265,0.26981,801467.81388961,0.004280503238293765
2020-11-16 00:00:00+00:00,0.26985,0.28909,0.26782,0.28891,1782816.84539577,0.07079055631740849
2020-11-17 00:00:00+00:00,0.29,0.30569,0.28999,0.30305,3170793.15332612,0.048942577273199284
2020-11-18 00:00:00+00:00,0.30341,0.30812,0.2825,0.29461,2633304.70260135,-0.027850189737667064
2020-11-19 00:00:00+00:00,0.2938,0.30622,0.2846,0.304,2166598.01945423,0.031872645191948656
2020-11-20 00:00:00+00:00,0.30281,0.33053,0.29785,0.32981,2841945.30132967,0.08490131578947357
2020-11-21 00:00:00+00:00,0.3301,0.47,0.32991,0.46241,12692612.13033459,0.4020496649586125
2020-11-22 00:00:00+00:00,0.46678,0.49588,0.40562,0.44758,10566045.30903412,-0.032071105728682325
2020-11-23 00:00:00+00:00,0.45056,0.62098,0.43051,0.61726,8456567.52938735,0.3791054113231156
2020-11-24 00:00:00+00:00,0.61726,0.80602,0.556,0.69393,14435515.19291383,0.12421021935651111
2020-11-25 00:00:00+00:00,0.69999,0.7064,0.69666,0.69805,91511.9686618,0.005937198276483091
2020-11-26 00:00:00+00:00,0.626,0.644,0.61628,0.63996,81501.08960292,-0.08321753456056158
2020-11-27 00:00:00+00:00,0.53498,0.535,0.52266,0.52563,16120.571285,-0.17865179073692095
2020-11-28 00:00:00+00:00,0.56212,0.56841,0.55389,0.55449,81178.56528344,0.05490554192112329
2020-11-29 00:00:00+00:00,0.63028,0.63028,0.61674,0.618,18682.7290932,0.11453768327652436
2020-11-30 00:00:00+00:00,0.60964,0.61826,0.60887,0.61792,164902.61575239,-0.00012944983818763411
2020-12-01 00:00:00+00:00,0.6647,0.67,0.65333,0.6575,114460.33089977,0.06405359917141373
2020-12-02 00:00:00+00:00,0.61009,0.61009,0.60348,0.604,33606.52091787,-0.08136882129277567
2020-12-03 00:00:00+00:00,0.632,0.63797,0.632,0.63241,29686.39906026,0.04703642384105966
2020-12-04 00:00:00+00:00,0.63124,0.63124,0.629,0.63,14258.94560164,-0.003810818930756965
2020-12-05 00:00:00+00:00,0.5536,0.55774,0.5495,0.55774,51220.60611777,-0.11469841269841263
2020-12-06 00:00:00+00:00,0.58552,0.595,0.58552,0.593,59613.30117198,0.06321942123570112
2020-12-07 00:00:00+00:00,0.62324,0.62324,0.61605,0.61605,33813.21974736,0.03887015177065778
2020-12-08 00:00:00+00:00,0.60663,0.60663,0.60508,0.60529,21341.12146005,-0.01746611476341209
2020-12-09 00:00:00+00:00,0.55828,0.5585,0.55161,0.55161,77911.21656504,-0.0886847626757421
2020-12-10 00:00:00+00:00,0.58586,0.58701,0.5785,0.5797,19025.99458978,0.050923659832127655
2020-12-11 00:00:00+00:00,0.573,0.574,0.5645,0.566,36622.90299045,-0.023632913575987624
2020-12-12 00:00:00+00:00,0.541,0.54435,0.486,0.50698,5978048.44148537,-0.10427561837455823
2020-12-13 00:00:00+00:00,0.508,0.51196,0.506,0.506,390309.53651968,-0.0019330151090772851
2020-12-14 00:00:00+00:00,0.51102,0.51299,0.51102,0.51299,1139.35823716,0.013814229249011767
2020-12-15 00:00:00+00:00,0.49991,0.5005,0.4995,0.50032,6490.11004099,-0.024698337199555498
2020-12-16 00:00:00+00:00,0.46894,0.46894,0.4609,0.4609,42609.25248012,-0.07878957467220982
2020-12-17 00:00:00+00:00,0.57,0.659,0.53858,0.57813,13773257.81210673,0.2543501844217837
2020-12-18 00:00:00+00:00,0.578,0.57907,0.5577,0.55771,262339.03457087,-0.03532077560410285
2020-12-19 00:00:00+00:00,0.58504,0.60492,0.56742,0.57724,2450874.85423168,0.03501819942263884
2020-12-20 00:00:00+00:00,0.57724,0.58504,0.53165,0.55728,2617850.99964616,-0.03457833829949408
2020-12-21 00:00:00+00:00,0.535,0.535,0.51,0.515,1001082.05636704,-0.07586850416307778
2020-12-22 00:00:00+00:00,0.5155,0.52235,0.404,0.44853,12663016.76154199,-0.1290679611650486
2020-12-23 00:00:00+00:00,0.44606,0.44815,0.211,0.25413,26277854.47628078,-0.4334158250284261
2020-12-24 00:00:00+00:00,0.26057,0.375,0.24201,0.33731,16221525.10436599,0.3273127926651713
2020-12-25 00:00:00+00:00,0.34168,0.385,0.28001,0.31909,20903500.29659629,-0.054015593964009456
2020-12-26 00:00:00+00:00,0.31694,0.325,0.282,0.29483,5978878.14692447,-0.0760287066344919
2020-12-27 00:00:00+00:00,0.29413,0.30868,0.2655,0.283,7489701.51498254,-0.040124817691551073
2020-12-28 00:00:00+00:00,0.28249,0.306,0.23421,0.24745,8657740.16374112,-0.12561837455830382
2020-12-29 00:00:00+00:00,0.24745,0.25,0.172,0.22131,27830854.50385332,-0.10563750252576276
2020-12-30 00:00:00+00:00,0.22001,0.235,0.19111,0.22384,8916074.0764298,0.011431928064705721
2020-12-31 00:00:00+00:00,0.21114,0.23,0.202,0.21956,3768181.47264421,-0.01912080057183707
2021-01-01 00:00:00+00:00,0.22018,0.25,0.21601,0.24415,4274541.11144296,0.11199672071415567
2021-01-02 00:00:00+00:00,0.23712,0.23812,0.20001,0.21799,6855409.29136766,-0.10714724554577115
2021-01-03 00:00:00+00:00,0.21602,0.21799,0.21155,0.217,23745.59020333,-0.004541492729024266
2021-01-04 00:00:00+00:00,0.22499,0.227,0.22153,0.22454,67067.3699033,0.03474654377880171
2021-01-05 00:00:00+00:00,0.23599,0.23978,0.23336,0.23978,139686.71342494,0.067872094058965
2021-01-06 00:00:00+00:00,0.225,0.22616,0.22301,0.22554,91824.51303284,-0.05938777212444746
2021-01-07 00:00:00+00:00,0.24996,0.24996,0.24625,0.248,26255.70652704,0.09958322248825047
2021-01-08 00:00:00+00:00,0.323,0.349,0.323,0.334,223398.34306367,0.34677419354838723
2021-01-09 00:00:00+00:00,0.32162,0.32665,0.31151,0.31151,688361.10013666,-0.06733532934131736
2021-01-10 00:00:00+00:00,0.326,0.33348,0.326,0.33348,119160.26418719,0.07052743090109459
2021-01-11 00:00:00+00:00,0.31299,0.31588,0.304,0.30912,94729.12886316,-0.07304785894206545
2021-01-12 00:00:00+00:00,0.288,0.288,0.284,0.284,22775.78168468,-0.08126293995859224
2021-01-13 00:00:00+00:00,0.29162,0.29689,0.28802,0.28948,575124.50002862,0.019295774647887454
2021-01-14 00:00:00+00:00,0.30615,0.30911,0.30269,0.30339,91435.46134609,0.04805167887246098
2021-01-15 00:00:00+00:00,0.2976,0.2983,0.29514,0.29601,22164.43042052,-0.024325126075348535
2021-01-16 00:00:00+00:00,0.28062,0.2829,0.279,0.281,32144.99420439,-0.05070774635992015
2021-01-17 00:00:00+00:00,0.27903,0.282,0.272,0.282,70979.1769664,0.003558718861209842
2021-01-18 00:00:00+00:00,0.278,0.27885,0.276,0.27701,47928.21645518,-0.017695035460992936
2021-01-19 00:00:00+00:00,0.28612,0.28612,0.283,0.283,4402.257809,0.02162376809501465
2021-01-20 00:00:00+00:00,0.294,0.29403,0.2918,0.29403,10152.19150195,0.038975265017668015
2021-01-21 00:00:00+00:00,0.297,0.298,0.296,0.296,4502.12247862,0.006699996598986457
2021-01-22 00:00:00+00:00,0.2665,0.267,0.265,0.265,33328.39342378,-0.1047297297297296
2021-01-23 00:00:00+00:00,0.271,0.2738,0.271,0.2738,4363.76806659,0.033207547169811225
2021-01-24 00:00:00+00:00,0.27028,0.27099,0.27,0.27099,14466.82790232,-0.010262965668371038
2021-01-25 00:00:00+00:00,0.27307,0.2757,0.27304,0.2757,12813.00787284,0.017380715155540738
2021-01-26 00:00:00+00:00,0.2675,0.26823,0.26554,0.26803,15573.55820215,-0.02782009430540444
2021-01-27 00:00:00+00:00,0.26883,0.26883,0.26883,0.26883,815.83567461,0.0029847405141216754
2021-01-28 00:00:00+00:00,0.25037,0.25037,0.24842,0.24842,5028.07742674,-0.07592158613250011
2021-01-29 00:00:00+00:00,0.26601,0.26984,0.266,0.26863,52920.10154876,0.08135415828033166
2021-01-30 00:00:00+00:00,0.28301,0.28797,0.28301,0.28797,89963.26012402,0.07199493727431783
2021-01-31 00:00:00+00:00,0.445,0.448,0.416,0.42699,259185.2969298,0.482758620689655
2021-02-01 00:00:00+00:00,0.497,0.497,0.4721,0.478,159338.72257884,0.11946415606922889
2021-02-02 00:00:00+00:00,0.371,0.37337,0.347,0.348,393355.45821712,-0.2719665271966527
2021-02-03 00:00:00+00:00,0.37301,0.38877,0.373,0.384,95403.56031301,0.10344827586206917
2021-02-04 00:00:00+00:00,0.39809,0.39809,0.395,0.39622,30894.8035406,0.03182291666666659
2021-02-05 00:00:00+00:00,0.445,0.459,0.444,0.459,261191.51501979,0.15844732724244115
2021-02-06 00:00:00+00:00,0.452,0.45699,0.42741,0.44317,3763181.14265761,-0.03448801742919394
2021-02-07 00:00:00+00:00,0.44475,0.45,0.39787,0.41944,4002715.83385265,-0.05354604327910284
2021-02-08 00:00:00+00:00,0.41776,0.46699,0.413,0.451,5152923.22079708,0.07524318138470343
2021-02-09 00:00:00+00:00,0.45148,0.49495,0.44846,0.475,4506437.6294234,0.053215077605321515
2021-02-10 00:00:00+00:00,0.47792,0.5478,0.451,0.50533,6321203.77217215,0.06385263157894738
2021-02-11 00:00:00+00:00,0.5065,0.53427,0.50001,0.52994,3339140.40030217,0.048700848950191
2021-02-12 00:00:00+00:00,0.529,0.61999,0.52,0.61398,5345474.88802015,0.1585839906404498
2021-02-13 00:00:00+00:00,0.61391,0.6431,0.546,0.635,5644464.37326066,0.034235642854816284
2021-02-14 00:00:00+00:00,0.637,0.64,0.56,0.593,3543604.06325371,-0.06614173228346465
2021-02-15 00:00:00+00:00,0.595,0.604,0.50901,0.5495,4348953.67252839,-0.07335581787521073
2021-02-16 00:00:00+00:00,0.549,0.58028,0.4832,0.52093,3886830.89564573,-0.051992720655141045
2021-02-17 00:00:00+00:00,0.52552,0.55695,0.498,0.53304,3701216.3866394,0.023246885378073845
2021-02-18 00:00:00+00:00,0.53833,0.55915,0.51827,0.53259,2246950.46649871,-0.0008442143178747363
2021-02-19 00:00:00+00:00,0.53599,0.58,0.51413,0.56374,2376791.9825674,0.05848776732571026
2021-02-20 00:00:00+00:00,0.5635,0.5825,0.46983,0.512,5344242.36659289,-0.09177989853478552
2021-02-21 00:00:00+00:00,0.5096,0.55728,0.505,0.54417,2015888.44903264,0.06283203125000014
2021-02-22 00:00:00+00:00,0.54565,0.65,0.515,0.56776,10196582.23767424,0.04335042358086616
2021-02-23 00:00:00+00:00,0.569,0.5695,0.38988,0.47613,7274263.94906226,-0.1613886149077075
2021-02-24 00:00:00+00:00,0.47664,0.5,0.45213,0.46984,2135336.89248993,-0.013210677756075095
2021-02-25 00:00:00+00:00,0.468,0.48178,0.42591,0.43406,2900925.02160304,-0.07615358419887619
2021-02-26 00:00:00+00:00,0.43404,0.45055,0.41345,0.42837,2396661.52808153,-0.013108786803667782
2021-02-27 00:00:00+00:00,0.42892,0.45818,0.42892,0.43761,1712719.27260943,0.02157013796484364
2021-02-28 00:00:00+00:00,0.4331,0.43836,0.395,0.41414,1419666.57351717,-0.05363222961084069
2021-03-01 00:00:00+00:00,0.41537,0.45433,0.4138,0.44658,1934678.29202643,0.07833099917902153
2021-03-02 00:00:00+00:00,0.44724,0.4553,0.42171,0.43525,1668559.21992107,-0.02537059429441524
2021-03-03 00:00:00+00:00,0.43394,0.46693,0.433,0.44917,1741166.30905305,0.03198161975875924
2021-03-04 00:00:00+00:00,0.447,0.49377,0.43524,0.48207,3068330.86037323,0.0732462096756239
2021-03-05 00:00:00+00:00,0.48173,0.48173,0.447,0.45531,1350034.99930135,-0.055510610492252144
2021-03-06 00:00:00+00:00,0.45501,0.47028,0.45,0.46266,904948.24381522,0.016142847730117982
2021-03-07 00:00:00+00:00,0.46405,0.46832,0.4578,0.4661,975343.0548785,0.007435265637833366
2021-03-08 00:00:00+00:00,0.46693,0.48928,0.455,0.47228,1494519.36674898,0.013258957305299246
2021-03-09 00:00:00+00:00,0.47308,0.48789,0.472,0.48596,1425314.71470488,0.02896586770559839
2021-03-10 00:00:00+00:00,0.486,0.488,0.4555,0.46142,1270568.36819219,-0.05049798337311717
2021-03-11 00:00:00+00:00,0.46141,0.46437,0.44134,0.45152,1774064.28637536,-0.021455506913441114
2021-03-12 00:00:00+00:00,0.45231,0.46413,0.42354,0.43876,2112310.64468369,-0.02826009922041106
2021-03-13 00:00:00+00:00,0.4335,0.46574,0.4325,0.45899,1452928.99216598,0.046107211231652956
2021-03-14 00:00:00+00:00,0.458,0.46097,0.439,0.439,964596.24546203,-0.0435521471056014
2021-03-15 00:00:00+00:00,0.44,0.44729,0.4239,0.43611,1384588.36436307,-0.006583143507972622
2021-03-16 00:00:00+00:00,0.435,0.519,0.42804,0.46,5928753.05348835,0.05477975740065588
2021-03-17 00:00:00+00:00,0.46151,0.48159,0.45452,0.47023,1299500.06209646,0.022239130434782428
2021-03-18 00:00:00+00:00,0.47343,0.48937,0.46651,0.47158,1186188.40805136,0.0028709354996492298
2021-03-19 00:00:00+00:00,0.4685,0.4746,0.4593,0.46641,846045.9887495,-0.010963145171550948
2021-03-20 00:00:00+00:00,0.46638,0.54954,0.46487,0.52494,2690162.16700448,0.1254904483180035
