time,USDT open,USDT high,USDT low,USDT close,USDT volume,USDThigh,USDT daily_return
2019-03-20 00:00:00+00:00,0.997,1.0020000000000000,0.994,0.996,526246.58963901,1.002,
2019-03-21 00:00:00+00:00,0.996,1.0020000000000000,0.995,0.997,401922.0612322,1.002,0.0010040160642570406
2019-03-22 00:00:00+00:00,0.997,1.0000000000000000,0.996,0.996,579441.87274896,1.0,-0.0010030090270812808
2019-03-23 00:00:00+00:00,0.997,0.9980000000000000,0.995,0.995,27502.78929059,0.998,-0.0010040160642570406
2019-03-24 00:00:00+00:00,0.995,0.9990000000000000,0.994,0.998,69181.52869343,0.999,0.0030150753768845018
2019-03-25 00:00:00+00:00,0.997,0.9990000000000000,0.993,0.994,587151.99060094,0.999,-0.004008016032064132
2019-03-26 00:00:00+00:00,0.995,0.9970000000000000,0.993,0.996,126230.41100932,0.997,0.002012072434607548
2019-03-27 00:00:00+00:00,0.996,0.9990000000000000,0.994,0.997,163791.91556511,0.999,0.0010040160642570406
2019-03-28 00:00:00+00:00,0.997,1.0140000000000000,0.995,0.996,589058.50640882,1.014,-0.0010030090270812808
2019-03-29 00:00:00+00:00,0.994,0.9990000000000000,0.994,0.997,54270.31481943,0.999,0.0010040160642570406
2019-03-30 00:00:00+00:00,0.998,0.9990000000000000,0.996,0.999,73014.49241395,0.999,0.0020060180541625616
2019-03-31 00:00:00+00:00,0.998,1.0000000000000000,0.997,0.998,245924.31113249,1.0,-0.0010010010010009784
2019-04-01 00:00:00+00:00,0.998,1.0000000000000000,0.997,0.998,308414.7270394,1.0,0.0
2019-04-02 00:00:00+00:00,0.998,1.0550000000000000,0.997,1.011,897912.98242167,1.055,0.013026052104208263
2019-04-03 00:00:00+00:00,1.005,1.0200000000000000,1.002,1.003,588594.26610553,1.02,-0.007912957467853587
2019-04-04 00:00:00+00:00,1.004,1.0100000000000000,0.991,1.002,432625.43322712,1.01,-0.0009970089730806375
2019-04-05 00:00:00+00:00,1.002,1.0080000000000000,0.998,1.003,82186.35648391,1.008,0.0009980039920158834
2019-04-06 00:00:00+00:00,1.004,1.0080000000000000,1.0,1.001,82794.92044709,1.008,-0.001994017946161497
2019-04-07 00:00:00+00:00,1.0,1.0070000000000000,0.998,1.007,103679.85161522,1.007,0.005994005994006013
2019-04-08 00:00:00+00:00,1.006,1.0180000000000000,1.002,1.011,295063.23438604,1.018,0.003972194637537285
2019-04-09 00:00:00+00:00,1.01,1.0190000000000000,1.004,1.008,250587.72059338,1.019,-0.0029673590504449843
2019-04-10 00:00:00+00:00,1.008,1.0120000000000000,1.002,1.002,223584.78048565,1.012,-0.005952380952380931
2019-04-11 00:00:00+00:00,1.002,1.0120000000000000,1.002,1.003,323591.48400731,1.012,0.0009980039920158834
2019-04-12 00:00:00+00:00,1.007,1.0100000000000000,1.004,1.004,132311.56743536,1.01,0.0009970089730808596
2019-04-13 00:00:00+00:00,1.004,1.0080000000000000,1.004,1.005,95809.04719635,1.008,0.0009960159362549792
2019-04-14 00:00:00+00:00,1.005,1.0070000000000000,1.004,1.005,184794.09569586,1.007,0.0
2019-04-15 00:00:00+00:00,1.005,1.0090000000000000,1.0,1.0,283184.16920538,1.009,-0.004975124378109319
2019-04-16 00:00:00+00:00,1.001,1.0080000000000000,1.0,1.005,169696.4634837,1.008,0.004999999999999893
2019-04-17 00:00:00+00:00,1.007,1.0100000000000000,1.003,1.01,195933.79073219,1.01,0.004975124378109541
2019-04-18 00:00:00+00:00,1.008,1.0080000000000000,1.003,1.008,105545.6671676,1.008,-0.001980198019801982
2019-04-19 00:00:00+00:00,1.006,1.0060000000000000,1.002,1.004,810150.40671488,1.006,-0.003968253968253954
2019-04-20 00:00:00+00:00,1.004,1.0070000000000000,1.003,1.006,78546.42095009,1.007,0.0019920318725099584
2019-04-21 00:00:00+00:00,1.005,1.0100000000000000,1.004,1.008,96733.03510196,1.01,0.001988071570576455
2019-04-22 00:00:00+00:00,1.007,1.0100000000000000,1.003,1.005,88310.59900859,1.01,-0.0029761904761905766
2019-04-23 00:00:00+00:00,1.006,1.0080000000000000,1.003,1.005,281962.37063108,1.008,0.0
2019-04-24 00:00:00+00:00,1.006,1.0100000000000000,1.005,1.006,350178.29019936,1.01,0.0009950248756220859
2019-04-25 00:00:00+00:00,1.005,1.0060000000000000,0.966,0.982,1203609.36252391,1.006,-0.02385685884691846
2019-04-26 00:00:00+00:00,0.981,0.9820000000000000,0.957,0.972,1042653.43859626,0.982,-0.010183299389002087
2019-04-27 00:00:00+00:00,0.972,0.9780000000000000,0.969,0.976,313987.42084484,0.978,0.004115226337448652
2019-04-28 00:00:00+00:00,0.975,0.9760000000000000,0.968,0.971,263646.88004378,0.976,-0.0051229508196721785
2019-04-29 00:00:00+00:00,0.97,0.9850000000000000,0.969,0.982,506527.83956265,0.985,0.011328527291452062
2019-04-30 00:00:00+00:00,0.982,0.9910000000000000,0.98,0.991,1040238.4324537,0.991,0.009164969450101923
2019-05-01 00:00:00+00:00,0.991,0.9940000000000000,0.986,0.988,348750.01160017,0.994,-0.003027245206861706
2019-05-02 00:00:00+00:00,0.99,0.9900000000000000,0.978,0.979,351460.320076,0.99,-0.009109311740890691
2019-05-03 00:00:00+00:00,0.978,0.9930000000000000,0.978,0.983,261366.06701357,0.993,0.004085801838610736
2019-05-04 00:00:00+00:00,0.983,0.9949000000000000,0.981,0.991,282859.3661714,0.9949,0.008138351983723258
2019-05-05 00:00:00+00:00,0.991,0.9920000000000000,0.98701,0.991,58524.47099982,0.992,0.0
2019-05-06 00:00:00+00:00,0.991,0.9920000000000000,0.986,0.99099,126545.93066245,0.992,-1.0090817356145365e-05
2019-05-07 00:00:00+00:00,0.991,0.9940000000000000,0.984,0.984,184700.71070241,0.994,-0.007053552508098027
2019-05-08 00:00:00+00:00,0.982,0.9945000000000000,0.98,0.992,581096.0713453,0.9945,0.008130081300812941
2019-05-09 00:00:00+00:00,0.99101,0.9970000000000000,0.98935,0.995,804938.70244922,0.997,0.003024193548387011
2019-05-10 00:00:00+00:00,0.99312,0.9990000000000000,0.991,0.99516,431904.55606335,0.999,0.00016080402010065775
2019-05-11 00:00:00+00:00,0.995,1.0130000000000000,0.99315,1.001,679869.88576086,1.013,0.005868403070862893
2019-05-12 00:00:00+00:00,1.00301,1.0100000000000000,0.995,1.0,399845.66843919,1.01,-0.0009990009990008542
2019-05-13 00:00:00+00:00,1.00098,1.0170000000000000,0.995,1.00001,898504.60672708,1.017,1.0000000000065512e-05
2019-05-14 00:00:00+00:00,1.00369,1.0097700000000000,0.99235,0.99793,651813.640998,1.00977,-0.002079979200208082
2019-05-15 00:00:00+00:00,1.0,1.0060000000000000,0.998,1.005,439028.35523782,1.006,0.007084665257082179
2019-05-16 00:00:00+00:00,1.00287,1.0093300000000000,0.991,1.0,564377.99579658,1.00933,-0.004975124378109319
2019-05-17 00:00:00+00:00,0.99961,1.0047800000000000,0.951,0.99827,1114580.15609721,1.00478,-0.0017300000000000093
2019-05-18 00:00:00+00:00,1.00199,1.0086600000000000,0.999,1.0,284330.66283739,1.00866,0.0017329980866900296
2019-05-19 00:00:00+00:00,1.002,1.0095000000000000,1.00003,1.0023,258214.81032948,1.0095,0.0022999999999999687
2019-05-20 00:00:00+00:00,1.00254,1.0096000000000000,1.0,1.004,367448.97315822,1.0096,0.0016960989723635578
2019-05-21 00:00:00+00:00,1.004,1.0096000000000000,1.00002,1.003,217651.85134794,1.0096,-0.0009960159362550902
2019-05-22 00:00:00+00:00,1.00216,1.0089500000000000,0.972,1.00179,1111708.97191045,1.00895,-0.0012063808574276358
2019-05-23 00:00:00+00:00,1.0,1.0069900000000000,0.99723,1.00056,321639.97451042,1.00699,-0.0012278022340012074
2019-05-24 00:00:00+00:00,1.00057,1.0077700000000000,1.0,1.003,646962.85749151,1.00777,0.0024386343647557762
2019-05-25 00:00:00+00:00,1.004,1.0077600000000000,1.0,1.006,141974.994708,1.00776,0.0029910269192423566
2019-05-26 00:00:00+00:00,1.004,1.0169900000000000,1.00201,1.012,977781.95852128,1.01699,0.005964214711729587
2019-05-27 00:00:00+00:00,1.012,1.0149100000000000,1.00095,1.00231,325497.04987301,1.01491,-0.009575098814229244
2019-05-28 00:00:00+00:00,1.00221,1.0070000000000000,1.0,1.0033,145429.24022819,1.007,0.0009877183705639947
2019-05-29 00:00:00+00:00,1.003,1.0033000000000000,0.99899,1.002,787782.05522438,1.0033,-0.0012957241104356587
2019-05-30 00:00:00+00:00,1.00298,1.0040000000000000,0.991,1.00017,1026193.81496891,1.004,-0.0018263473053892199
2019-05-31 00:00:00+00:00,1.00005,1.0048900000000000,0.996,1.00198,295853.3613382,1.00489,0.0018096923523001074
2019-06-01 00:00:00+00:00,0.999,1.0039900000000000,0.995,1.0001,76181.05748878,1.00399,-0.0018762849557876216
2019-06-02 00:00:00+00:00,1.0001,1.0049800000000000,1.0001,1.002,44496.26571561,1.00498,0.0018998100189981937
2019-06-03 00:00:00+00:00,1.00102,1.0049900000000000,0.993,0.998,240821.89217959,1.00499,-0.003992015968063867
2019-06-04 00:00:00+00:00,0.99606,1.0020000000000000,0.99,0.99801,317336.00682036,1.002,1.0020040080105375e-05
2019-06-05 00:00:00+00:00,0.99801,1.0069000000000000,0.99701,1.002,206078.62502966,1.0069,0.0039979559323053415
2019-06-06 00:00:00+00:00,1.002,1.0080000000000000,1.0,1.0029,314283.03972164,1.008,0.0008982035928142285
2019-06-07 00:00:00+00:00,1.0024,1.0069800000000000,1.001,1.00201,166105.23729448,1.00698,-0.0008874264632563467
2019-06-08 00:00:00+00:00,1.003,1.0065300000000000,1.002,1.00449,14106.2521074,1.00653,0.002475025199349279
2019-06-09 00:00:00+00:00,1.00449,1.0068500000000000,1.00161,1.00161,117659.58481915,1.00685,-0.002867126601559189
2019-06-10 00:00:00+00:00,1.00161,1.0082000000000000,1.00129,1.00471,58174.67269724,1.0082,0.003095017022593627
2019-06-11 00:00:00+00:00,1.00471,1.0060200000000000,1.0025,1.00351,103442.75285404,1.00602,-0.0011943744961233627
2019-06-12 00:00:00+00:00,1.00351,1.0090000000000000,1.0035,1.00475,166970.47197996,1.009,0.001235662823489747
2019-06-13 00:00:00+00:00,1.00475,1.0057400000000000,1.00179,1.002,424697.93450653,1.00574,-0.0027369992535456467
2019-06-14 00:00:00+00:00,1.00144,1.0060000000000000,0.9973,1.006,1089336.32225312,1.006,0.003992015968063978
2019-06-15 00:00:00+00:00,1.006,1.0074000000000000,1.00237,1.00474,297113.04438392,1.0074,-0.0012524850894632955
2019-06-16 00:00:00+00:00,1.00462,1.0080000000000000,1.0,1.00338,497323.46147129,1.008,-0.0013535840117842035
2019-06-17 00:00:00+00:00,1.00338,1.0069000000000000,1.001,1.00407,180375.80304204,1.0069,0.0006876756562819164
2019-06-18 00:00:00+00:00,1.00407,1.0057300000000000,0.999,1.00085,311435.31200197,1.00573,-0.003206947722768305
2019-06-19 00:00:00+00:00,1.00085,1.0044700000000000,0.99871,1.00186,61071.55502268,1.00447,0.0010091422291051977
2019-06-20 00:00:00+00:00,1.00185,1.0044700000000000,0.999,1.0016,69989.08748997,1.00447,-0.0002595172978259175
2019-06-21 00:00:00+00:00,1.002,1.0050000000000000,1.0,1.00412,162181.86260823,1.005,0.002515974440894464
2019-06-22 00:00:00+00:00,1.00302,1.0069000000000000,0.99,0.994,643837.63624649,1.0069,-0.010078476676094406
2019-06-23 00:00:00+00:00,0.994,0.9989200000000000,0.98554,0.99499,317354.66327583,0.99892,0.0009959758551307818
2019-06-24 00:00:00+00:00,0.99395,0.9998000000000000,0.98901,0.99955,165505.17489422,0.9998,0.004582960632770083
2019-06-25 00:00:00+00:00,0.99826,1.0020000000000000,0.99218,0.99645,150627.24023583,1.002,-0.003101395628032688
2019-06-26 00:00:00+00:00,0.99518,1.0000000000000000,0.944,0.98,1499984.42320173,1.0,-0.01650860554970146
2019-06-27 00:00:00+00:00,0.98299,0.9942200000000000,0.946,0.98005,509512.55007396,0.99422,5.102040816318265e-05
2019-06-28 00:00:00+00:00,0.98005,0.9955000000000000,0.97501,0.994,208680.79923784,0.9955,0.01423396765471141
2019-06-29 00:00:00+00:00,0.99291,0.9969900000000000,0.988,0.994,515334.68085,0.99699,0.0
2019-06-30 00:00:00+00:00,0.994,0.9987000000000000,0.98502,0.99099,132587.24801891,0.9987,-0.0030281690140844253
2019-07-01 00:00:00+00:00,0.988,0.9990000000000000,0.987,0.997,318202.78509084,0.999,0.006064642428278644
2019-07-02 00:00:00+00:00,0.99504,1.0000000000000000,0.98817,0.99979,262633.60160765,1.0,0.002798395185556579
2019-07-03 00:00:00+00:00,0.99701,1.0049800000000000,0.99701,1.00391,271594.97281812,1.00498,0.004120865381730177
2019-07-04 00:00:00+00:00,1.00164,1.0053000000000000,0.99768,0.99802,253354.26577243,1.0053,-0.0058670597961969495
2019-07-05 00:00:00+00:00,0.99803,1.0042900000000000,0.993,1.00002,183046.70211409,1.00429,0.002003967856355482
2019-07-06 00:00:00+00:00,1.00001,1.0060000000000000,0.99811,0.99901,120209.59739625,1.006,-0.0010099798004039595
2019-07-07 00:00:00+00:00,1.00016,1.0061900000000000,0.99868,1.0052,98372.9178014,1.00619,0.006196134172831158
2019-07-08 00:00:00+00:00,1.00401,1.0080000000000000,1.002,1.003,144310.49780863,1.008,-0.0021886191802628074
2019-07-09 00:00:00+00:00,1.0035,1.0085700000000000,0.99916,1.001,462821.02427044,1.00857,-0.001994017946161497
2019-07-10 00:00:00+00:00,1.003,1.0040000000000000,0.99511,0.999,301074.51409974,1.004,-0.0019980019980019303
2019-07-11 00:00:00+00:00,0.99801,1.0043000000000000,0.99643,1.001,250961.19576198,1.0043,0.002002002002001957
2019-07-12 00:00:00+00:00,1.0,1.0042200000000000,0.998,1.003,201226.12555678,1.00422,0.0019980019980019303
2019-07-13 00:00:00+00:00,1.003,1.0040000000000000,0.996,1.0,218925.39645239,1.004,-0.0029910269192421346
2019-07-14 00:00:00+00:00,1.00099,1.0040000000000000,0.99271,1.00064,255104.02354616,1.004,0.0006399999999999739
2019-07-15 00:00:00+00:00,1.0,1.0030000000000000,0.999,1.00197,480700.76502292,1.003,0.0013291493444196334
2019-07-16 00:00:00+00:00,1.001,1.0036800000000000,0.99284,1.00001,582005.06514271,1.00368,-0.00195614639160846
2019-07-17 00:00:00+00:00,1.0,1.0040200000000000,0.99997,1.00123,246570.95011972,1.00402,0.0012199878001220021
2019-07-18 00:00:00+00:00,1.00144,1.0111000000000000,1.0,1.00396,336627.78588641,1.0111,0.002726646225142959
2019-07-19 00:00:00+00:00,1.00201,1.0040000000000000,1.0,1.00114,131055.07539739,1.004,-0.0028088768476832726
2019-07-20 00:00:00+00:00,1.00113,1.0043000000000000,1.0,1.001,98683.8372659,1.0043,-0.00013984058173688307
2019-07-21 00:00:00+00:00,1.001,1.0030000000000000,0.999,0.9996,78640.56259002,1.003,-0.0013986013986012624
2019-07-22 00:00:00+00:00,1.00001,1.0010000000000000,0.996,0.999,199501.09610528,1.001,-0.0006002400960384291
2019-07-23 00:00:00+00:00,0.998,1.0028100000000000,0.99701,0.999,239156.51582503,1.00281,0.0
2019-07-24 00:00:00+00:00,0.999,1.0010000000000000,0.99797,1.0,395410.89843645,1.001,0.0010010010010010895
2019-07-25 00:00:00+00:00,0.99999,1.0020000000000000,0.999,0.99901,103384.92139705,1.002,-0.0009900000000000464
2019-07-26 00:00:00+00:00,1.00099,1.0020000000000000,0.999,1.00001,36264.48195152,1.002,0.0010009909810713147
2019-07-27 00:00:00+00:00,1.00003,1.0025900000000000,0.995,0.999,298902.21199346,1.00259,-0.0010099899001010382
2019-07-28 00:00:00+00:00,0.99961,1.0010000000000000,0.99495,0.999,158211.76694832,1.001,0.0
2019-07-29 00:00:00+00:00,0.999,0.9990000000000000,0.99444,0.9973,87593.50502279,0.999,-0.0017017017017016967
2019-07-30 00:00:00+00:00,0.99704,1.0019600000000000,0.99704,1.0009,166020.17942239,1.00196,0.0036097463150506215
2019-07-31 00:00:00+00:00,1.0009,1.0070000000000000,1.0,1.00215,238693.82369528,1.007,0.00124887601158985
2019-08-01 00:00:00+00:00,1.00188,1.0030000000000000,0.99922,1.00015,173019.97570551,1.003,-0.001995709225165898
2019-08-02 00:00:00+00:00,1.001,1.0020000000000000,0.995,0.99901,358275.6740678,1.002,-0.001139829025646244
2019-08-03 00:00:00+00:00,0.99901,1.0020000000000000,0.999,1.001,121369.48557699,1.002,0.001991972052331814
2019-08-04 00:00:00+00:00,1.0,1.0031500000000000,0.999,1.00299,390550.29426068,1.00315,0.0019880119880122393
2019-08-05 00:00:00+00:00,1.00299,1.0029900000000000,0.99871,0.99994,325968.2196325,1.00299,-0.0030409076860188344
2019-08-06 00:00:00+00:00,0.99973,1.0000000000000000,0.9975,0.999,411864.18427735,1.0,-0.0009400564033842373
2019-08-07 00:00:00+00:00,1.0,1.0000000000000000,0.99751,1.0,143572.79140361,1.0,0.0010010010010010895
2019-08-08 00:00:00+00:00,0.99811,1.0007000000000000,0.99666,0.999,620210.77285241,1.0007,-0.0010000000000000009
2019-08-09 00:00:00+00:00,0.998,0.9990000000000000,0.99601,0.9975,478233.20795337,0.999,-0.0015015015015014122
2019-08-10 00:00:00+00:00,0.9975,0.9993600000000000,0.99201,0.99601,691773.15234067,0.99936,-0.0014937343358396582
2019-08-11 00:00:00+00:00,0.99601,0.9975000000000000,0.99601,0.9975,89572.81343751,0.9975,0.0014959689159748102
2019-08-12 00:00:00+00:00,0.9975,0.9979900000000000,0.99502,0.99749,140003.94346865,0.99799,-1.0025062656682238e-05
2019-08-13 00:00:00+00:00,0.9975,1.0000000000000000,0.995,0.99599,146303.86257752,1.0,-0.0015037744739294645
2019-08-14 00:00:00+00:00,0.99557,0.9980000000000000,0.99299,0.99797,157340.13553039,0.998,0.0019879717667847796
2019-08-15 00:00:00+00:00,0.99755,0.9999800000000000,0.995,0.99899,347087.42306586,0.99998,0.0010220748118681122
2019-08-16 00:00:00+00:00,0.9984,1.0002300000000000,0.99601,1.00009,627982.21540785,1.00023,0.0011011121232442633
2019-08-17 00:00:00+00:00,0.9993,1.0005500000000000,0.997,0.999,219969.69734749,1.00055,-0.0010899019088281836
2019-08-18 00:00:00+00:00,0.99906,1.0000000000000000,0.9985,1.0,267543.42140416,1.0,0.0010010010010010895
2019-08-19 00:00:00+00:00,1.0,1.0000000000000000,0.999,1.0,393152.18935817,1.0,0.0
2019-08-20 00:00:00+00:00,1.0,1.0000000000000000,0.997,0.99975,391547.09522245,1.0,-0.00024999999999997247
2019-08-21 00:00:00+00:00,0.99901,0.9997500000000000,0.997,0.99899,631132.4269285,0.99975,-0.0007601900475118217
2019-08-22 00:00:00+00:00,0.99899,0.9997500000000000,0.99802,0.99975,182668.25439747,0.99975,0.0007607683760597617
2019-08-23 00:00:00+00:00,0.99975,1.0000000000000000,0.999,0.99999,1376927.22419286,1.0,0.00024006001500387342
2019-08-24 00:00:00+00:00,0.99974,1.0000000000000000,0.999,1.0,214390.22662898,1.0,1.0000100000961964e-05
2019-08-25 00:00:00+00:00,0.99999,1.0000000000000000,0.999,1.0,283439.00217298,1.0,0.0
2019-08-26 00:00:00+00:00,1.0,1.0025000000000000,0.996,0.998,351201.60819207,1.0025,-0.0020000000000000018
2019-08-27 00:00:00+00:00,0.99897,0.9997000000000000,0.99702,0.999,93192.81998785,0.9997,0.0010020040080160886
2019-08-28 00:00:00+00:00,0.99871,0.9997000000000000,0.99,0.99602,494544.09349811,0.9997,-0.00298298298298294
2019-08-29 00:00:00+00:00,0.99701,0.9997700000000000,0.997,0.999,242404.99265493,0.99977,0.0029919077930162796
2019-08-30 00:00:00+00:00,0.99918,0.9997700000000000,0.9975,0.99976,387413.63814091,0.99977,0.0007607607607607036
2019-08-31 00:00:00+00:00,0.99911,0.9997700000000000,0.999,0.99975,123757.98586396,0.99977,-1.0002400576136772e-05
2019-09-01 00:00:00+00:00,0.99975,1.0000000000000000,0.99917,0.99974,584351.10342354,1.0,-1.0002500625216904e-05
2019-09-02 00:00:00+00:00,0.99955,1.0003700000000000,0.998,0.99998,693186.70069711,1.00037,0.0002400624162282039
2019-09-03 00:00:00+00:00,0.99999,1.0020000000000000,0.999,1.0,473875.30839967,1.002,2.000040000793568e-05
2019-09-04 00:00:00+00:00,1.0,1.0030000000000000,0.997,1.00049,460793.91018693,1.003,0.0004900000000001015
2019-09-05 00:00:00+00:00,1.00047,1.0011200000000000,0.99962,1.001,386097.32660297,1.00112,0.000509750222390748
2019-09-06 00:00:00+00:00,1.00099,1.0039500000000000,0.99915,1.00004,418767.37560513,1.00395,-0.0009590409590407578
2019-09-07 00:00:00+00:00,1.00005,1.0039000000000000,1.0,1.00239,178223.40005703,1.0039,0.0023499060037597275
2019-09-08 00:00:00+00:00,1.00262,1.0036100000000000,0.99901,1.00037,40825.1705616,1.00361,-0.00201518371093079
2019-09-09 00:00:00+00:00,1.00101,1.0014000000000000,0.9985,1.00033,482567.22008735,1.0014,-3.9985205473991314e-05
2019-09-10 00:00:00+00:00,1.00022,1.0014200000000000,0.99851,1.00055,111628.98636222,1.00142,0.00021992742395027243
2019-09-11 00:00:00+00:00,1.00001,1.0009900000000000,0.9999,0.99998,113736.34482997,1.00099,-0.0005696866723302607
2019-09-12 00:00:00+00:00,0.99998,1.0005100000000000,0.99992,1.0001,420372.10805653,1.00051,0.00012000240004805818
2019-09-13 00:00:00+00:00,1.0001,1.0011000000000000,1.00009,1.0008,332196.83167356,1.0011,0.0006999300069991943
2019-09-14 00:00:00+00:00,1.00079,1.0020000000000000,1.00079,1.00172,46620.98805755,1.002,0.0009192645883293604
2019-09-15 00:00:00+00:00,1.00173,1.0020000000000000,1.00085,1.00085,36275.78225017,1.002,-0.0008685061693886054
2019-09-16 00:00:00+00:00,1.00109,1.0015400000000000,0.9998,1.0,132059.38052813,1.00154,-0.0008492781136034688
2019-09-17 00:00:00+00:00,0.99999,1.0010000000000000,0.99637,1.00053,380901.03053404,1.001,0.0005299999999999194
2019-09-18 00:00:00+00:00,1.00002,1.0010000000000000,0.998,1.00041,316183.02808917,1.001,-0.0001199364336900155
2019-09-19 00:00:00+00:00,1.00001,1.0015000000000000,0.9975,1.0,418624.31441277,1.0015,-0.00040983196889277096
2019-09-20 00:00:00+00:00,1.0,1.0000000000000000,0.994,0.9994,287054.36217933,1.0,-0.0006000000000000449
2019-09-21 00:00:00+00:00,0.99945,0.9999800000000000,0.998,0.99944,59041.11820835,0.99998,4.002401440872383e-05
2019-09-22 00:00:00+00:00,0.99939,0.9999600000000000,0.99747,0.99996,85538.19681306,0.99996,0.0005202913631632278
2019-09-23 00:00:00+00:00,0.99914,1.0000000000000000,0.9975,0.9996,230885.12455556,1.0,-0.0003600144005759809
2019-09-24 00:00:00+00:00,0.99919,1.0100000000000000,0.99172,1.00389,2547485.3590738,1.01,0.004291716686674496
2019-09-25 00:00:00+00:00,1.00474,1.0048800000000000,0.99952,1.00072,329025.8016074,1.00488,-0.003157716482881434
2019-09-26 00:00:00+00:00,1.0015,1.0016300000000000,0.9984,1.0,212594.5116789,1.00163,-0.0007194819729795521
2019-09-27 00:00:00+00:00,0.99965,1.0026900000000000,0.99802,1.00214,368445.76366175,1.00269,0.0021400000000000308
2019-09-28 00:00:00+00:00,1.00053,1.0019100000000000,1.00028,1.00128,139221.6158505,1.00191,-0.0008581635300457524
2019-09-29 00:00:00+00:00,1.00117,1.0021800000000000,0.99802,0.99978,137843.2845897,1.00218,-0.0014980824544582605
2019-09-30 00:00:00+00:00,1.0,1.0019000000000000,0.99979,1.0015,100457.63431934,1.0019,0.0017203784832664493
2019-10-01 00:00:00+00:00,1.00133,1.0037600000000000,1.00133,1.0031,243860.06417179,1.00376,0.0015976035946081435
2019-10-02 00:00:00+00:00,1.00332,1.0040000000000000,1.002,1.00298,104821.85081419,1.004,-0.00011962914963625781
2019-10-03 00:00:00+00:00,1.00293,1.0039900000000000,1.0,1.00121,122014.42323785,1.00399,-0.0017647410716066236
2019-10-04 00:00:00+00:00,1.00121,1.0023400000000000,1.00085,1.0009,132807.35757437,1.00234,-0.00030962535332246244
2019-10-05 00:00:00+00:00,1.0009,1.0009000000000000,0.99901,1.0,107680.73459395,1.0009,-0.0008991907283444345
2019-10-06 00:00:00+00:00,1.0,1.0008800000000000,0.9978,1.0,200039.17936208,1.00088,0.0
2019-10-07 00:00:00+00:00,0.99952,1.0028900000000000,0.99936,1.001,285532.35921749,1.00289,0.0009999999999998899
2019-10-08 00:00:00+00:00,1.001,1.0010000000000000,0.99885,0.99989,212759.57665272,1.001,-0.001108891108891008
2019-10-09 00:00:00+00:00,0.99912,1.0025000000000000,0.999,1.00101,288856.72920015,1.0025,0.0011201232135535921
2019-10-10 00:00:00+00:00,1.0008,1.0017600000000000,1.0,1.001,416240.95591537,1.00176,-9.989910190744133e-06
2019-10-11 00:00:00+00:00,1.001,1.0040000000000000,1.0,1.001,238101.97534723,1.004,0.0
2019-10-12 00:00:00+00:00,1.001,1.0034000000000000,1.00001,1.00255,135683.93517269,1.0034,0.0015484515484516237
2019-10-13 00:00:00+00:00,1.00132,1.0024400000000000,1.00102,1.00244,91019.34221046,1.00244,-0.00010972021345578842
2019-10-14 00:00:00+00:00,1.00188,1.0029900000000000,0.99923,1.00002,506025.28077173,1.00299,-0.002414109572642875
2019-10-15 00:00:00+00:00,1.00002,1.0028700000000000,0.9996,1.00189,85664.02056226,1.00287,0.0018699626007481207
2019-10-16 00:00:00+00:00,1.00108,1.0020100000000000,0.997,1.00055,233053.30480292,1.00201,-0.0013374721775842868
2019-10-17 00:00:00+00:00,1.00078,1.0030200000000000,1.00001,1.00101,170417.48932128,1.00302,0.0004597471390734853
2019-10-18 00:00:00+00:00,1.0014,1.0025000000000000,1.00003,1.00198,138028.56214979,1.0025,0.0009690212884987393
2019-10-19 00:00:00+00:00,1.00168,1.0042500000000000,1.0,1.00205,256503.21151823,1.00425,6.986167388567388e-05
2019-10-20 00:00:00+00:00,1.00202,1.0028800000000000,0.99934,1.00257,76396.1005455,1.00288,0.0005189361808290993
2019-10-21 00:00:00+00:00,1.00173,1.0025900000000000,0.99904,1.002,146801.10284445,1.00259,-0.0005685388551422976
2019-10-22 00:00:00+00:00,1.00121,1.0029200000000000,0.9992,0.99999,96025.23524166,1.00292,-0.002005988023952021
2019-10-23 00:00:00+00:00,0.99998,1.0020700000000000,0.995,1.002,283813.94356812,1.00207,0.0020100201002009044
2019-10-24 00:00:00+00:00,1.00213,1.0029800000000000,1.00002,1.00255,80334.71810199,1.00298,0.0005489021956088802
2019-10-25 00:00:00+00:00,1.00268,1.0100000000000000,0.9995,1.00002,336248.40805481,1.01,-0.002523564909480913
2019-10-26 00:00:00+00:00,1.0008,1.0136800000000000,1.0,1.00349,426271.04456392,1.01368,0.003469930601388116
2019-10-27 00:00:00+00:00,1.00303,1.0059700000000000,1.0,1.0022,101622.43512162,1.00597,-0.001285513557683693
2019-10-28 00:00:00+00:00,1.0005,1.0045900000000000,0.99998,1.00129,233363.96273904,1.00459,-0.0009080023947315441
2019-10-29 00:00:00+00:00,1.0013,1.0033000000000000,0.99823,1.00187,186644.62810571,1.0033,0.0005792527639345568
2019-10-30 00:00:00+00:00,1.0009,1.0028900000000000,0.999,1.001,144614.26790386,1.00289,-0.0008683761366247156
2019-10-31 00:00:00+00:00,0.99965,1.0015000000000000,0.999,1.00066,105674.7116064,1.0015,-0.00033966033966015274
2019-11-01 00:00:00+00:00,1.0,1.0025000000000000,0.9985,0.99969,145784.73204676,1.0025,-0.0009693602222534681
2019-11-02 00:00:00+00:00,0.99969,1.0010000000000000,0.998,1.0,154944.13805334,1.001,0.0003100961298003746
2019-11-03 00:00:00+00:00,1.0,1.0000000000000000,0.99823,0.99999,113144.96533667,1.0,-9.99999999995449e-06
2019-11-04 00:00:00+00:00,1.0,1.0070100000000000,0.998,1.0,502447.59270422,1.00701,1.0000100000961964e-05
2019-11-05 00:00:00+00:00,1.0,1.0010000000000000,0.99801,0.999,306390.5458925,1.001,-0.0010000000000000009
2019-11-06 00:00:00+00:00,0.99898,1.0000000000000000,0.99655,0.99921,310726.74987165,1.0,0.00021021021021017106
2019-11-07 00:00:00+00:00,0.99912,1.0000000000000000,0.9986,0.9986,236270.80577297,1.0,-0.0006104822810020227
2019-11-08 00:00:00+00:00,0.9986,1.0005200000000000,0.9975,0.99862,143952.85287864,1.00052,2.002803925482688e-05
2019-11-09 00:00:00+00:00,0.99862,0.9999500000000000,0.99752,0.99916,35189.00966698,0.99995,0.0005407462297972732
2019-11-10 00:00:00+00:00,0.99918,0.9999900000000000,0.998,0.99969,76447.77873787,0.99999,0.0005304455742822789
2019-11-11 00:00:00+00:00,0.99968,0.9997000000000000,0.99621,0.99863,54228.17884961,0.9997,-0.0010603287018975394
2019-11-12 00:00:00+00:00,0.99765,0.9986200000000000,0.99474,0.998,113586.28873621,0.99862,-0.0006308642840692213
2019-11-13 00:00:00+00:00,0.99863,1.0000000000000000,0.996,0.99999,71565.48718452,1.0,0.0019939879759518497
2019-11-14 00:00:00+00:00,0.99966,1.0015000000000000,0.9955,0.99855,90173.96361391,1.0015,-0.001440014400143963
2019-11-15 00:00:00+00:00,0.99855,0.9999400000000000,0.99754,0.99941,187928.35077983,0.99994,0.0008612488107755389
2019-11-16 00:00:00+00:00,0.99981,0.9998900000000000,0.99751,0.99751,21855.33051037,0.99989,-0.0019011216617804694
2019-11-17 00:00:00+00:00,0.99899,0.9990000000000000,0.9979,0.999,47408.67860864,0.999,0.0014937193612094557
2019-11-18 00:00:00+00:00,0.999,1.0010000000000000,0.994,0.99851,120894.25834014,1.001,-0.0004904904904904361
2019-11-19 00:00:00+00:00,0.99805,1.0000000000000000,0.99739,0.99851,117826.95812032,1.0,0.0
2019-11-20 00:00:00+00:00,0.99854,0.9999000000000000,0.993,0.9963,56056.33638338,0.9999,-0.0022132978137425763
2019-11-21 00:00:00+00:00,0.9975,1.0000100000000000,0.992,0.99899,166935.00861642,1.00001,0.002699989962862581
2019-11-22 00:00:00+00:00,0.99828,1.0149000000000000,0.99459,1.002,416845.11233003,1.0149,0.00301304317360529
2019-11-23 00:00:00+00:00,1.00196,1.0039300000000000,0.99963,1.0,84131.61098045,1.00393,-0.001996007984031989
2019-11-24 00:00:00+00:00,1.0,1.0020000000000000,0.99499,1.00078,53568.10209809,1.002,0.0007800000000000029
2019-11-25 00:00:00+00:00,1.00104,1.0028400000000000,0.9975,1.00087,122948.86417332,1.00284,8.992985471323323e-05
2019-11-26 00:00:00+00:00,1.00088,1.0030000000000000,0.99971,1.00091,175228.38976769,1.003,3.996523024962784e-05
2019-11-27 00:00:00+00:00,1.00169,1.0026000000000000,0.996,1.0,234770.9256078,1.0026,-0.0009091726528858146
2019-11-28 00:00:00+00:00,0.99948,1.0026000000000000,0.99944,1.00031,28661.96592308,1.0026,0.00031000000000003247
2019-11-29 00:00:00+00:00,1.00211,1.0029900000000000,1.0,1.0,32523.72611988,1.00299,-0.00030990392978180736
2019-11-30 00:00:00+00:00,1.00134,1.0039500000000000,0.99705,1.0016,118635.38010706,1.00395,0.0016000000000000458
2019-12-01 00:00:00+00:00,1.00107,1.0033100000000000,0.9985,1.00267,48049.53716665,1.00331,0.0010682907348242843
2019-12-02 00:00:00+00:00,1.00092,1.0030000000000000,0.99846,1.00199,90001.3453221,1.003,-0.0006781892347432761
2019-12-03 00:00:00+00:00,1.00037,1.0087200000000000,0.999,1.003,339694.2461957,1.00872,0.001007994091757336
2019-12-04 00:00:00+00:00,1.00254,1.0051000000000000,0.99849,0.9985,236436.80484549,1.0051,-0.004486540378863202
2019-12-05 00:00:00+00:00,1.00063,1.0050000000000000,0.99855,1.0005,61462.90505784,1.005,0.0020030045067600533
2019-12-06 00:00:00+00:00,1.00106,1.0040000000000000,0.99703,1.002,112413.28817007,1.004,0.0014992503748125774
2019-12-07 00:00:00+00:00,1.00111,1.0041300000000000,0.997,1.0017,19119.1768362,1.00413,-0.0002994011976047428
2019-12-08 00:00:00+00:00,1.00294,1.0029800000000000,0.996,1.00066,54758.89002536,1.00298,-0.0010382350004990437
2019-12-09 00:00:00+00:00,0.99929,0.9992900000000000,0.99929,0.99929,452.80716911,0.99929,-0.0013690963963784997
2019-12-10 00:00:00+00:00,0.99923,1.0020100000000000,0.9954,1.001,114457.67921227,1.00201,0.0017112149626232753
2019-12-11 00:00:00+00:00,0.9994,1.0020000000000000,0.99626,0.99626,106261.71523628,1.002,-0.004735264735264644
2019-12-12 00:00:00+00:00,0.99999,1.0009900000000000,0.998,0.99901,36116.87806178,1.00099,0.0027603236103024287
2019-12-13 00:00:00+00:00,0.99804,1.0013200000000000,0.998,0.999,193611.57169671,1.00132,-1.0009909810704265e-05
2019-12-14 00:00:00+00:00,0.999,1.0012700000000000,0.998,1.0011,52673.88367089,1.00127,0.0021021021021021546
2019-12-15 00:00:00+00:00,1.00079,1.0010000000000000,0.998,1.001,34706.86901529,1.001,-9.989012086730753e-05
2019-12-16 00:00:00+00:00,1.00079,1.0009900000000000,0.99567,0.99721,220742.02236946,1.00099,-0.003786213786213688
2019-12-17 00:00:00+00:00,0.99749,1.0015000000000000,0.997,0.999,90453.91788884,1.0015,0.0017950080725221973
2019-12-18 00:00:00+00:00,0.99979,1.0100000000000000,0.99723,1.00197,279637.68251306,1.01,0.0029729729729730536
2019-12-19 00:00:00+00:00,1.0011,1.0020000000000000,0.9988,1.0,84053.53684146,1.002,-0.0019661267303412444
2019-12-20 00:00:00+00:00,0.999,1.0000000000000000,0.99798,1.0,35957.92528488,1.0,0.0
2019-12-21 00:00:00+00:00,1.0,1.0018400000000000,0.998,0.999,7673.37797758,1.00184,-0.0010000000000000009
2019-12-22 00:00:00+00:00,1.0,1.0012700000000000,0.998,1.00006,184937.40328984,1.00127,0.001061061061061075
2019-12-23 00:00:00+00:00,1.00006,1.0020000000000000,0.999,1.00125,125276.02575879,1.002,0.0011899286042837964
2019-12-24 00:00:00+00:00,1.00125,1.0020000000000000,0.99902,0.99905,76728.99357489,1.002,-0.0021972534332084237
2019-12-25 00:00:00+00:00,1.00056,1.0006300000000000,0.997,0.99718,70044.23409382,1.00063,-0.0018717781892798602
2019-12-26 00:00:00+00:00,1.0,1.0100000000000000,0.9954,0.99821,348970.47465049,1.01,0.0010329128141359778
2019-12-27 00:00:00+00:00,0.99817,1.0010000000000000,0.99516,0.99972,181272.34164081,1.001,0.0015127077468668482
2019-12-28 00:00:00+00:00,0.99889,0.9997300000000000,0.997,0.99885,42583.11305866,0.99973,-0.0008702436682271886
2019-12-29 00:00:00+00:00,0.99899,1.0005500000000000,0.99701,0.99706,28522.5211839,1.00055,-0.0017920608700006113
2019-12-30 00:00:00+00:00,1.0,1.0000000000000000,0.991,0.99801,150610.98693424,1.0,0.0009528012356327942
2019-12-31 00:00:00+00:00,0.99801,0.9980100000000000,0.99103,0.99501,107428.68164428,0.99801,-0.00300598190398893
2020-01-01 00:00:00+00:00,0.99698,0.9988700000000000,0.99505,0.9975,49164.33515328,0.99887,0.002502487412186838
2020-01-02 00:00:00+00:00,0.99805,0.9985000000000000,0.99303,0.99605,117547.08938023,0.9985,-0.0014536340852130403
2020-01-03 00:00:00+00:00,0.99681,1.0000000000000000,0.9931,0.9979,89666.07876553,1.0,0.001857336479092364
2020-01-04 00:00:00+00:00,0.99853,1.0001300000000000,0.997,0.99827,100808.50632175,1.00013,0.0003707786351336839
2020-01-05 00:00:00+00:00,0.99769,1.0007600000000000,0.99769,0.99818,24690.8476141,1.00076,-9.015596982786533e-05
2020-01-06 00:00:00+00:00,0.99802,1.0011600000000000,0.99102,1.0,126889.05535992,1.00116,0.0018233184395599622
2020-01-07 00:00:00+00:00,1.00001,1.0022900000000000,0.99676,0.998,413046.61460451,1.00229,-0.0020000000000000018
2020-01-08 00:00:00+00:00,0.99998,1.0025000000000000,0.998,0.998,265898.2077085,1.0025,0.0
2020-01-09 00:00:00+00:00,0.99801,1.0019900000000000,0.995,0.9997,342288.53780094,1.00199,0.0017034068136272396
2020-01-10 00:00:00+00:00,0.99811,1.0025000000000000,0.99752,1.00158,116723.62975195,1.0025,0.0018805641692507535
2020-01-11 00:00:00+00:00,0.99913,1.0015500000000000,0.99844,0.99863,126249.94814813,1.00155,-0.0029453463527625567
2020-01-12 00:00:00+00:00,0.99919,1.0006400000000000,0.99792,1.00006,102043.6433192,1.00064,0.0014319617876490387
2020-01-13 00:00:00+00:00,1.00014,1.0024600000000000,0.99,0.99991,182596.78699655,1.00246,-0.00014999100053991743
2020-01-14 00:00:00+00:00,0.99984,1.0024900000000000,0.99001,1.001,930526.84827366,1.00249,0.0010900981088297623
2020-01-15 00:00:00+00:00,1.001,1.0024900000000000,0.9901,1.0,487936.52016342,1.00249,-0.0009990009990008542
2020-01-16 00:00:00+00:00,0.99738,1.0015200000000000,0.99501,0.998,170532.74952333,1.00152,-0.0020000000000000018
2020-01-17 00:00:00+00:00,0.998,1.0024900000000000,0.99456,0.99914,568887.16162792,1.00249,0.00114228456913823
2020-01-18 00:00:00+00:00,0.99895,1.0022600000000000,0.9951,1.002,231532.96205114,1.00226,0.002862461717076714
2020-01-19 00:00:00+00:00,1.001,1.0020000000000000,0.99372,0.99801,495334.98358828,1.002,-0.003982035928143723
2020-01-20 00:00:00+00:00,0.999,1.0005000000000000,0.9967,0.99999,231554.47089151,1.0005,0.0019839480566328227
2020-01-21 00:00:00+00:00,0.99992,0.9999300000000000,0.996,0.999,120329.38031344,0.99993,-0.0009900099000990092
2020-01-22 00:00:00+00:00,0.9965,0.9990000000000000,0.99618,0.99763,146786.80088802,0.999,-0.0013713713713713327
2020-01-23 00:00:00+00:00,0.99763,0.9994000000000000,0.9935,0.99683,549089.82377361,0.9994,-0.0008019005041949301
2020-01-24 00:00:00+00:00,0.99602,1.0006000000000000,0.99601,0.998,121412.9866805,1.0006,0.0011737206946018652
2020-01-25 00:00:00+00:00,0.99752,1.0000000000000000,0.99601,0.999,67171.56630907,1.0,0.0010020040080160886
2020-01-26 00:00:00+00:00,0.999,0.9990000000000000,0.996,0.99842,143565.0232999,0.999,-0.0005805805805806363
2020-01-27 00:00:00+00:00,0.99602,0.9990000000000000,0.992,0.9987,406014.25168009,0.999,0.0002804431000982266
2020-01-28 00:00:00+00:00,0.99601,1.0025000000000000,0.99511,1.00016,488830.79312654,1.0025,0.0014619004706117877
2020-01-29 00:00:00+00:00,1.00011,1.0024900000000000,0.996,0.99899,212200.09474731,1.00249,-0.0011698128299471033
2020-01-30 00:00:00+00:00,0.99702,1.0000000000000000,0.99511,0.99645,540992.0559395,1.0,-0.0025425679936736945
2020-01-31 00:00:00+00:00,0.996,1.0010000000000000,0.996,1.00072,179717.16194731,1.001,0.004285212504390623
2020-02-01 00:00:00+00:00,0.99801,1.0009900000000000,0.99654,0.99992,77060.44131682,1.00099,-0.0007994244144216012
2020-02-02 00:00:00+00:00,0.99992,1.0020000000000000,0.99615,0.998,146975.81340871,1.002,-0.0019201536122890328
2020-02-03 00:00:00+00:00,0.998,1.0024800000000000,0.996,0.998,147235.99151785,1.00248,0.0
2020-02-04 00:00:00+00:00,0.998,1.0000000000000000,0.99593,0.99619,236271.93089404,1.0,-0.0018136272545089538
2020-02-05 00:00:00+00:00,0.99619,1.0024900000000000,0.99605,0.999,190918.2022521,1.00249,0.0028207470462462414
2020-02-06 00:00:00+00:00,0.999,1.0015400000000000,0.9968,0.99862,328890.14659581,1.00154,-0.00038038038038046285
2020-02-07 00:00:00+00:00,0.99876,0.9999000000000000,0.996,0.99795,513706.79472987,0.9999,-0.0006709258777112259
2020-02-08 00:00:00+00:00,0.99701,1.0014200000000000,0.99601,1.0012,310723.52223535,1.00142,0.0032566761861818616
2020-02-09 00:00:00+00:00,1.0012,1.0018500000000000,0.999,1.0009,362555.44651384,1.00185,-0.0002996404314824508
2020-02-10 00:00:00+00:00,1.00099,1.0018500000000000,0.998,1.00039,503909.69623575,1.00185,-0.0005095414127285203
2020-02-11 00:00:00+00:00,0.99985,1.0063300000000000,0.997,1.0042,891748.5634658,1.00633,0.0038085146792752322
2020-02-12 00:00:00+00:00,1.00466,1.0125200000000000,0.99993,1.0,951987.93472815,1.01252,-0.004182433778131878
2020-02-13 00:00:00+00:00,1.00085,1.0030000000000000,0.99806,1.0004,835551.3649362,1.003,0.00039999999999995595
2020-02-14 00:00:00+00:00,1.00039,1.0026700000000000,0.997,1.00142,663213.25575854,1.00267,0.0010195921631348526
2020-02-15 00:00:00+00:00,1.00152,1.0081000000000000,0.9925,1.00096,946789.73872267,1.0081,-0.00045934772622868714
2020-02-16 00:00:00+00:00,1.0002,1.0030000000000000,0.996,1.00049,780288.34235734,1.003,-0.0004695492327365658
2020-02-17 00:00:00+00:00,1.00077,1.0065000000000000,0.99702,0.99945,611412.13299491,1.0065,-0.0010394906495818645
2020-02-18 00:00:00+00:00,0.99945,1.0120000000000000,0.99902,1.00264,678254.64032061,1.012,0.0031917554655060965
2020-02-19 00:00:00+00:00,1.00201,1.0121900000000000,0.999,1.00096,678528.09097926,1.01219,-0.0016755764780976845
2020-02-20 00:00:00+00:00,1.00096,1.0110000000000000,0.99871,1.00112,526822.74661724,1.011,0.00015984654731449055
2020-02-21 00:00:00+00:00,1.00112,1.0100000000000000,0.99983,1.00172,457345.99094172,1.01,0.0005993287517980228
2020-02-22 00:00:00+00:00,1.001,1.0030000000000000,1.00001,1.00173,258386.54452448,1.003,9.982829533239368e-06
2020-02-23 00:00:00+00:00,1.00158,1.0038300000000000,1.00122,1.00333,229325.53542167,1.00383,0.0015972367803700482
2020-02-24 00:00:00+00:00,1.003,1.0037100000000000,0.99781,0.99949,348784.46087228,1.00371,-0.0038272552400506754
2020-02-25 00:00:00+00:00,0.99947,1.0010000000000000,0.99812,0.99919,131304.01667508,1.001,-0.00030015307806974256
2020-02-26 00:00:00+00:00,0.9986,1.0025000000000000,0.9974,0.99927,309929.72188429,1.0025,8.006485253053697e-05
2020-02-27 00:00:00+00:00,0.99901,1.0010000000000000,0.99701,0.999,298263.97719855,1.001,-0.00027019724398813505
2020-02-28 00:00:00+00:00,0.99964,1.0022900000000000,0.998,1.00196,332578.90921323,1.00229,0.002962962962962834
2020-02-29 00:00:00+00:00,1.00116,1.0024600000000000,0.99942,1.00022,189145.27743467,1.00246,-0.0017365962713080663
2020-03-01 00:00:00+00:00,1.00022,1.0013800000000000,0.99897,0.999,264147.74042344,1.00138,-0.001219731659035106
2020-03-02 00:00:00+00:00,0.999,1.0010600000000000,0.998,1.00006,346956.11397806,1.00106,0.001061061061061075
2020-03-03 00:00:00+00:00,1.00066,1.0038100000000000,0.9998,1.00056,592450.45913644,1.00381,0.0004999700017997988
2020-03-04 00:00:00+00:00,1.0,1.0020000000000000,0.99923,1.00115,853120.17638238,1.002,0.0005896697849205879
2020-03-05 00:00:00+00:00,1.00106,1.0030000000000000,0.99901,1.00121,416984.76793854,1.003,5.9931079258834785e-05
2020-03-06 00:00:00+00:00,1.0011,1.0030000000000000,1.00003,1.00277,214615.60360733,1.003,0.0015581146812357893
2020-03-07 00:00:00+00:00,1.00277,1.0035500000000000,1.00045,1.00065,280615.06354163,1.00355,-0.002114143821614012
2020-03-08 00:00:00+00:00,1.0014,1.0030000000000000,1.00001,1.0009,660298.50672591,1.003,0.0002498376055561913
2020-03-09 00:00:00+00:00,1.0001,1.0030000000000000,0.99901,1.0002,658103.10510222,1.003,-0.000699370566490054
2020-03-10 00:00:00+00:00,0.99976,1.0025000000000000,0.99901,1.0,568675.04408875,1.0025,-0.00019996000799837876
2020-03-11 00:00:00+00:00,0.99963,1.0019900000000000,0.99933,1.00098,448012.79276679,1.00199,0.0009799999999999809
2020-03-12 00:00:00+00:00,1.00098,1.0429200000000000,0.95101,1.01293,3071737.5447305,1.04292,0.011938300465544005
2020-03-13 00:00:00+00:00,1.00607,1.1490000000000000,0.97,1.01005,3245374.716286,1.149,-0.002843236946284744
2020-03-14 00:00:00+00:00,1.01692,1.0408900000000000,0.997,0.998,1226047.91088239,1.04089,-0.011930102470174675
2020-03-15 00:00:00+00:00,0.998,1.0074700000000000,0.99,0.9975,840962.12630893,1.00747,-0.0005010020040079333
2020-03-16 00:00:00+00:00,0.99702,1.1000000000000000,0.99,1.00273,1453224.23775885,1.1,0.005243107769423494
2020-03-17 00:00:00+00:00,1.00305,1.1334900000000000,1.0,1.00407,933355.4930024,1.13349,0.0013363517596960417
2020-03-18 00:00:00+00:00,1.00414,1.0496800000000000,1.0,1.00309,771650.79711939,1.04968,-0.0009760275677990204
2020-03-19 00:00:00+00:00,1.00391,1.0500000000000000,1.00201,1.0037,1101656.39377995,1.05,0.0006081209063992787
2020-03-20 00:00:00+00:00,1.0037,1.0074100000000000,0.99901,0.99959,1667774.54538296,1.00741,-0.004094849058483674
2020-03-21 00:00:00+00:00,0.99959,1.0026700000000000,0.99952,1.00069,606362.83469654,1.00267,0.0011004511849859178
2020-03-22 00:00:00+00:00,1.0007,1.0028500000000000,0.99978,1.00054,811983.82901577,1.00285,-0.00014989657136588175
2020-03-23 00:00:00+00:00,1.00063,1.0056500000000000,0.99901,1.00467,813244.01883458,1.00565,0.004127771003658021
2020-03-24 00:00:00+00:00,1.00433,1.0066300000000000,1.0021,1.0034,968455.31348768,1.00663,-0.001264096668557757
2020-03-25 00:00:00+00:00,1.0034,1.0042000000000000,1.00108,1.00169,705671.37712503,1.0042,-0.0017042057006180222
2020-03-26 00:00:00+00:00,1.00256,1.0040000000000000,1.0008,1.00372,529273.67115857,1.004,0.0020265750881010014
2020-03-27 00:00:00+00:00,1.00372,1.0050000000000000,1.00041,1.00119,609784.68716789,1.005,-0.0025206232813931306
2020-03-28 00:00:00+00:00,1.0008,1.0030000000000000,1.0,1.00222,593494.91901232,1.003,0.0010287757568494538
2020-03-29 00:00:00+00:00,1.00169,1.0021800000000000,0.99921,0.9993,381907.70455977,1.00218,-0.0029135319590510855
2020-03-30 00:00:00+00:00,0.99924,1.0042000000000000,0.99905,1.0025,744057.9712537,1.0042,0.0032022415690984296
2020-03-31 00:00:00+00:00,1.0025,1.0027900000000000,1.00069,1.0025,377103.03802378,1.00279,0.0
2020-04-01 00:00:00+00:00,1.0025,1.0030000000000000,0.99704,1.00265,1113718.73831671,1.003,0.000149625935162101
2020-04-02 00:00:00+00:00,1.003,1.0052000000000000,0.999,1.00005,997782.55887061,1.0052,-0.0025931282102428233
2020-04-03 00:00:00+00:00,1.00072,1.0022000000000000,0.99801,1.00154,286453.58728574,1.0022,0.0014899255037248427
2020-04-04 00:00:00+00:00,1.00155,1.0030000000000000,1.001,1.00225,375757.11152221,1.003,0.0007089082812468117
2020-04-05 00:00:00+00:00,1.0024,1.0030000000000000,0.99948,1.001,229982.13731074,1.003,-0.001247193813918912
2020-04-06 00:00:00+00:00,1.00136,1.0036000000000000,1.00001,1.00174,489965.57492149,1.0036,0.0007392607392608941
2020-04-07 00:00:00+00:00,1.00174,1.0340000000000000,0.99951,1.0,716561.3070725,1.034,-0.0017369776588735952
2020-04-08 00:00:00+00:00,0.99986,1.0019900000000000,0.99801,1.00087,633919.92696827,1.00199,0.0008699999999999264
2020-04-09 00:00:00+00:00,1.00057,1.1000000000000000,1.0,1.00126,719565.15658583,1.1,0.00038966099493453754
2020-04-10 00:00:00+00:00,1.00073,1.0029700000000000,1.0,1.00167,444407.90522633,1.00297,0.0004094840500969976
2020-04-11 00:00:00+00:00,1.00167,1.0030000000000000,1.00101,1.00197,311191.65384632,1.003,0.0002994998352749967
2020-04-12 00:00:00+00:00,1.00131,1.0042000000000000,1.00131,1.00191,261428.50523076,1.0042,-5.988203239615242e-05
2020-04-13 00:00:00+00:00,1.00189,1.0032000000000000,1.0,1.003,327933.63996835,1.0032,0.0010879220688482238
2020-04-14 00:00:00+00:00,1.003,1.0031400000000000,1.001,1.0013,388180.28060103,1.00314,-0.0016949152542371504
2020-04-15 00:00:00+00:00,1.0013,1.0021200000000000,1.0004,1.00167,403207.66417539,1.00212,0.0003695196244881682
2020-04-16 00:00:00+00:00,1.00096,1.0021900000000000,1.0,1.00145,695666.84577636,1.00219,-0.000219633212535153
2020-04-17 00:00:00+00:00,1.00139,1.0024000000000000,1.00102,1.00147,247496.3468593,1.0024,1.9971041989252925e-05
2020-04-18 00:00:00+00:00,1.00114,1.0030000000000000,1.00086,1.0017,329462.82271161,1.003,0.00022966239627741913
2020-04-19 00:00:00+00:00,1.0012,1.0031900000000000,1.00025,1.0012,354626.91367016,1.00319,-0.0004991514425476407
2020-04-20 00:00:00+00:00,1.0012,1.0022300000000000,1.00024,1.00208,548212.3750319,1.00223,0.0008789452656812191
2020-04-21 00:00:00+00:00,1.0013,1.0026000000000000,1.00069,1.0025,283351.69026386,1.0026,0.00041912821331613337
2020-04-22 00:00:00+00:00,1.00249,1.0025200000000000,1.00079,1.00149,359318.45060677,1.00252,-0.0010074812967580948
2020-04-23 00:00:00+00:00,1.00086,1.0036000000000000,1.00033,1.001,548818.44188689,1.0036,-0.0004892709862306388
2020-04-24 00:00:00+00:00,1.001,1.0020100000000000,0.99902,1.00121,798571.75362859,1.00201,0.0002097902097901727
2020-04-25 00:00:00+00:00,1.00046,1.0017000000000000,0.99902,1.00056,348190.56972256,1.0017,-0.0006492144505149122
2020-04-26 00:00:00+00:00,1.00056,1.0022000000000000,1.00001,1.00117,153602.053964,1.0022,0.0006096585911889996
2020-04-27 00:00:00+00:00,1.00086,1.0030300000000000,1.0,1.00292,369390.38700158,1.00303,0.0017479548927756827
2020-04-28 00:00:00+00:00,1.00232,1.0041900000000000,1.00043,1.00193,418243.74899196,1.00419,-0.000987117616559674
2020-04-29 00:00:00+00:00,1.00193,1.0042000000000000,1.0006,1.00066,754380.87363901,1.0042,-0.00126755362151032
2020-04-30 00:00:00+00:00,1.00068,1.0029900000000000,0.998,1.0013,1549806.4683559,1.00299,0.0006395778786001394
2020-05-01 00:00:00+00:00,1.00065,1.0017000000000000,0.99991,1.00143,455990.09665957,1.0017,0.0001298312194146778
2020-05-02 00:00:00+00:00,1.00062,1.0017900000000000,1.0,1.0013,236671.98874257,1.00179,-0.00012981436545733693
2020-05-03 00:00:00+00:00,1.00054,1.0015800000000000,0.99991,1.001,380539.12653738,1.00158,-0.00029961050634197406
2020-05-04 00:00:00+00:00,1.00058,1.0040000000000000,0.99991,1.00261,701409.52614317,1.004,0.0016083916083917682
2020-05-05 00:00:00+00:00,1.002,1.0041000000000000,1.0,1.00164,597931.01967475,1.0041,-0.0009674748905356134
2020-05-06 00:00:00+00:00,1.00164,1.0030000000000000,1.00061,1.00081,482894.98690821,1.003,-0.0008286410287130508
2020-05-07 00:00:00+00:00,1.0008,1.0030000000000000,0.99991,1.00238,1619469.6497861,1.003,0.0015687293292434568
2020-05-08 00:00:00+00:00,1.00159,1.0027600000000000,0.99991,1.00174,682334.54474382,1.00276,-0.0006384804166084113
2020-05-09 00:00:00+00:00,1.00173,1.0018400000000000,0.99702,1.00055,398828.60232751,1.00184,-0.0011879329965859275
2020-05-10 00:00:00+00:00,0.9998,1.0029900000000000,0.9951,1.00021,747001.84283909,1.00299,-0.00033981310279351806
2020-05-11 00:00:00+00:00,1.00021,1.0031300000000000,0.99851,1.00207,687495.07114053,1.00313,0.001859609482008695
2020-05-12 00:00:00+00:00,1.0019,1.0030000000000000,1.0,1.001,742904.62545089,1.003,-0.0010677896753721328
2020-05-13 00:00:00+00:00,1.00133,1.0020000000000000,0.99989,1.00196,517954.5778886,1.002,0.0009590409590409799
2020-05-14 00:00:00+00:00,1.00139,1.0024000000000000,0.999,1.00107,497334.66318373,1.0024,-0.0008882590123359124
2020-05-15 00:00:00+00:00,1.0004,1.0013900000000000,0.99002,0.99961,430187.91225472,1.00139,-0.0014584394697672032
2020-05-16 00:00:00+00:00,0.9988,1.0010000000000000,0.99866,1.00047,247338.074961,1.001,0.0008603355308569594
2020-05-17 00:00:00+00:00,0.99975,1.0006400000000000,0.99923,1.0,365577.37024064,1.00064,-0.0004697792037742232
2020-05-18 00:00:00+00:00,0.99943,1.0036000000000000,0.99818,0.99999,624059.42069745,1.0036,-9.99999999995449e-06
2020-05-19 00:00:00+00:00,0.99925,1.0004000000000000,0.99,1.0004,390870.72179423,1.0004,0.00041000410004099486
2020-05-20 00:00:00+00:00,0.99997,1.0005000000000000,0.994,0.99999,609053.61900106,1.0005,-0.0004098360655736544
2020-05-21 00:00:00+00:00,0.99927,1.0006000000000000,0.99566,0.9988,600151.88531983,1.0006,-0.0011900119001190257
2020-05-22 00:00:00+00:00,0.99881,1.0009400000000000,0.99551,1.0,467649.0077415,1.00094,0.0012014417300760805
2020-05-23 00:00:00+00:00,1.0,1.0012600000000000,1.0,1.0001,209092.2520724,1.00126,9.999999999998899e-05
2020-05-24 00:00:00+00:00,1.0001,1.0010000000000000,0.9986,0.99911,216855.68378113,1.001,-0.0009899010098989303
2020-05-25 00:00:00+00:00,0.99991,1.0011300000000000,0.999,0.99926,397605.87713509,1.00113,0.00015013361892091126
2020-05-26 00:00:00+00:00,0.99926,1.0009200000000000,0.9984,1.0,336308.78290014,1.00092,0.0007405480055240332
2020-05-27 00:00:00+00:00,1.0,1.0014000000000000,0.999,1.00042,406312.13395388,1.0014,0.00042000000000008697
2020-05-28 00:00:00+00:00,0.99959,1.0009900000000000,0.0155,1.00075,605639.36961642,1.00099,0.0003298614581874748
2020-05-29 00:00:00+00:00,1.00075,1.0009900000000000,0.998,1.00006,252843.68539776,1.00099,-0.0006894828878342141
2020-05-30 00:00:00+00:00,1.00006,1.0009900000000000,0.998,1.0004,452210.78794993,1.00099,0.0003399796012240053
2020-05-31 00:00:00+00:00,0.9997,1.0014000000000000,0.9982,0.999,398831.39716164,1.0014,-0.0013994402239103643
2020-06-01 00:00:00+00:00,0.99873,1.0031500000000000,0.99873,1.001,448339.45957406,1.00315,0.002002002002001957
2020-06-02 00:00:00+00:00,1.00171,1.0032900000000000,0.99442,1.00056,1114131.04239485,1.00329,-0.0004395604395603936
2020-06-03 00:00:00+00:00,1.00056,1.0060000000000000,0.9996,1.00044,403587.85662565,1.006,-0.00011993283761080331
2020-06-04 00:00:00+00:00,1.00044,1.0012400000000000,0.999,0.99989,437620.71475458,1.00124,-0.0005497581064332069
2020-06-05 00:00:00+00:00,0.99989,1.0020900000000000,0.9992,1.0,342399.06382248,1.00209,0.00011001210133110284
2020-06-06 00:00:00+00:00,1.0,1.0017900000000000,0.999,1.0001,163408.10449566,1.00179,9.999999999998899e-05
2020-06-07 00:00:00+00:00,1.0001,1.0018900000000000,0.99901,1.0011,183674.2479736,1.00189,0.0009999000099991662
2020-06-08 00:00:00+00:00,1.00028,1.0020000000000000,0.9994,1.00074,271808.52379269,1.002,-0.00035960443512150775
2020-06-09 00:00:00+00:00,1.00074,1.0022300000000000,0.999,1.00135,457784.19663648,1.00223,0.0006095489337889504
2020-06-10 00:00:00+00:00,1.00073,1.0019500000000000,0.99928,1.00089,482002.33525284,1.00195,-0.00045937983721966447
2020-06-11 00:00:00+00:00,1.00012,1.0012900000000000,0.9964,0.999,920339.62600138,1.00129,-0.0018883193957378586
2020-06-12 00:00:00+00:00,0.999,1.0006000000000000,0.99787,0.99966,436999.39201315,1.0006,0.0006606606606607279
2020-06-13 00:00:00+00:00,0.99966,1.0010200000000000,0.99902,0.99978,206028.71698126,1.00102,0.00012004081387662069
2020-06-14 00:00:00+00:00,0.99972,1.0006000000000000,0.9989,0.99927,136511.59848044,1.0006,-0.0005101122246894407
2020-06-15 00:00:00+00:00,0.99927,1.0015000000000000,0.9958,1.00089,440141.00948717,1.0015,0.0016211834639288103
2020-06-16 00:00:00+00:00,1.00048,1.0019200000000000,0.997,1.0002,434837.51200351,1.00192,-0.0006893864460630894
2020-06-17 00:00:00+00:00,0.99941,1.0010000000000000,0.998,0.99973,416841.50158251,1.001,-0.00046990601879626226
2020-06-18 00:00:00+00:00,0.99973,1.0007600000000000,0.99816,0.99968,452561.22882856,1.00076,-5.001350364597368e-05
2020-06-19 00:00:00+00:00,0.99969,0.9999900000000000,0.99825,0.9986,417427.00871831,0.99999,-0.0010803457106273173
2020-06-20 00:00:00+00:00,0.9986,0.9999900000000000,0.9985,0.99938,123589.33075121,0.99999,0.0007810935309433553
2020-06-21 00:00:00+00:00,0.99938,1.0000000000000000,0.997,0.99917,168756.80173032,1.0,-0.00021013028077410123
2020-06-22 00:00:00+00:00,0.9992,1.0020000000000000,0.99854,1.00154,654299.48464508,1.002,0.0023719687340493234
2020-06-23 00:00:00+00:00,1.00083,1.0018500000000000,0.99901,1.00002,265746.1613624,1.00185,-0.0015176627992893321
2020-06-24 00:00:00+00:00,1.00002,1.0016000000000000,0.99689,0.9988,346333.3987069,1.0016,-0.0012199756004879214
2020-06-25 00:00:00+00:00,0.99909,1.0002600000000000,0.997,0.99888,313244.1040563,1.00026,8.009611533843497e-05
2020-06-26 00:00:00+00:00,0.99891,1.0000100000000000,0.98572,0.99894,340182.370608,1.00001,6.006727534835221e-05
2020-06-27 00:00:00+00:00,0.99894,1.0000000000000000,0.99816,0.99919,325377.0020504,1.0,0.0002502652811979811
2020-06-28 00:00:00+00:00,0.99982,1.0003900000000000,0.999,0.99927,233153.28767922,1.00039,8.006485253053697e-05
2020-06-29 00:00:00+00:00,0.99926,1.0005700000000000,0.998,0.99926,584377.25167582,1.00057,-1.000730533284866e-05
2020-06-30 00:00:00+00:00,0.99926,1.0015000000000000,0.99926,1.0006,338298.7692049,1.0015,0.0013409923343272734
2020-07-01 00:00:00+00:00,1.00003,1.0014900000000000,0.9994,1.00114,565203.37551787,1.00149,0.0005396761942835226
2020-07-02 00:00:00+00:00,1.00113,1.0014900000000000,0.999,1.0006,340786.74103293,1.00149,-0.0005393851009848349
2020-07-03 00:00:00+00:00,0.99994,1.0012500000000000,0.99925,1.00058,210909.43011092,1.00125,-1.9988007195603785e-05
2020-07-04 00:00:00+00:00,1.00026,1.0008500000000000,0.99925,1.00036,213358.28690832,1.00085,-0.00021987247396515475
2020-07-05 00:00:00+00:00,0.99978,1.0011100000000000,0.999,1.0007,228263.46696135,1.00111,0.0003398776440481921
2020-07-06 00:00:00+00:00,1.0001,1.0010200000000000,0.9992,1.00048,538532.09413643,1.00102,-0.0002198461077245195
2020-07-07 00:00:00+00:00,1.00001,1.0009800000000000,0.99859,0.9998,888724.46514029,1.00098,-0.0006796737565968325
2020-07-08 00:00:00+00:00,0.99975,1.0010700000000000,0.998,1.00056,745057.66732423,1.00107,0.000760152030405914
2020-07-09 00:00:00+00:00,1.00056,1.0011400000000000,0.99001,1.00039,650349.22106507,1.00114,-0.00016990485328216565
2020-07-10 00:00:00+00:00,0.99972,1.0009800000000000,0.99887,1.00097,376813.36971237,1.00098,0.0005797738881836434
2020-07-11 00:00:00+00:00,1.00097,1.0012200000000000,0.99964,1.00073,251995.68002503,1.00122,-0.00023976742559717046
2020-07-12 00:00:00+00:00,0.99991,1.0009700000000000,0.9992,1.0004,184667.14415286,1.00097,-0.00032975927572864716
2020-07-13 00:00:00+00:00,0.99982,1.0009700000000000,0.999,1.0,504890.87463494,1.00097,-0.0003998400639744215
2020-07-14 00:00:00+00:00,1.0,1.0012300000000000,0.999,1.00007,475526.41307902,1.00123,7.00000000000145e-05
2020-07-15 00:00:00+00:00,1.00007,1.0008000000000000,0.998,0.9995,433716.62012761,1.0008,-0.0005699601027927548
2020-07-16 00:00:00+00:00,0.99889,1.0004000000000000,0.99805,0.99995,428580.33461119,1.0004,0.0004502251125562129
2020-07-17 00:00:00+00:00,0.99994,1.0001900000000000,0.999,1.00009,436456.65244986,1.00019,0.00014000700034988434
2020-07-18 00:00:00+00:00,1.0001,1.0009900000000000,0.99941,1.00021,276324.89648339,1.00099,0.00011998920097200383
2020-07-19 00:00:00+00:00,1.00021,1.0010900000000000,0.999,1.00047,181827.2984304,1.00109,0.0002599454114635691
2020-07-20 00:00:00+00:00,1.001,1.0011800000000000,0.999,0.99982,287258.54804964,1.00118,-0.0006496946435174955
2020-07-21 00:00:00+00:00,0.99981,1.0011100000000000,0.99958,1.00092,239756.27735676,1.00111,0.001100198035646427
2020-07-22 00:00:00+00:00,1.00053,1.0012300000000000,1.0,1.00114,491315.7604833,1.00123,0.00021979778603675726
2020-07-23 00:00:00+00:00,1.00114,1.0017400000000000,1.00002,1.00148,461752.96756305,1.00174,0.000339612841360859
2020-07-24 00:00:00+00:00,1.00147,1.0018000000000000,1.00031,1.0016,379495.04046668,1.0018,0.00011982266245968987
2020-07-25 00:00:00+00:00,1.00161,1.0030000000000000,1.0008,1.00154,132874.85310886,1.003,-5.990415335455079e-05
2020-07-26 00:00:00+00:00,1.00152,1.0065000000000000,1.00081,1.0017,91289.55247517,1.0065,0.00015975397887246778
2020-07-27 00:00:00+00:00,1.0017,1.0065000000000000,1.00031,1.002,355848.12553142,1.0065,0.0002994908655284956
2020-07-28 00:00:00+00:00,1.00222,1.0044000000000000,1.00031,1.00215,157953.9886783,1.0044,0.00014970059880248243
2020-07-29 00:00:00+00:00,1.00215,1.0025000000000000,1.00031,1.00053,242018.79505081,1.0025,-0.001616524472384584
2020-07-30 00:00:00+00:00,1.00053,1.0030000000000000,1.00031,1.00234,478077.59108303,1.003,0.001809041208159723
2020-07-31 00:00:00+00:00,1.00127,1.0024600000000000,1.00054,1.00099,228863.9027066,1.00246,-0.0013468483748029225
2020-08-01 00:00:00+00:00,1.00106,1.0040100000000000,1.00055,1.00162,210219.09458073,1.00401,0.0006293769168521646
2020-08-02 00:00:00+00:00,1.00097,1.0089900000000000,0.99942,1.00073,490914.02338236,1.00899,-0.0008885605319383094
2020-08-03 00:00:00+00:00,1.00026,1.0020000000000000,0.99987,1.00079,217362.90544043,1.002,5.995623195076405e-05
2020-08-04 00:00:00+00:00,1.00154,1.0029800000000000,0.99901,1.00001,440034.72594853,1.00298,-0.0007793842864137757
2020-08-05 00:00:00+00:00,1.00059,1.0017900000000000,0.9951,1.00018,331725.85929697,1.00179,0.00016999830001696026
2020-08-06 00:00:00+00:00,1.0007,1.0020000000000000,1.0,1.001,245261.08591555,1.002,0.0008198524265630169
2020-08-07 00:00:00+00:00,1.00041,1.0020000000000000,1.0,1.0015,198401.79059153,1.002,0.0004995004995007601
2020-08-08 00:00:00+00:00,1.0015,1.0020100000000000,1.0006,1.00119,144681.75312244,1.00201,-0.00030953569645530976
2020-08-09 00:00:00+00:00,1.0012,1.0017600000000000,1.0004,1.00041,149997.38757011,1.00176,-0.0007790729032451926
2020-08-10 00:00:00+00:00,1.0004,1.0030000000000000,0.99983,1.001,394803.6118746,1.003,0.0005897581991383127
2020-08-11 00:00:00+00:00,1.0012,1.0019400000000000,0.9994,1.0,345941.68689693,1.00194,-0.0009990009990008542
2020-08-12 00:00:00+00:00,1.0,1.0025000000000000,0.999,1.0008,274527.86589024,1.0025,0.0007999999999999119
2020-08-13 00:00:00+00:00,1.00021,1.0024000000000000,1.0,1.00179,392670.30631881,1.0024,0.0009892086330935967
2020-08-14 00:00:00+00:00,1.0018,1.0081000000000000,1.0003,1.0019,483918.92123197,1.0081,0.00010980345182121098
2020-08-15 00:00:00+00:00,1.00111,1.0076000000000000,1.00001,1.0009,160231.86422877,1.0076,-0.0009981036031541102
2020-08-16 00:00:00+00:00,1.00089,1.0081000000000000,0.9998,1.00148,308416.11271496,1.0081,0.000579478469377559
2020-08-17 00:00:00+00:00,1.0009,1.0038800000000000,1.0002,1.00168,373057.2995448,1.00388,0.0001997044374326684
2020-08-18 00:00:00+00:00,1.00169,1.0040000000000000,1.0002,1.00023,420656.51571213,1.004,-0.00144756808561608
2020-08-19 00:00:00+00:00,1.0009,1.0018400000000000,1.00001,1.0001,322678.42921937,1.00184,-0.0001299701068754322
2020-08-20 00:00:00+00:00,1.0,1.0029000000000000,0.99999,1.002,223040.0961721,1.0029,0.0018998100189981937
2020-08-21 00:00:00+00:00,1.0019,1.0019000000000000,0.9995,0.99961,435408.40965313,1.0019,-0.0023852295409181323
2020-08-22 00:00:00+00:00,0.9995,1.0012000000000000,0.9995,1.0006,248778.44729925,1.0012,0.0009903862506377425
2020-08-23 00:00:00+00:00,1.0006,1.0015000000000000,0.9998,1.00086,110403.8618707,1.0015,0.00025984409354395943
2020-08-24 00:00:00+00:00,1.00087,1.0019500000000000,0.9998,1.00065,192744.26980024,1.00195,-0.00020981955518262208
2020-08-25 00:00:00+00:00,1.0001,1.0012000000000000,0.99941,1.00055,281994.18710966,1.0012,-9.993504222249872e-05
2020-08-26 00:00:00+00:00,1.001,1.0020000000000000,0.9999,1.00108,212116.50223211,1.002,0.0005297086602367163
2020-08-27 00:00:00+00:00,1.00053,1.0015500000000000,0.9994,1.00041,442656.62577263,1.00155,-0.0006692771806448006
2020-08-28 00:00:00+00:00,1.00041,1.0020000000000000,0.9995,1.0008,657099.37133309,1.002,0.0003898401655320072
2020-08-29 00:00:00+00:00,1.0014,1.0020000000000000,1.0,1.0009,343078.38037666,1.002,9.992006394887731e-05
2020-08-30 00:00:00+00:00,1.0009,1.0020000000000000,1.0,1.0006,376073.49632532,1.002,-0.00029973024278151517
2020-08-31 00:00:00+00:00,1.00012,1.0020000000000000,1.0,1.00041,348602.16774901,1.002,-0.0001898860683589021
2020-09-01 00:00:00+00:00,1.0004,1.0029500000000000,1.0,1.00099,1146107.87029224,1.00295,0.0005797622974581529
2020-09-02 00:00:00+00:00,1.0004,1.0028700000000000,0.99991,1.00116,746513.01821091,1.00287,0.00016983186645225246
2020-09-03 00:00:00+00:00,1.001,1.0080000000000000,1.0,1.003,1742747.18872239,1.008,0.0018378680730350982
2020-09-04 00:00:00+00:00,1.0021,1.0079000000000000,1.0007,1.00091,820260.80985097,1.0079,-0.0020837487537387345
2020-09-05 00:00:00+00:00,1.0015,1.0025700000000000,1.0,1.00001,717766.8341135,1.00257,-0.0008991817446123429
2020-09-06 00:00:00+00:00,1.00001,1.0020000000000000,0.99965,1.0006,252983.90334399,1.002,0.0005899941000588882
2020-09-07 00:00:00+00:00,1.0001,1.0014900000000000,0.99981,1.0003,216213.68785787,1.00149,-0.000299820107935167
2020-09-08 00:00:00+00:00,1.00086,1.0033100000000000,0.9998,1.0009,411532.81489366,1.00331,0.0005998200539838461
2020-09-09 00:00:00+00:00,1.0009,1.0076300000000000,0.9998,1.00149,339158.92082449,1.00763,0.0005894694774704057
2020-09-10 00:00:00+00:00,1.00136,1.0020000000000000,1.00002,1.0012,334795.67692497,1.002,-0.0002895685428709882
2020-09-11 00:00:00+00:00,1.00062,1.0020000000000000,1.00009,1.0014,727633.40708652,1.002,0.00019976028765489318
2020-09-12 00:00:00+00:00,1.0014,1.0014000000000000,1.00025,1.00089,228971.72114308,1.0014,-0.0005092869982025183
2020-09-13 00:00:00+00:00,1.00034,1.0010000000000000,1.00001,1.0007,325817.34600657,1.001,-0.00018983105036529668
2020-09-14 00:00:00+00:00,1.0007,1.0029000000000000,1.00024,1.00051,491076.22637883,1.0029,-0.0001898670930348123
2020-09-15 00:00:00+00:00,1.00051,1.0014000000000000,1.00001,1.00088,590383.8341659,1.0014,0.00036981139618785797
2020-09-16 00:00:00+00:00,1.0004,1.0054300000000000,1.00005,1.0004,529431.82133067,1.00543,-0.0004795779713852033
2020-09-17 00:00:00+00:00,1.00041,1.0094300000000000,1.0001,1.0009,532611.4028477,1.00943,0.0004998000799678604
2020-09-18 00:00:00+00:00,1.00044,1.0012000000000000,1.00001,1.00119,266026.63977417,1.0012,0.00028973923468900153
2020-09-19 00:00:00+00:00,1.0012,1.0020000000000000,1.0002,1.00063,321157.77362284,1.002,-0.0005593343920735627
2020-09-20 00:00:00+00:00,1.00026,1.0094300000000000,0.9999,1.00057,614466.91967242,1.00943,-5.9962223799003844e-05
2020-09-21 00:00:00+00:00,1.00057,1.0010000000000000,0.9993,0.9999,517838.3959676,1.001,-0.0006696183175589621
2020-09-22 00:00:00+00:00,1.0004,1.0010000000000000,0.9996,1.0006,803552.26148697,1.001,0.0007000700070005639
2020-09-23 00:00:00+00:00,1.00024,1.0010000000000000,0.9997,1.0,249157.31180901,1.001,-0.000599640215870445
2020-09-24 00:00:00+00:00,1.00026,1.0012000000000000,0.99965,1.0002,900394.27541257,1.0012,0.00019999999999997797
2020-09-25 00:00:00+00:00,1.00078,1.0010900000000000,0.9997,1.00094,271880.50581017,1.00109,0.0007398520295940347
2020-09-26 00:00:00+00:00,1.00094,1.0020000000000000,1.00017,1.00095,263800.79723079,1.002,9.990608827781244e-06
2020-09-27 00:00:00+00:00,1.00089,1.0012000000000000,1.00021,1.00025,251700.85176503,1.0012,-0.0006993356311503218
2020-09-28 00:00:00+00:00,1.00025,1.0010000000000000,0.9982,1.00008,741614.21823979,1.001,-0.00016995751062232056
2020-09-29 00:00:00+00:00,1.00015,1.0010900000000000,0.998,1.0005,561831.81569,1.00109,0.00041996640268759933
2020-09-30 00:00:00+00:00,1.0006,1.0010000000000000,0.9951,1.0006,314961.9287202,1.001,9.995002498741634e-05
2020-10-01 00:00:00+00:00,1.0007,1.0010000000000000,0.999,1.0,246704.03366114,1.001,-0.000599640215870445
2020-10-02 00:00:00+00:00,0.9999,1.0011000000000000,0.9996,1.001,345082.48740667,1.0011,0.0009999999999998899
2020-10-03 00:00:00+00:00,1.001,1.0014500000000000,1.00009,1.00099,246850.11455277,1.00145,-9.99000998980204e-06
2020-10-04 00:00:00+00:00,1.00099,1.0020000000000000,0.999,1.0008,419095.87849053,1.002,-0.00018981208603496835
2020-10-05 00:00:00+00:00,1.00032,1.0020000000000000,0.9996,1.00074,289615.00857979,1.002,-5.995203836928198e-05
2020-10-06 00:00:00+00:00,1.00074,1.0027900000000000,0.999,1.00137,801028.74451823,1.00279,0.0006295341447331015
2020-10-07 00:00:00+00:00,1.0008,1.0030600000000000,0.999,1.0005,736952.3971603,1.00306,-0.0008688097306691622
2020-10-08 00:00:00+00:00,1.0005,1.0030700000000000,0.99911,1.0013,523926.18679716,1.00307,0.0007996001999002189
2020-10-09 00:00:00+00:00,1.00074,1.0020000000000000,0.999,1.0015,710631.93521032,1.002,0.000199740337561094
2020-10-10 00:00:00+00:00,1.0015,1.0020100000000000,0.999,1.00041,944037.82686054,1.00201,-0.001088367448826788
2020-10-11 00:00:00+00:00,1.00041,1.0011000000000000,1.0003,1.00073,406640.30518477,1.0011,0.00031986885376977803
2020-10-12 00:00:00+00:00,1.0003,1.0012000000000000,1.0,1.00045,500541.32875178,1.0012,-0.00027979574910297345
2020-10-13 00:00:00+00:00,1.00085,1.0013900000000000,1.00002,1.001,408247.76313073,1.00139,0.0005497526113247275
2020-10-14 00:00:00+00:00,1.00002,1.0020000000000000,1.00002,1.00081,281339.61303654,1.002,-0.00018981018981012454
2020-10-15 00:00:00+00:00,1.00081,1.0090000000000000,0.999,1.0011,628857.54427502,1.009,0.0002897652901150405
2020-10-16 00:00:00+00:00,1.00063,1.0089000000000000,0.9995,1.00101,653401.2177581,1.0089,-8.990110878048796e-05
2020-10-17 00:00:00+00:00,1.001,1.0059300000000000,0.9995,1.00089,117340.00568314,1.00593,-0.00011987892228837449
2020-10-18 00:00:00+00:00,1.0009,1.0013000000000000,0.99995,1.00087,326438.17259509,1.0013,-1.9982215827996086e-05
2020-10-19 00:00:00+00:00,1.00099,1.0012900000000000,0.99801,1.0005,411035.7376431,1.00129,-0.0003696783798095016
2020-10-20 00:00:00+00:00,1.00111,1.0016000000000000,1.0,1.0015,451278.94461639,1.0016,0.0009995002498752736
2020-10-21 00:00:00+00:00,1.00097,1.0058100000000000,1.0001,1.00174,612722.37074224,1.00581,0.0002396405391911216
2020-10-22 00:00:00+00:00,1.0022,1.0058100000000000,0.9995,1.00167,696479.46184582,1.00581,-6.987841156391728e-05
2020-10-23 00:00:00+00:00,1.00168,1.0027000000000000,0.9999,1.00051,349137.32290991,1.0027,-0.0011580660297304535
2020-10-24 00:00:00+00:00,1.0011,1.0020000000000000,1.0006,1.0016,152285.13906082,1.002,0.0010894443833644463
2020-10-25 00:00:00+00:00,1.00122,1.0020000000000000,1.0006,1.00159,376314.53986269,1.002,-9.984025559184317e-06
2020-10-26 00:00:00+00:00,1.00157,1.0025000000000000,1.00001,1.00118,442823.50328451,1.0025,-0.00040934913487555846
2020-10-27 00:00:00+00:00,1.0017,1.0021000000000000,1.00031,1.0012,562083.20705689,1.0021,1.9976427815260323e-05
2020-10-28 00:00:00+00:00,1.00129,1.0061000000000000,1.00015,1.00101,628682.54145126,1.0061,-0.00018977227327221513
2020-10-29 00:00:00+00:00,1.00077,1.0019800000000000,1.00015,1.00096,559805.07634083,1.00198,-4.99495509533876e-05
2020-10-30 00:00:00+00:00,1.0009,1.0030000000000000,1.00033,1.00167,435155.85388276,1.003,0.0007093190537084126
2020-10-31 00:00:00+00:00,1.00164,1.0018700000000000,1.00033,1.00084,528880.5769629,1.00187,-0.0008286162109278905
2020-11-01 00:00:00+00:00,1.00136,1.0051700000000000,1.00051,1.00154,179383.78915443,1.00517,0.0006994124935055801
2020-11-02 00:00:00+00:00,1.00121,1.0030000000000000,1.00052,1.00104,366489.40863745,1.003,-0.0004992311839768782
2020-11-03 00:00:00+00:00,1.00105,1.0068900000000000,1.00046,1.00177,455282.5668973,1.00689,0.0007292415887478754
2020-11-04 00:00:00+00:00,1.00178,1.0024000000000000,1.00047,1.00199,769211.96122248,1.0024,0.0002196112880201717
2020-11-05 00:00:00+00:00,1.00136,1.0048000000000000,1.00044,1.00179,1029491.70828221,1.0048,-0.00019960279044695106
2020-11-06 00:00:00+00:00,1.00179,1.0048400000000000,1.00015,1.0018,967285.48136596,1.00484,9.982131983887754e-06
2020-11-07 00:00:00+00:00,1.0018,1.0075000000000000,1.0006,1.0014,629738.23573488,1.0075,-0.0003992812936713941
2020-11-08 00:00:00+00:00,1.00198,1.0040000000000000,1.0012,1.0022,455059.0469557,1.004,0.000798881565807763
2020-11-09 00:00:00+00:00,1.0015,1.0033000000000000,1.0003,1.0009,797659.45648857,1.0033,-0.0012971462781881105
2020-11-10 00:00:00+00:00,1.0009,1.0069900000000000,1.00027,1.00229,619258.26194895,1.00699,0.0013887501248877054
2020-11-11 00:00:00+00:00,1.00229,1.0069900000000000,1.00045,1.00169,396082.1840803,1.00699,-0.0005986291392710008
2020-11-12 00:00:00+00:00,1.0017,1.0059000000000000,1.00051,1.00151,593368.45965474,1.0059,-0.0001796963132306706
2020-11-13 00:00:00+00:00,1.00151,1.0030000000000000,1.00047,1.0013,659244.47658414,1.003,-0.00020968337809890158
2020-11-14 00:00:00+00:00,1.00148,1.0075000000000000,1.00076,1.00197,713239.34380346,1.0075,0.0006691301308299202
2020-11-15 00:00:00+00:00,1.0014,1.0059400000000000,1.0008,1.00179,312685.92692787,1.00594,-0.00017964609718856828
2020-11-16 00:00:00+00:00,1.00179,1.0056200000000000,1.00045,1.00071,644949.55744358,1.00562,-0.0010780702542448894
2020-11-17 00:00:00+00:00,1.00129,1.0053000000000000,1.00045,1.00137,738749.52735582,1.0053,0.0006595317324700201
2020-11-18 00:00:00+00:00,1.00095,1.0020000000000000,0.998,1.0013,1735003.21781706,1.002,-6.990423120323275e-05
2020-11-19 00:00:00+00:00,1.00072,1.0020000000000000,0.999,1.00147,971474.29538345,1.002,0.00016977928692707422
2020-11-20 00:00:00+00:00,1.00101,1.0018300000000000,0.99902,1.00051,662482.64217222,1.00183,-0.0009585908714191405
2020-11-21 00:00:00+00:00,1.00051,1.0020000000000000,0.999,1.00098,1169519.57140759,1.002,0.00046976042218460634
2020-11-22 00:00:00+00:00,1.00129,1.0020000000000000,0.998,1.001,1180678.74546833,1.002,1.9980419189158383e-05
2020-11-23 00:00:00+00:00,1.00159,1.0030000000000000,0.998,1.0014,1323015.67712737,1.003,0.0003996003996005193
2020-11-24 00:00:00+00:00,1.0014,1.0050000000000000,0.99,1.00105,2911169.15957837,1.005,-0.0003495106850409657
2020-11-25 00:00:00+00:00,1.00105,1.0012000000000000,1.00024,1.00056,20463.88621604,1.0012,-0.0004894860396584821
2020-11-26 00:00:00+00:00,1.0,1.0003000000000000,0.999,0.99972,60734.27532843,1.0003,-0.0008395298632764003
2020-11-27 00:00:00+00:00,1.00179,1.0019900000000000,1.0015,1.00177,2762.71034132,1.00199,0.0020505741607650396
2020-11-28 00:00:00+00:00,1.00061,1.0012000000000000,1.0005,1.00109,11811.0621384,1.0012,-0.0006787985266079044
2020-11-29 00:00:00+00:00,1.00063,1.0012000000000000,1.00063,1.0012,2151.69406025,1.0012,0.00010988023054880891
2020-11-30 00:00:00+00:00,1.0008,1.0012900000000000,1.0008,1.00125,13129.84616718,1.00129,4.994007191361227e-05
2020-12-01 00:00:00+00:00,1.00051,1.0009900000000000,1.0003,1.0003,6558.31702062,1.00099,-0.00094881398252189
2020-12-02 00:00:00+00:00,1.00137,1.0016000000000000,1.00092,1.00146,45747.75502419,1.0016,0.0011596521043686359
2020-12-03 00:00:00+00:00,1.00071,1.0012800000000000,1.0007,1.001,39606.31116196,1.00128,-0.0004593293791066433
2020-12-04 00:00:00+00:00,1.00078,1.0013000000000000,1.00067,1.00128,5691.53937825,1.0013,0.0002797202797202303
2020-12-05 00:00:00+00:00,1.00041,1.0010000000000000,1.00041,1.00059,46688.94092658,1.001,-0.0006891179290506866
2020-12-06 00:00:00+00:00,1.00143,1.0015900000000000,1.00084,1.0009,7193.65370768,1.00159,0.00030981720784728495
2020-12-07 00:00:00+00:00,1.00036,1.0010000000000000,1.00035,1.00098,5334.64760021,1.001,7.992806474188541e-05
2020-12-08 00:00:00+00:00,1.00066,1.0006900000000000,1.00066,1.00067,1695.07051835,1.00069,-0.00030969649743251004
2020-12-09 00:00:00+00:00,0.99933,0.9998800000000000,0.9993,0.99988,3021.97151266,0.99988,-0.0007894710543935313
2020-12-10 00:00:00+00:00,1.0011,1.0012900000000000,1.00057,1.0006,9421.53558232,1.00129,0.0007200864103691362
2020-12-11 00:00:00+00:00,1.00025,1.0007600000000000,1.0002,1.0002,12490.88386305,1.00076,-0.00039976014391363
2020-12-12 00:00:00+00:00,1.00051,1.0012000000000000,1.0,1.00001,109650.5006892,1.0012,-0.00018996200759835435
2020-12-13 00:00:00+00:00,1.0007,1.0010800000000000,1.0007,1.0007,26811.14006972,1.00108,0.0006899931000687864
2020-12-14 00:00:00+00:00,0.99962,1.0002000000000000,0.99961,0.99971,3163.24432788,1.0002,-0.0009893074847605599
2020-12-15 00:00:00+00:00,0.99985,1.0007200000000000,0.99985,1.00072,4618.80041883,1.00072,0.0010102929849657993
2020-12-16 00:00:00+00:00,1.00089,1.0008900000000000,1.00031,1.00033,135.32655374,1.00089,-0.0003897194020306971
2020-12-17 00:00:00+00:00,1.00022,1.0074000000000000,0.997,1.00009,3470865.77645474,1.0074,-0.0002399208261274488
2020-12-18 00:00:00+00:00,1.0006,1.0012700000000000,1.00012,1.00058,37235.93000779,1.00127,0.0004899559039688306
2020-12-19 00:00:00+00:00,1.00053,1.0020000000000000,0.9975,1.00088,2058935.99346339,1.002,0.0002998261008615444
2020-12-20 00:00:00+00:00,1.0003,1.0008000000000000,1.00012,1.0008,10151.98966226,1.0008,-7.99296618976264e-05
2020-12-21 00:00:00+00:00,1.0004,1.0056300000000000,0.99899,1.00048,1037281.49928233,1.00563,-0.00031974420463620756
2020-12-22 00:00:00+00:00,1.0004,1.0070000000000000,0.99866,1.00003,2186643.6538745,1.007,-0.00044978410363027965
2020-12-23 00:00:00+00:00,1.00004,1.0020000000000000,0.999,1.00057,2609381.06648517,1.002,0.0005399838004860325
2020-12-24 00:00:00+00:00,1.00058,1.0020000000000000,0.9995,0.9997,1426884.05159143,1.002,-0.0008695043825018844
2020-12-25 00:00:00+00:00,0.99971,1.0015000000000000,0.99806,0.99919,2173971.83090881,1.0015,-0.0005101530459137305
2020-12-26 00:00:00+00:00,0.99918,1.0006000000000000,0.9909,0.99872,2431469.89395942,1.0006,-0.0004703810086169602
2020-12-27 00:00:00+00:00,0.99872,1.0006000000000000,0.98765,0.9988,3182635.1643787,1.0006,8.010253124002276e-05
2020-12-28 00:00:00+00:00,0.99878,1.0006300000000000,0.95,0.9983,2128606.59521009,1.00063,-0.0005006007208651075
2020-12-29 00:00:00+00:00,0.99826,1.0004000000000000,0.9968,0.99969,2361102.02520935,1.0004,0.0013923670239406327
2020-12-30 00:00:00+00:00,0.99914,1.0020000000000000,0.992,1.00049,2972299.00268035,1.002,0.0008002480769040421
2020-12-31 00:00:00+00:00,1.0004,1.0010000000000000,0.999,1.0,62439.93191902,1.001,-0.0004897600175914896
2021-01-01 00:00:00+00:00,1.0019,1.0030000000000000,0.99928,1.0023,1940751.40019413,1.003,0.0022999999999999687
2021-01-02 00:00:00+00:00,1.0018,1.0027900000000000,1.00148,1.00249,25471.88089377,1.00279,0.00018956400279379615
2021-01-03 00:00:00+00:00,0.975,0.9931600000000000,0.9725,0.97457,1573.70912179,0.99316,-0.027850651876826782
2021-01-04 00:00:00+00:00,0.999,1.0012000000000000,0.988,0.9988,62380.76957828,1.0012,0.02486224693967598
2021-01-05 00:00:00+00:00,0.9987,1.0018900000000000,0.997,1.00062,120689.94409806,1.00189,0.0018221866239487294
2021-01-06 00:00:00+00:00,0.9995,1.0027000000000000,0.9909,1.00009,247949.89043601,1.0027,-0.0005296716036059523
2021-01-07 00:00:00+00:00,0.9995,1.0025000000000000,0.99521,1.0015,116922.75098379,1.0025,0.0014098731114200458
2021-01-08 00:00:00+00:00,0.9984,1.0000100000000000,0.99,0.9981,124068.16785155,1.00001,-0.0033949076385422217
2021-01-09 00:00:00+00:00,1.00162,1.0030900000000000,0.998,1.00109,73500.19535959,1.00309,0.0029956918144475875
2021-01-10 00:00:00+00:00,1.00362,1.0037200000000000,1.0005,1.002,90446.70078113,1.00372,0.0009090091799937028
2021-01-11 00:00:00+00:00,0.9995,1.0009000000000000,0.99571,0.9986,157598.00198787,1.0009,-0.00339321357285427
2021-01-12 00:00:00+00:00,1.0005,1.0020000000000000,0.99963,1.0004,143501.34011661,1.002,0.0018025235329459655
2021-01-13 00:00:00+00:00,0.99931,1.0000100000000000,0.9993,0.9993,28077.00424239,1.00001,-0.0010995601759296036
2021-01-14 00:00:00+00:00,1.0002,1.0010000000000000,0.99923,1.00099,104998.25644168,1.001,0.001691183828680165
2021-01-15 00:00:00+00:00,0.99929,0.9994000000000000,0.99851,0.99917,113116.77755334,0.9994,-0.0018181999820178207
2021-01-16 00:00:00+00:00,0.9999,1.0003000000000000,0.999,1.0001,70687.8743024,1.0003,0.0009307725412091017
2021-01-17 00:00:00+00:00,0.99963,1.0008700000000000,0.9968,0.9987,194304.49846199,1.00087,-0.0013998600139986106
2021-01-18 00:00:00+00:00,0.99943,1.0003800000000000,0.9994,0.99961,20993.00483573,1.00038,0.0009111845399019103
2021-01-19 00:00:00+00:00,1.0,1.0007900000000000,0.99972,0.99982,73141.47165378,1.00079,0.00021008193195348746
2021-01-20 00:00:00+00:00,1.0003,1.0010000000000000,0.99959,1.0002,125051.34080226,1.001,0.00038006841231408295
2021-01-21 00:00:00+00:00,1.00078,1.0011900000000000,1.00026,1.0003,120612.23930926,1.00119,9.998000399913387e-05
2021-01-22 00:00:00+00:00,1.0003,1.0019800000000000,0.9988,0.9995,423014.92841032,1.00198,-0.0007997600719783504
2021-01-23 00:00:00+00:00,1.00125,1.0013000000000000,1.00025,1.00025,70675.56497986,1.0013,0.0007503751875939102
2021-01-24 00:00:00+00:00,1.00075,1.0015800000000000,1.00046,1.00061,61396.63637028,1.00158,0.00035991002249424753
2021-01-25 00:00:00+00:00,1.001,1.0020000000000000,1.0009,1.00199,133565.96926956,1.002,0.001379158713184836
2021-01-26 00:00:00+00:00,1.00002,1.0009800000000000,0.9998,1.00069,35641.34705333,1.00098,-0.001297418137905404
2021-01-27 00:00:00+00:00,1.00132,1.0017000000000000,1.0008,1.00115,50974.81216098,1.0017,0.0004596828188550006
2021-01-28 00:00:00+00:00,1.00162,1.0022000000000000,1.0016,1.0016,46227.15045203,1.0022,0.00044948309444148293
2021-01-29 00:00:00+00:00,1.0028,1.0046200000000000,1.001,1.0025,205728.66910478,1.00462,0.0008985623003194831
2021-01-30 00:00:00+00:00,1.00059,1.0013100000000000,0.9991,1.0006,185518.20727708,1.00131,-0.0018952618453865755
2021-01-31 00:00:00+00:00,1.00121,1.0049900000000000,1.00077,1.0012,307081.94190275,1.00499,0.000599640215870556
2021-02-01 00:00:00+00:00,1.00101,1.0034300000000000,0.99701,1.00098,6832556.83030241,1.00343,-0.0002197363164203603
2021-02-02 00:00:00+00:00,1.00098,1.0009800000000000,0.9982,0.99964,271848.37900773,1.00098,-0.0013386880856760541
2021-02-03 00:00:00+00:00,1.00104,1.0011000000000000,1.00017,1.00021,135504.50008531,1.0011,0.0005702052738987273
2021-02-04 00:00:00+00:00,1.00149,1.0018200000000000,1.00088,1.00154,253171.24639067,1.00182,0.0013297207586406845
2021-02-05 00:00:00+00:00,1.00139,1.0019700000000000,1.00061,1.00129,57533.51015547,1.00197,-0.0002496155919884391
2021-02-06 00:00:00+00:00,1.00103,1.0034000000000000,0.997,1.00158,6958534.29369929,1.0034,0.0002896263819671674
2021-02-07 00:00:00+00:00,1.00158,1.0025000000000000,0.999,1.00181,9438312.84511918,1.0025,0.00022963717326640598
2021-02-08 00:00:00+00:00,1.00182,1.0050000000000000,0.98,0.9981,12579849.45948219,1.005,-0.0037032970323714887
2021-02-09 00:00:00+00:00,0.9976,1.0025000000000000,0.9866,1.00138,10929610.6827193,1.0025,0.00328624386334031
2021-02-10 00:00:00+00:00,1.00138,1.0040000000000000,0.98009,1.00089,8984282.62283969,1.004,-0.0004893247318699112
2021-02-11 00:00:00+00:00,1.00069,1.0015000000000000,0.99,1.00069,8438168.04855603,1.0015,-0.00019982215827907268
2021-02-12 00:00:00+00:00,1.0002,1.0083000000000000,0.9997,1.00259,8029430.96547145,1.0083,0.0018986899039663552
2021-02-13 00:00:00+00:00,1.0026,1.0098900000000000,1.00009,1.00208,7345383.95377855,1.00989,-0.0005086825122931904
2021-02-14 00:00:00+00:00,1.00208,1.0033000000000000,0.99906,1.00133,6906670.50203988,1.0033,-0.0007484432380648887
2021-02-15 00:00:00+00:00,1.00113,1.0033000000000000,1.00011,1.00051,5974113.72523909,1.0033,-0.0008189108485714414
2021-02-16 00:00:00+00:00,1.00093,1.0029500000000000,0.999,1.00041,4678837.30225582,1.00295,-9.994902599674838e-05
2021-02-17 00:00:00+00:00,1.00042,1.0070000000000000,0.999,1.00083,6591945.8528482,1.007,0.00041982787057315285
2021-02-18 00:00:00+00:00,1.00066,1.0011000000000000,0.9975,1.00041,6370756.10335803,1.0011,-0.0004196516890981883
2021-02-19 00:00:00+00:00,1.00015,1.0011000000000000,0.999,1.00089,7672358.510787,1.0011,0.0004798032806550001
2021-02-20 00:00:00+00:00,1.00089,1.0146000000000000,0.999,1.001,10827118.29747038,1.0146,0.00010990218705342336
2021-02-21 00:00:00+00:00,1.00056,1.0013000000000000,0.99967,1.00127,6953544.86887801,1.0013,0.00026973026973053926
2021-02-22 00:00:00+00:00,1.00081,1.0120000000000000,0.995,1.00072,17097418.568099,1.012,-0.0005493023859698409
2021-02-23 00:00:00+00:00,1.00063,1.0015500000000000,0.998,1.00013,13707091.39048928,1.00155,-0.0005895755056359864
2021-02-24 00:00:00+00:00,1.00013,1.0065000000000000,0.99927,1.00129,7263387.83979004,1.0065,0.0011598492196014387
2021-02-25 00:00:00+00:00,1.00112,1.0120000000000000,0.99931,0.99977,6977277.76077464,1.012,-0.0015180417261732027
2021-02-26 00:00:00+00:00,0.99971,1.0020000000000000,0.999,1.00058,10315727.45363601,1.002,0.0008101863428588985
2021-02-27 00:00:00+00:00,1.00033,1.0050000000000000,0.99911,1.00155,6606179.22777406,1.005,0.0009694377261186826
2021-02-28 00:00:00+00:00,1.00155,1.0100000000000000,1.0,1.00172,6206730.5688726,1.01,0.00016973690779287232
2021-03-01 00:00:00+00:00,1.00172,1.0050000000000000,1.00022,1.00109,6624861.56564123,1.005,-0.0006289182605916377
2021-03-02 00:00:00+00:00,1.00109,1.0099000000000000,0.99975,1.00101,8716147.87445789,1.0099,-7.99128949445782e-05
2021-03-03 00:00:00+00:00,1.00101,1.0026000000000000,0.995,1.0007,6500403.82598475,1.0026,-0.0003096872159119579
2021-03-04 00:00:00+00:00,1.0007,1.0012000000000000,0.999,1.00021,5846315.90002466,1.0012,-0.0004896572399318844
2021-03-05 00:00:00+00:00,1.0002,1.0015000000000000,0.9995,1.00036,5069730.47867771,1.0015,0.00014996850661352923
2021-03-06 00:00:00+00:00,1.00036,1.0014000000000000,0.99976,1.00136,5261268.6099912,1.0014,0.0009996401295535584
2021-03-07 00:00:00+00:00,1.00116,1.0015000000000000,0.9994,1.00035,4342433.0723463,1.0015,-0.0010086282655588086
2021-03-08 00:00:00+00:00,1.00035,1.0050000000000000,0.99981,1.0004,6230791.14993671,1.005,4.998250612264776e-05
2021-03-09 00:00:00+00:00,1.0004,1.0021000000000000,0.9991,1.00058,9010471.14035847,1.0021,0.000179928028788634
2021-03-10 00:00:00+00:00,1.00053,1.0019600000000000,0.99976,1.0001,4644034.52381371,1.00196,-0.0004797217613784488
2021-03-11 00:00:00+00:00,1.0001,1.0030200000000000,0.9994,1.0002,5165236.02213429,1.00302,9.999000099991662e-05
2021-03-12 00:00:00+00:00,1.00019,1.0070000000000000,0.99951,0.99984,5669146.60351178,1.007,-0.000359928014397104
2021-03-13 00:00:00+00:00,1.00004,1.0018900000000000,0.99801,0.99996,4965716.54784972,1.00189,0.00012001920307258551
2021-03-14 00:00:00+00:00,1.0002,1.0060000000000000,0.9993,1.00012,4993263.35542377,1.006,0.00016000640025604085
2021-03-15 00:00:00+00:00,0.99992,1.0050000000000000,0.9988,1.0002,6220089.5549505,1.005,7.999040115191924e-05
2021-03-16 00:00:00+00:00,1.00005,1.0060000000000000,0.982,1.00034,6353688.39185483,1.006,0.00013997200559900946
2021-03-17 00:00:00+00:00,1.00034,1.0060000000000000,0.99992,1.00011,6188668.17350311,1.006,-0.00022992182657888272
2021-03-18 00:00:00+00:00,1.00011,1.0008500000000000,0.99698,0.99994,7893430.49943386,1.00085,-0.00016998130205680972
2021-03-19 00:00:00+00:00,0.99993,1.0008500000000000,0.99933,0.99998,4204111.83177214,1.00085,4.000240014390144e-05
2021-03-20 00:00:00+00:00,0.99998,1.0005000000000000,0.999,1.0002,4913057.3985791,1.0005,0.00022000440008795863
