time,TRX open,TRX high,TRX low,TRX close,TRX volume,TRX daily_return
2019-03-20 00:00:00+00:00,0.023,0.023,0.022,0.023,1256707.82504106,
2019-03-21 00:00:00+00:00,0.023,0.023,0.021,0.022,1008764.9057818,-0.0434782608695653
2019-03-22 00:00:00+00:00,0.023,0.023,0.022,0.023,502805.93423516,0.045454545454545414
2019-03-23 00:00:00+00:00,0.023,0.024,0.023,0.024,1862947.70395721,0.04347826086956519
2019-03-24 00:00:00+00:00,0.024,0.025,0.023,0.023,1639674.00609013,-0.04166666666666674
2019-03-25 00:00:00+00:00,0.023,0.024,0.022,0.023,4397953.63047756,0.0
2019-03-26 00:00:00+00:00,0.022,0.023,0.021,0.022,2411939.53890367,-0.0434782608695653
2019-03-27 00:00:00+00:00,0.022,0.024,0.022,0.023,2192488.27757084,0.045454545454545414
2019-03-28 00:00:00+00:00,0.023,0.024,0.022,0.023,1662836.71767182,0.0
2019-03-29 00:00:00+00:00,0.024,0.024,0.022,0.024,1694974.06803703,0.04347826086956519
2019-03-30 00:00:00+00:00,0.024,0.024,0.023,0.023,696976.65034854,-0.04166666666666674
2019-03-31 00:00:00+00:00,0.023,0.024,0.023,0.024,268916.23808552,0.04347826086956519
2019-04-01 00:00:00+00:00,0.024,0.025,0.023,0.025,1694431.1536157,0.04166666666666674
2019-04-02 00:00:00+00:00,0.025,0.028,0.025,0.027,13961479.26999139,0.07999999999999985
2019-04-03 00:00:00+00:00,0.028,0.03,0.024,0.026,10157843.94472647,-0.03703703703703709
2019-04-04 00:00:00+00:00,0.027,0.027,0.024,0.025,1462544.03647532,-0.038461538461538325
2019-04-05 00:00:00+00:00,0.026,0.028,0.026,0.028,2210430.26536085,0.11999999999999988
2019-04-06 00:00:00+00:00,0.028,0.028,0.026,0.027,2001320.1773659,-0.0357142857142857
2019-04-07 00:00:00+00:00,0.027,0.03,0.027,0.029,4054291.86222891,0.07407407407407418
2019-04-08 00:00:00+00:00,0.028,0.032,0.027,0.03,7355762.12467544,0.0344827586206895
2019-04-09 00:00:00+00:00,0.031,0.032,0.029,0.03,1943991.23950689,0.0
2019-04-10 00:00:00+00:00,0.03,0.031,0.028,0.031,2692056.48632398,0.03333333333333344
2019-04-11 00:00:00+00:00,0.03,0.031,0.025,0.027,5042515.43297437,-0.12903225806451613
2019-04-12 00:00:00+00:00,0.026,0.027,0.026,0.027,635206.543723,0.0
2019-04-13 00:00:00+00:00,0.027,0.027,0.025,0.027,634183.82803957,0.0
2019-04-14 00:00:00+00:00,0.026,0.028,0.025,0.027,574051.05913517,0.0
2019-04-15 00:00:00+00:00,0.028,0.028,0.025,0.027,1857817.37757195,0.0
2019-04-16 00:00:00+00:00,0.027,0.027,0.025,0.027,3207987.76997507,0.0
2019-04-17 00:00:00+00:00,0.027,0.027,0.026,0.027,1156054.99010003,0.0
2019-04-18 00:00:00+00:00,0.027,0.027,0.026,0.027,621039.79108568,0.0
2019-04-19 00:00:00+00:00,0.027,0.027,0.026,0.027,330936.41390755,0.0
2019-04-20 00:00:00+00:00,0.026,0.027,0.026,0.026,538892.19403751,-0.03703703703703709
2019-04-21 00:00:00+00:00,0.026,0.026,0.024,0.025,1869118.82113948,-0.038461538461538325
2019-04-22 00:00:00+00:00,0.025,0.026,0.025,0.025,426019.41713566,0.0
2019-04-23 00:00:00+00:00,0.025,0.026,0.024,0.025,413258.94164382,0.0
2019-04-24 00:00:00+00:00,0.024,0.025,0.023,0.024,6596071.62142955,-0.040000000000000036
2019-04-25 00:00:00+00:00,0.023,0.026,0.022,0.022,5015047.4889615,-0.08333333333333337
2019-04-26 00:00:00+00:00,0.022,0.024,0.022,0.023,4111818.61318499,0.045454545454545414
2019-04-27 00:00:00+00:00,0.024,0.024,0.022,0.023,911475.76171871,0.0
2019-04-28 00:00:00+00:00,0.023,0.024,0.022,0.022,49679.87818205,-0.0434782608695653
2019-04-29 00:00:00+00:00,0.022,0.023,0.021,0.022,232763.96910693,0.0
2019-04-30 00:00:00+00:00,0.021,0.024,0.021,0.024,2027195.97656755,0.09090909090909105
2019-05-01 00:00:00+00:00,0.024,0.024,0.022,0.023,3844076.02967883,-0.04166666666666674
2019-05-02 00:00:00+00:00,0.023,0.024,0.022,0.022,183284.18632514,-0.0434782608695653
2019-05-03 00:00:00+00:00,0.022,0.024,0.022,0.023,5360119.32682994,0.045454545454545414
2019-05-04 00:00:00+00:00,0.0235,0.024,0.02201,0.023,6203852.78947219,0.0
2019-05-05 00:00:00+00:00,0.023,0.02388,0.02261,0.023,5444720.04522082,0.0
2019-05-06 00:00:00+00:00,0.023,0.02395,0.022,0.02364,8967835.75953313,0.02782608695652189
2019-05-07 00:00:00+00:00,0.02375,0.0242,0.0233,0.02339,4623667.14463476,-0.010575296108290999
2019-05-08 00:00:00+00:00,0.02319,0.02499,0.02302,0.02407,6532019.18086522,0.029072253099615253
2019-05-09 00:00:00+00:00,0.02423,0.0243,0.02274,0.02328,2625208.37504662,-0.03282093892812643
2019-05-10 00:00:00+00:00,0.023,0.024,0.02236,0.02343,4393982.02340205,0.006443298969072142
2019-05-11 00:00:00+00:00,0.02378,0.02678,0.02326,0.02519,9149718.61346792,0.07511737089201875
2019-05-12 00:00:00+00:00,0.02545,0.02587,0.02303,0.0238,9357789.42477828,-0.05518062723302897
2019-05-13 00:00:00+00:00,0.02378,0.02587,0.02378,0.02466,9988309.21605774,0.0361344537815127
2019-05-14 00:00:00+00:00,0.02451,0.02783,0.02451,0.02746,11580564.88621895,0.11354420113544195
2019-05-15 00:00:00+00:00,0.0275,0.03153,0.02732,0.03129,15281827.59225579,0.13947560087399857
2019-05-16 00:00:00+00:00,0.03112,0.03316,0.02702,0.02844,17220088.12037033,-0.09108341323106417
2019-05-17 00:00:00+00:00,0.02865,0.029,0.02375,0.02718,21005031.58987174,-0.044303797468354444
2019-05-18 00:00:00+00:00,0.027,0.02788,0.02623,0.02662,5135939.28132949,-0.020603384841795358
2019-05-19 00:00:00+00:00,0.02661,0.02886,0.02661,0.0284,7635877.61443278,0.06686701728024036
2019-05-20 00:00:00+00:00,0.02829,0.0285,0.02649,0.02794,11579954.41032425,-0.01619718309859164
2019-05-21 00:00:00+00:00,0.02807,0.0298,0.02751,0.0285,7349842.24028227,0.02004294917680749
2019-05-22 00:00:00+00:00,0.02832,0.029,0.02608,0.02649,4501519.46832114,-0.07052631578947377
2019-05-23 00:00:00+00:00,0.02649,0.02734,0.02573,0.02726,4127006.99000468,0.029067572668931563
2019-05-24 00:00:00+00:00,0.02707,0.02833,0.027,0.02754,4385153.51791487,0.010271460014673384
2019-05-25 00:00:00+00:00,0.028,0.02893,0.0275,0.02752,5946085.12487326,-0.000726216412490932
2019-05-26 00:00:00+00:00,0.02736,0.032,0.02704,0.03126,17599369.26734019,0.13590116279069786
2019-05-27 00:00:00+00:00,0.03149,0.03686,0.03096,0.03524,20801910.0225668,0.12731925783749198
2019-05-28 00:00:00+00:00,0.03481,0.037,0.03279,0.03479,14639278.94591012,-0.012769580022701454
2019-05-29 00:00:00+00:00,0.03476,0.03499,0.032,0.03382,5398628.09746431,-0.02788157516527734
2019-05-30 00:00:00+00:00,0.03374,0.03596,0.02957,0.03125,15874029.89833809,-0.07599053814311063
2019-05-31 00:00:00+00:00,0.03122,0.033,0.03019,0.033,10885187.38158097,0.05600000000000005
2019-06-01 00:00:00+00:00,0.033,0.0391,0.03252,0.03775,17497357.61988103,0.1439393939393938
2019-06-02 00:00:00+00:00,0.03743,0.041,0.037,0.0383,15555561.57459217,0.014569536423841178
2019-06-03 00:00:00+00:00,0.0383,0.03977,0.03311,0.034,19230933.2342812,-0.1122715404699739
2019-06-04 00:00:00+00:00,0.0335,0.036,0.03115,0.03552,13282526.47990727,0.04470588235294115
2019-06-05 00:00:00+00:00,0.035,0.0359,0.0326,0.03395,6101685.82982982,-0.04420045045045051
2019-06-06 00:00:00+00:00,0.034,0.0342,0.0308,0.03255,3479021.13784016,-0.04123711340206182
2019-06-07 00:00:00+00:00,0.03299,0.03446,0.03244,0.03376,5280062.87339437,0.037173579109062826
2019-06-08 00:00:00+00:00,0.03355,0.03394,0.03177,0.0321,3219105.43034416,-0.04917061611374418
2019-06-09 00:00:00+00:00,0.03214,0.03242,0.02904,0.0298,5073470.54466174,-0.07165109034267902
2019-06-10 00:00:00+00:00,0.02982,0.03197,0.02914,0.03171,4134255.53290847,0.06409395973154375
2019-06-11 00:00:00+00:00,0.03162,0.03162,0.03004,0.0312,3988158.19920944,-0.01608325449385062
2019-06-12 00:00:00+00:00,0.0311,0.03379,0.03105,0.03379,6831943.68706128,0.08301282051282066
2019-06-13 00:00:00+00:00,0.03341,0.03398,0.03217,0.03277,5686262.44996021,-0.030186445693992314
2019-06-14 00:00:00+00:00,0.03279,0.033,0.03076,0.03203,8463982.66585976,-0.02258162953921261
2019-06-15 00:00:00+00:00,0.03218,0.03292,0.032,0.03269,5420236.07053537,0.020605682172962547
2019-06-16 00:00:00+00:00,0.03282,0.0337,0.0325,0.03293,3528301.95372235,0.0073416947078619454
2019-06-17 00:00:00+00:00,0.033,0.03403,0.03286,0.03395,5008322.36128913,0.030974795019738766
2019-06-18 00:00:00+00:00,0.03396,0.034,0.03217,0.033,6145717.99185646,-0.027982326951399128
2019-06-19 00:00:00+00:00,0.033,0.03378,0.03288,0.0334,4219313.5624438,0.012121212121211977
2019-06-20 00:00:00+00:00,0.03347,0.0335,0.03229,0.03283,4257774.17929119,-0.017065868263473116
2019-06-21 00:00:00+00:00,0.03279,0.03398,0.03279,0.0333,7573973.92583189,0.014316174230886602
2019-06-22 00:00:00+00:00,0.0333,0.0377,0.0333,0.037,14671108.04607189,0.11111111111111094
2019-06-23 00:00:00+00:00,0.03701,0.03896,0.036,0.03701,6966630.28114315,0.00027027027027037853
2019-06-24 00:00:00+00:00,0.03701,0.0391,0.03606,0.03834,6602140.33293139,0.03593623345041874
2019-06-25 00:00:00+00:00,0.0389,0.04028,0.03727,0.03803,9370322.01948837,-0.008085550339071435
2019-06-26 00:00:00+00:00,0.0381,0.0395,0.0331,0.03592,19206516.91181061,-0.05548251380489089
2019-06-27 00:00:00+00:00,0.036,0.0369,0.02924,0.032,11267742.36814114,-0.10913140311804004
2019-06-28 00:00:00+00:00,0.03175,0.03387,0.0316,0.03372,8108570.0790823,0.053749999999999964
2019-06-29 00:00:00+00:00,0.03352,0.03542,0.032,0.035,5932669.08336081,0.03795966785290639
2019-06-30 00:00:00+00:00,0.035,0.03522,0.03175,0.03179,6243843.43778104,-0.09171428571428586
2019-07-01 00:00:00+00:00,0.03162,0.03333,0.03063,0.03223,4051739.93085743,0.01384083044982698
2019-07-02 00:00:00+00:00,0.03274,0.03293,0.03013,0.03195,7209191.05015143,-0.008687558175612842
2019-07-03 00:00:00+00:00,0.032,0.03295,0.03163,0.03255,6232820.79069909,0.018779342723004744
2019-07-04 00:00:00+00:00,0.03276,0.03283,0.031,0.03107,2518268.37680624,-0.04546850998463903
2019-07-05 00:00:00+00:00,0.03136,0.03231,0.03088,0.03187,3208794.22959489,0.025748310267138752
2019-07-06 00:00:00+00:00,0.03195,0.03301,0.03193,0.032,4290197.72069843,0.004079071226859021
2019-07-07 00:00:00+00:00,0.03199,0.03574,0.03199,0.035,6506257.98605525,0.09375
2019-07-08 00:00:00+00:00,0.035,0.0359,0.03352,0.034,6654182.15110603,-0.02857142857142858
2019-07-09 00:00:00+00:00,0.034,0.035,0.03364,0.03445,8085782.4842224,0.013235294117647012
2019-07-10 00:00:00+00:00,0.03413,0.03467,0.03113,0.032,5115834.8126751,-0.0711175616835994
2019-07-11 00:00:00+00:00,0.032,0.032,0.02703,0.028,5533229.07048726,-0.125
2019-07-12 00:00:00+00:00,0.02811,0.02978,0.02773,0.02969,2345802.10770617,0.060357142857142776
2019-07-13 00:00:00+00:00,0.02952,0.02975,0.0276,0.02834,3903057.52262411,-0.045469855170090945
2019-07-14 00:00:00+00:00,0.02824,0.02919,0.02496,0.02496,14340910.29283746,-0.11926605504587162
2019-07-15 00:00:00+00:00,0.02508,0.02599,0.02376,0.02521,8767413.27631732,0.01001602564102555
2019-07-16 00:00:00+00:00,0.02516,0.02568,0.02083,0.02093,14831388.55896281,-0.1697738992463308
2019-07-17 00:00:00+00:00,0.021,0.02399,0.02042,0.02282,13893260.41684335,0.09030100334448155
2019-07-18 00:00:00+00:00,0.02265,0.026,0.02243,0.02587,7560136.44756146,0.13365468886941279
2019-07-19 00:00:00+00:00,0.02558,0.02814,0.02491,0.02814,14898744.44755673,0.08774642442984137
2019-07-20 00:00:00+00:00,0.0282,0.03067,0.0277,0.02901,3646670.94283416,0.03091684434968034
2019-07-21 00:00:00+00:00,0.029,0.0297,0.0272,0.0292,2823216.41234414,0.006549465701482182
2019-07-22 00:00:00+00:00,0.0294,0.03006,0.02614,0.0264,1084278.48356504,-0.09589041095890416
2019-07-23 00:00:00+00:00,0.0263,0.02672,0.022,0.02444,11777461.07873762,-0.07424242424242422
2019-07-24 00:00:00+00:00,0.0241,0.0246,0.02268,0.02391,2329808.97722153,-0.021685761047463115
2019-07-25 00:00:00+00:00,0.0241,0.02449,0.0228,0.02306,3972268.42056672,-0.03554997908824764
2019-07-26 00:00:00+00:00,0.02295,0.0234,0.02204,0.0231,2714764.1387164,0.0017346053772766545
2019-07-27 00:00:00+00:00,0.0231,0.0237,0.02169,0.0219,2157856.69113314,-0.051948051948051965
2019-07-28 00:00:00+00:00,0.02197,0.02266,0.02109,0.02225,1539754.86593685,0.015981735159817267
2019-07-29 00:00:00+00:00,0.02256,0.02257,0.02173,0.022,2495087.76757015,-0.011235955056179803
2019-07-30 00:00:00+00:00,0.02197,0.02231,0.0216,0.02215,2041401.03775499,0.006818181818181834
2019-07-31 00:00:00+00:00,0.02227,0.02279,0.022,0.0223,18077990.69778862,0.006772009029345494
2019-08-01 00:00:00+00:00,0.02239,0.02262,0.02173,0.02203,3876114.78074034,-0.012107623318385663
2019-08-02 00:00:00+00:00,0.022,0.0224,0.02131,0.0218,7445933.55629992,-0.010440308669995457
2019-08-03 00:00:00+00:00,0.0218,0.02198,0.02162,0.02195,1848064.94718475,0.006880733944954143
2019-08-04 00:00:00+00:00,0.02193,0.02289,0.02142,0.02245,4121795.56311226,0.02277904328018221
2019-08-05 00:00:00+00:00,0.02249,0.02342,0.02203,0.02297,7186424.29900189,0.023162583518930857
2019-08-06 00:00:00+00:00,0.02292,0.02298,0.02147,0.02177,7862659.10562856,-0.05224205485415756
2019-08-07 00:00:00+00:00,0.02172,0.02201,0.02139,0.02178,2665354.17827759,0.00045934772622868714
2019-08-08 00:00:00+00:00,0.02152,0.02229,0.02152,0.022,3117407.91400919,0.010101010101009944
2019-08-09 00:00:00+00:00,0.022,0.02201,0.01951,0.01981,6015129.19674881,-0.09954545454545449
2019-08-10 00:00:00+00:00,0.02,0.02063,0.01913,0.02048,3349187.9382411,0.03382130237253911
2019-08-11 00:00:00+00:00,0.02049,0.02104,0.01997,0.02073,3948009.51839869,0.012207031249999778
2019-08-12 00:00:00+00:00,0.02067,0.02106,0.02031,0.02076,4820651.24736097,0.0014471780028944004
2019-08-13 00:00:00+00:00,0.02089,0.02089,0.01999,0.0204,1159043.7687538,-0.01734104046242768
2019-08-14 00:00:00+00:00,0.02039,0.02039,0.0176,0.01768,4673599.35752618,-0.1333333333333333
2019-08-15 00:00:00+00:00,0.01773,0.01803,0.0158,0.01751,8264962.36729021,-0.009615384615384581
2019-08-16 00:00:00+00:00,0.0175,0.01776,0.01651,0.01699,4824036.20215085,-0.029697315819531722
2019-08-17 00:00:00+00:00,0.01695,0.01727,0.0167,0.01683,2364321.37012367,-0.009417304296645113
2019-08-18 00:00:00+00:00,0.017,0.01826,0.01673,0.0178,3640191.2188596,0.05763517528223394
2019-08-19 00:00:00+00:00,0.01771,0.0182,0.01762,0.018,2937403.06741081,0.011235955056179803
2019-08-20 00:00:00+00:00,0.01795,0.01795,0.01731,0.01764,1728996.09943254,-0.019999999999999907
2019-08-21 00:00:00+00:00,0.01753,0.01755,0.01633,0.01678,3646564.68256477,-0.0487528344671202
2019-08-22 00:00:00+00:00,0.017,0.01799,0.01664,0.0174,4134172.72326104,0.03694874851013097
2019-08-23 00:00:00+00:00,0.01733,0.01829,0.01731,0.01801,3239099.21442897,0.03505747126436809
2019-08-24 00:00:00+00:00,0.018,0.018,0.01738,0.01777,1295505.01914895,-0.013325930038867284
2019-08-25 00:00:00+00:00,0.01773,0.01823,0.01738,0.01756,2934710.61287612,-0.011817670230725996
2019-08-26 00:00:00+00:00,0.0175,0.01801,0.0175,0.01772,1665010.07519758,0.009111617312072884
2019-08-27 00:00:00+00:00,0.01772,0.01775,0.01733,0.01752,3920266.1298492,-0.011286681715575564
2019-08-28 00:00:00+00:00,0.01765,0.01767,0.0152,0.016,8180514.67508788,-0.08675799086757996
2019-08-29 00:00:00+00:00,0.01594,0.01594,0.01501,0.01547,2699740.68270436,-0.03312500000000007
2019-08-30 00:00:00+00:00,0.01533,0.01581,0.01525,0.01562,1571120.97311724,0.009696186166774368
2019-08-31 00:00:00+00:00,0.0155,0.01577,0.01509,0.0155,1028513.55813534,-0.007682458386683799
2019-09-01 00:00:00+00:00,0.01556,0.01572,0.01536,0.01556,866041.70629158,0.003870967741935516
2019-09-02 00:00:00+00:00,0.01557,0.01612,0.01528,0.01598,939782.85461194,0.026992287917738
2019-09-03 00:00:00+00:00,0.016,0.01605,0.01577,0.016,1073690.54951888,0.0012515644555695093
2019-09-04 00:00:00+00:00,0.01586,0.01586,0.01552,0.01567,6074842.90490317,-0.020625000000000004
2019-09-05 00:00:00+00:00,0.01549,0.01556,0.01438,0.01487,2306326.88151864,-0.05105296745373322
2019-09-06 00:00:00+00:00,0.01499,0.01506,0.014,0.01415,7067782.3598461,-0.04841963685272366
2019-09-07 00:00:00+00:00,0.01426,0.01578,0.01426,0.01544,3292260.43665884,0.09116607773851593
2019-09-08 00:00:00+00:00,0.01546,0.01611,0.01507,0.01576,4947464.75518357,0.02072538860103612
2019-09-09 00:00:00+00:00,0.01583,0.01614,0.01506,0.0158,9015581.87475546,0.002538071065989911
2019-09-10 00:00:00+00:00,0.0157,0.01616,0.01535,0.01557,1677915.85305437,-0.014556962025316533
2019-09-11 00:00:00+00:00,0.01569,0.01569,0.01479,0.01489,2273063.29947493,-0.0436737315350032
2019-09-12 00:00:00+00:00,0.0148,0.01499,0.01452,0.0149,2057185.4886406,0.000671591672263272
2019-09-13 00:00:00+00:00,0.01483,0.0155,0.01478,0.0155,4569841.07544434,0.04026845637583887
2019-09-14 00:00:00+00:00,0.01556,0.01593,0.01526,0.0158,804184.27166587,0.01935483870967758
2019-09-15 00:00:00+00:00,0.01584,0.01597,0.01545,0.01548,764111.20186761,-0.020253164556962022
2019-09-16 00:00:00+00:00,0.01562,0.01591,0.0152,0.01568,2333171.94429352,0.012919896640826822
2019-09-17 00:00:00+00:00,0.01572,0.01745,0.01565,0.01677,5300881.09806542,0.06951530612244894
2019-09-18 00:00:00+00:00,0.01692,0.01866,0.01692,0.018,4707721.10433958,0.07334525939177095
2019-09-19 00:00:00+00:00,0.018,0.01801,0.01643,0.01765,2724736.35853766,-0.019444444444444375
2019-09-20 00:00:00+00:00,0.01737,0.01752,0.017,0.01715,1331252.67003899,-0.028328611898017053
2019-09-21 00:00:00+00:00,0.01733,0.01868,0.01717,0.01814,3086589.72118335,0.057725947521865884
2019-09-22 00:00:00+00:00,0.01797,0.018,0.01648,0.01696,2188887.56717058,-0.06504961411245869
2019-09-23 00:00:00+00:00,0.01697,0.01703,0.01572,0.01597,3472588.88556311,-0.05837264150943389
2019-09-24 00:00:00+00:00,0.01592,0.01617,0.01164,0.01263,10589279.36652699,-0.20914214151534127
2019-09-25 00:00:00+00:00,0.01279,0.01351,0.01229,0.01323,7324536.4001325,0.04750593824228022
2019-09-26 00:00:00+00:00,0.01309,0.01355,0.01207,0.01285,11521058.51835538,-0.028722600151171562
2019-09-27 00:00:00+00:00,0.01288,0.01384,0.01261,0.01361,4741655.6640113,0.05914396887159534
2019-09-28 00:00:00+00:00,0.01365,0.0138,0.01329,0.01357,4054691.26632573,-0.0029390154298309934
2019-09-29 00:00:00+00:00,0.01359,0.0137,0.0129,0.01356,4878480.42338337,-0.0007369196757553986
2019-09-30 00:00:00+00:00,0.01327,0.01511,0.01289,0.01443,4831176.86501803,0.06415929203539839
2019-10-01 00:00:00+00:00,0.01453,0.01497,0.01387,0.01398,6877239.18026855,-0.031185031185031242
2019-10-02 00:00:00+00:00,0.01392,0.01443,0.01374,0.01443,4126416.79566871,0.032188841201716833
2019-10-03 00:00:00+00:00,0.01443,0.01455,0.01398,0.01434,5443149.93112065,-0.006237006237006182
2019-10-04 00:00:00+00:00,0.01433,0.01499,0.01404,0.01462,3083925.8459933,0.019525801952580135
2019-10-05 00:00:00+00:00,0.01457,0.01506,0.01441,0.01504,3163152.58983386,0.028727770177838563
2019-10-06 00:00:00+00:00,0.01505,0.01534,0.01432,0.01452,2650098.54436767,-0.034574468085106336
2019-10-07 00:00:00+00:00,0.01439,0.01645,0.01428,0.01615,3191959.23087303,0.11225895316804424
2019-10-08 00:00:00+00:00,0.01616,0.01708,0.016,0.01694,4006525.72338148,0.04891640866873059
2019-10-09 00:00:00+00:00,0.01696,0.01747,0.01653,0.01692,3293578.59056438,-0.0011806375442738881
2019-10-10 00:00:00+00:00,0.01699,0.01703,0.016,0.01627,3151484.88280568,-0.038416075650118287
2019-10-11 00:00:00+00:00,0.01613,0.0167,0.01561,0.01574,6280155.52968173,-0.032575291948371166
2019-10-12 00:00:00+00:00,0.01592,0.0161,0.01565,0.01572,2122672.08732754,-0.0012706480304954804
2019-10-13 00:00:00+00:00,0.01565,0.01631,0.01565,0.01601,2567867.67701848,0.0184478371501271
2019-10-14 00:00:00+00:00,0.01605,0.01678,0.01601,0.01675,2181485.51343392,0.046221111805121895
2019-10-15 00:00:00+00:00,0.01674,0.01686,0.01546,0.01568,4625868.85920589,-0.06388059701492543
2019-10-16 00:00:00+00:00,0.01569,0.01588,0.0147,0.01505,2735399.42818925,-0.0401785714285714
2019-10-17 00:00:00+00:00,0.01511,0.01562,0.01453,0.01539,3257948.70271062,0.022591362126245906
2019-10-18 00:00:00+00:00,0.01538,0.01554,0.01464,0.01529,5881158.35771438,-0.00649772579597141
2019-10-19 00:00:00+00:00,0.01521,0.01576,0.01521,0.01543,695588.32855096,0.00915631131458472
2019-10-20 00:00:00+00:00,0.01543,0.01556,0.01513,0.01553,1029278.4364452,0.006480881399870464
2019-10-21 00:00:00+00:00,0.01552,0.01575,0.01519,0.01555,2371385.36376146,0.0012878300064391723
2019-10-22 00:00:00+00:00,0.01553,0.01561,0.0151,0.0151,952508.25189026,-0.02893890675241151
2019-10-23 00:00:00+00:00,0.01514,0.01514,0.01363,0.01415,4297290.30324562,-0.06291390728476831
2019-10-24 00:00:00+00:00,0.01441,0.01531,0.01427,0.0152,1434327.82294629,0.07420494699646651
2019-10-25 00:00:00+00:00,0.01532,0.0178,0.01505,0.01772,4287256.73036436,0.1657894736842105
2019-10-26 00:00:00+00:00,0.01777,0.01835,0.01595,0.01658,6887477.49676067,-0.06433408577878097
2019-10-27 00:00:00+00:00,0.01684,0.01992,0.01624,0.01912,6264309.43170923,0.15319662243667076
2019-10-28 00:00:00+00:00,0.01919,0.022,0.01919,0.02005,16668118.85856183,0.04864016736401666
2019-10-29 00:00:00+00:00,0.02001,0.02249,0.02,0.0221,9764013.82503012,0.1022443890274316
2019-10-30 00:00:00+00:00,0.02188,0.0229,0.01984,0.01997,5718545.68155828,-0.09638009049773755
2019-10-31 00:00:00+00:00,0.02016,0.02047,0.0192,0.01986,2368862.0523272,-0.0055082623935904795
2019-11-01 00:00:00+00:00,0.02007,0.02007,0.01932,0.01969,1752731.00288983,-0.008559919436052388
2019-11-02 00:00:00+00:00,0.0198,0.02022,0.01969,0.01996,574693.29015875,0.013712544438801322
2019-11-03 00:00:00+00:00,0.01996,0.0201,0.01935,0.01968,537869.93206311,-0.014028056112224352
2019-11-04 00:00:00+00:00,0.01964,0.02024,0.01857,0.01987,2169442.69792292,0.009654471544715326
2019-11-05 00:00:00+00:00,0.01985,0.02047,0.01933,0.01984,1105926.13864042,-0.0015098137896325525
2019-11-06 00:00:00+00:00,0.0198,0.02064,0.01964,0.02016,927139.36101515,0.016129032258064502
2019-11-07 00:00:00+00:00,0.02012,0.02012,0.01887,0.01954,524048.61492482,-0.030753968253968367
2019-11-08 00:00:00+00:00,0.01947,0.01971,0.01841,0.01871,1982200.70267995,-0.04247697031729769
2019-11-09 00:00:00+00:00,0.0187,0.01911,0.01868,0.01886,487968.62841612,0.008017103153393768
2019-11-10 00:00:00+00:00,0.01898,0.01986,0.01898,0.01939,650299.93338392,0.028101802757158234
2019-11-11 00:00:00+00:00,0.01932,0.01932,0.01868,0.019,1061178.07101029,-0.020113460546673623
2019-11-12 00:00:00+00:00,0.01911,0.01971,0.01906,0.01957,1059490.2594628,0.030000000000000027
2019-11-13 00:00:00+00:00,0.01962,0.02047,0.01928,0.01994,2275404.62395393,0.0189064895247828
2019-11-14 00:00:00+00:00,0.02014,0.02021,0.019,0.01928,1064624.22057473,-0.033099297893681046
2019-11-15 00:00:00+00:00,0.01936,0.01955,0.01826,0.01858,2234782.33824034,-0.036307053941908696
2019-11-16 00:00:00+00:00,0.0186,0.01873,0.01849,0.01865,554796.43465073,0.003767491926803146
2019-11-17 00:00:00+00:00,0.01869,0.01894,0.01828,0.01875,1022399.98283665,0.00536193029490617
2019-11-18 00:00:00+00:00,0.01868,0.01871,0.01668,0.01715,1836830.66285737,-0.08533333333333337
2019-11-19 00:00:00+00:00,0.01719,0.01719,0.01616,0.01691,3936464.89986236,-0.013994169096209763
2019-11-20 00:00:00+00:00,0.01692,0.0171,0.01642,0.01646,1791603.77915195,-0.02661147250147855
2019-11-21 00:00:00+00:00,0.01649,0.01663,0.01429,0.01528,3616219.16741376,-0.07168894289185901
2019-11-22 00:00:00+00:00,0.01535,0.01555,0.01338,0.01442,5643343.65073134,-0.05628272251308897
2019-11-23 00:00:00+00:00,0.01439,0.01503,0.01401,0.015,2906680.76442659,0.04022191400832176
2019-11-24 00:00:00+00:00,0.01506,0.01518,0.01379,0.01385,648483.02976745,-0.07666666666666666
2019-11-25 00:00:00+00:00,0.01357,0.0148,0.013,0.01425,2610594.44519018,0.028880866425992746
2019-11-26 00:00:00+00:00,0.01419,0.01546,0.01419,0.01537,1377761.45944906,0.07859649122807011
2019-11-27 00:00:00+00:00,0.0153,0.01643,0.01445,0.01615,1488789.8623283,0.050748210800260374
2019-11-28 00:00:00+00:00,0.01607,0.0163,0.0157,0.01575,779801.86580221,-0.024767801857585203
2019-11-29 00:00:00+00:00,0.01601,0.01632,0.0158,0.01614,395177.07675352,0.024761904761904763
2019-11-30 00:00:00+00:00,0.01613,0.01623,0.01534,0.01548,823402.91547454,-0.040892193308550207
2019-12-01 00:00:00+00:00,0.0154,0.01606,0.01512,0.01597,2169922.7331988,0.03165374677002597
2019-12-02 00:00:00+00:00,0.01599,0.01606,0.01512,0.01523,667793.71018999,-0.04633688165309957
2019-12-03 00:00:00+00:00,0.01526,0.01552,0.0152,0.01527,1090241.34385235,0.0026263952724885353
2019-12-04 00:00:00+00:00,0.0152,0.01532,0.01405,0.01428,1396134.84578546,-0.06483300589390972
2019-12-05 00:00:00+00:00,0.01426,0.01465,0.01426,0.0146,784054.83320652,0.022408963585434316
2019-12-06 00:00:00+00:00,0.01455,0.01473,0.01436,0.01465,713585.09608656,0.003424657534246478
2019-12-07 00:00:00+00:00,0.01478,0.01478,0.01456,0.01456,252591.47314917,-0.006143344709897636
2019-12-08 00:00:00+00:00,0.01459,0.01459,0.01449,0.01449,26854.00959561,-0.004807692307692402
2019-12-09 00:00:00+00:00,0.01435,0.01436,0.01431,0.01435,92727.77623921,-0.009661835748792202
2019-12-10 00:00:00+00:00,0.01433,0.01434,0.01399,0.01408,874813.86208816,-0.018815331010452963
2019-12-11 00:00:00+00:00,0.01411,0.01438,0.01405,0.01408,169446.6474184,0.0
2019-12-12 00:00:00+00:00,0.01416,0.01418,0.0133,0.0138,3266769.43681473,-0.019886363636363646
2019-12-13 00:00:00+00:00,0.0138,0.01422,0.01363,0.01406,9796509.11768533,0.018840579710144967
2019-12-14 00:00:00+00:00,0.01428,0.01473,0.0139,0.0139,379551.58292492,-0.011379800853485111
2019-12-15 00:00:00+00:00,0.0138,0.01417,0.01378,0.01396,341555.23101206,0.004316546762590079
2019-12-16 00:00:00+00:00,0.01385,0.01394,0.01312,0.01336,796600.17962486,-0.04297994269340977
2019-12-17 00:00:00+00:00,0.01336,0.01336,0.0123,0.01238,462142.12194667,-0.07335329341317365
2019-12-18 00:00:00+00:00,0.01252,0.01366,0.01213,0.01339,742636.32034811,0.08158319870759301
2019-12-19 00:00:00+00:00,0.01315,0.01318,0.01269,0.01304,662105.10532287,-0.026138909634055407
2019-12-20 00:00:00+00:00,0.01289,0.01354,0.01289,0.01347,329780.30288045,0.032975460122699474
2019-12-21 00:00:00+00:00,0.01329,0.01352,0.01328,0.01352,158634.11025757,0.0037119524870081744
2019-12-22 00:00:00+00:00,0.01361,0.01497,0.01358,0.0149,1840682.93391732,0.10207100591715967
2019-12-23 00:00:00+00:00,0.0149,0.01524,0.01371,0.01378,1480822.82468437,-0.07516778523489931
2019-12-24 00:00:00+00:00,0.01379,0.01385,0.01323,0.01346,3834009.23260111,-0.02322206095791013
2019-12-25 00:00:00+00:00,0.01336,0.01349,0.013,0.0132,780622.80143528,-0.019316493313521477
2019-12-26 00:00:00+00:00,0.01315,0.01383,0.01314,0.01376,1671004.12531157,0.042424242424242475
2019-12-27 00:00:00+00:00,0.01326,0.01335,0.0131,0.01325,549790.4200009,-0.0370639534883721
2019-12-28 00:00:00+00:00,0.0134,0.01369,0.01327,0.01354,949368.76507957,0.021886792452830317
2019-12-29 00:00:00+00:00,0.01346,0.0138,0.01336,0.01376,2589158.13305423,0.01624815361890697
2019-12-30 00:00:00+00:00,0.01364,0.01367,0.01319,0.01327,1744534.68678785,-0.035610465116278966
2019-12-31 00:00:00+00:00,0.01323,0.01343,0.01306,0.01326,1046475.35560097,-0.0007535795026376579
2020-01-01 00:00:00+00:00,0.01321,0.01332,0.01319,0.01329,348992.43793502,0.002262443438914019
2020-01-02 00:00:00+00:00,0.0131,0.01315,0.01274,0.01275,505277.51902222,-0.040632054176072296
2020-01-03 00:00:00+00:00,0.01283,0.01351,0.01279,0.01334,1724636.09383823,0.04627450980392167
2020-01-04 00:00:00+00:00,0.01337,0.01345,0.01322,0.0134,589554.54146846,0.004497751124437954
2020-01-05 00:00:00+00:00,0.01345,0.01382,0.01343,0.01367,648527.83778034,0.020149253731343242
2020-01-06 00:00:00+00:00,0.01354,0.01459,0.01351,0.01459,866325.3657523,0.06730065837600585
2020-01-07 00:00:00+00:00,0.01474,0.01474,0.01418,0.01437,2492740.70168381,-0.015078821110349527
2020-01-08 00:00:00+00:00,0.01435,0.0146,0.01383,0.01406,2723251.89062276,-0.02157272094641627
2020-01-09 00:00:00+00:00,0.01394,0.01407,0.01376,0.01396,1427257.69370382,-0.007112375533428139
2020-01-10 00:00:00+00:00,0.0139,0.01479,0.01367,0.01469,1019993.42510179,0.05229226361031514
2020-01-11 00:00:00+00:00,0.01463,0.015,0.01449,0.01467,2061882.37893576,-0.001361470388019037
2020-01-12 00:00:00+00:00,0.01477,0.01494,0.01462,0.01479,395991.97779839,0.008179959100204304
2020-01-13 00:00:00+00:00,0.01501,0.01501,0.01453,0.01467,879814.38218612,-0.008113590263691628
2020-01-14 00:00:00+00:00,0.01483,0.01723,0.01483,0.01673,4523645.35583179,0.14042263122017706
2020-01-15 00:00:00+00:00,0.01666,0.01802,0.01622,0.01724,3359799.42784232,0.03048416019127309
2020-01-16 00:00:00+00:00,0.01729,0.01741,0.0162,0.01702,1914345.2604124,-0.012761020881670415
2020-01-17 00:00:00+00:00,0.01736,0.01832,0.01694,0.0176,882976.3723298,0.03407755581668637
2020-01-18 00:00:00+00:00,0.01775,0.01807,0.01724,0.01767,835499.15831691,0.003977272727272663
2020-01-19 00:00:00+00:00,0.01791,0.01815,0.01585,0.01661,2954131.97912274,-0.059988681380871656
2020-01-20 00:00:00+00:00,0.01663,0.01674,0.01633,0.01654,1331842.22613647,-0.004214328717640048
2020-01-21 00:00:00+00:00,0.01655,0.0173,0.01647,0.01725,370833.87133206,0.04292623941958906
2020-01-22 00:00:00+00:00,0.0174,0.0174,0.01704,0.01731,630824.14353923,0.003478260869565153
2020-01-23 00:00:00+00:00,0.01694,0.01694,0.01581,0.01616,604085.3672921,-0.06643558636626223
2020-01-24 00:00:00+00:00,0.01626,0.01652,0.01568,0.0164,1744886.34264721,0.014851485148514865
2020-01-25 00:00:00+00:00,0.01601,0.01614,0.01589,0.01613,414566.97328228,-0.016463414634146467
2020-01-26 00:00:00+00:00,0.016,0.01681,0.016,0.01672,444970.01002156,0.03657780533168009
2020-01-27 00:00:00+00:00,0.01688,0.0172,0.01673,0.01706,611798.24870106,0.020334928229664984
2020-01-28 00:00:00+00:00,0.0172,0.0188,0.01717,0.01855,1212461.33667259,0.08733880422039864
2020-01-29 00:00:00+00:00,0.0187,0.01964,0.01858,0.01882,2756114.0761471,0.014555256064689992
2020-01-30 00:00:00+00:00,0.01851,0.01971,0.0178,0.01948,1633832.2867452,0.03506907545164717
2020-01-31 00:00:00+00:00,0.01961,0.01961,0.01814,0.01882,2560577.45974721,-0.033880903490759784
2020-02-01 00:00:00+00:00,0.01873,0.01949,0.01851,0.01905,3103256.2416327,0.01222104144527103
2020-02-02 00:00:00+00:00,0.01892,0.01979,0.01866,0.0191,2946924.59227904,0.002624671916010346
2020-02-03 00:00:00+00:00,0.01904,0.0196,0.01883,0.01922,702932.77366595,0.006282722513089034
2020-02-04 00:00:00+00:00,0.01918,0.01949,0.01835,0.01925,866764.81558883,0.0015608740894901274
2020-02-05 00:00:00+00:00,0.0192,0.02082,0.01917,0.02082,1697542.04864625,0.08155844155844161
2020-02-06 00:00:00+00:00,0.02054,0.02344,0.02,0.02253,6560297.37576854,0.08213256484149856
2020-02-07 00:00:00+00:00,0.02263,0.02376,0.02135,0.02212,2918560.12552738,-0.018197958277851756
2020-02-08 00:00:00+00:00,0.02175,0.02254,0.0205,0.02199,2114158.4406292,-0.005877034358047095
2020-02-09 00:00:00+00:00,0.02181,0.02274,0.02132,0.02198,2744459.33187159,-0.00045475216007273556
2020-02-10 00:00:00+00:00,0.02212,0.0222,0.021,0.0222,1126983.40899344,0.010009099181073733
2020-02-11 00:00:00+00:00,0.02211,0.031,0.02135,0.02295,4026914.3513241,0.03378378378378377
2020-02-12 00:00:00+00:00,0.02298,0.02441,0.02291,0.02423,3131332.13854182,0.05577342047930278
2020-02-13 00:00:00+00:00,0.02427,0.02569,0.02259,0.0239,6539440.29701661,-0.013619479983491556
2020-02-14 00:00:00+00:00,0.024,0.02689,0.024,0.0263,5035373.97897112,0.10041841004184104
2020-02-15 00:00:00+00:00,0.02645,0.02662,0.02294,0.02355,4572087.40935014,-0.1045627376425855
2020-02-16 00:00:00+00:00,0.02354,0.02489,0.0203,0.0225,3375966.13545188,-0.0445859872611466
2020-02-17 00:00:00+00:00,0.02165,0.02184,0.0202,0.02162,1596773.67125795,-0.039111111111111097
2020-02-18 00:00:00+00:00,0.02169,0.02301,0.02053,0.02265,1999172.57438825,0.047641073080481044
2020-02-19 00:00:00+00:00,0.02239,0.023,0.01952,0.0202,2860410.46803767,-0.10816777041942605
2020-02-20 00:00:00+00:00,0.02035,0.02035,0.01894,0.02,1475029.13941362,-0.009900990099009799
2020-02-21 00:00:00+00:00,0.01978,0.0206,0.01978,0.02027,992168.67987783,0.013500000000000068
2020-02-22 00:00:00+00:00,0.02027,0.02033,0.01976,0.02011,229746.56538791,-0.007893438579181122
2020-02-23 00:00:00+00:00,0.02011,0.02143,0.02011,0.02143,284379.90001175,0.0656389855793138
2020-02-24 00:00:00+00:00,0.02121,0.02121,0.01921,0.0197,541906.0138838,-0.08072795146990208
2020-02-25 00:00:00+00:00,0.01986,0.01986,0.01867,0.01924,2222412.71688932,-0.023350253807106536
2020-02-26 00:00:00+00:00,0.01898,0.01898,0.01365,0.0166,7984029.04039177,-0.13721413721413722
2020-02-27 00:00:00+00:00,0.016,0.01755,0.01599,0.01691,1377398.09407818,0.01867469879518069
2020-02-28 00:00:00+00:00,0.01724,0.01733,0.01617,0.01723,1293353.5088201,0.018923713778828954
2020-02-29 00:00:00+00:00,0.01715,0.0174,0.01647,0.01647,526646.46443735,-0.0441091120139292
2020-03-01 00:00:00+00:00,0.01656,0.01712,0.01618,0.01652,1236434.73823728,0.0030358227079538835
2020-03-02 00:00:00+00:00,0.01644,0.01777,0.01643,0.01747,1996536.9066542,0.05750605326876501
2020-03-03 00:00:00+00:00,0.01748,0.01755,0.01709,0.01726,216525.655669,-0.012020606754436058
2020-03-04 00:00:00+00:00,0.01751,0.01783,0.01707,0.01783,867943.82449521,0.0330243337195828
2020-03-05 00:00:00+00:00,0.01783,0.01835,0.01774,0.01774,1671807.07272261,-0.0050476724621424385
2020-03-06 00:00:00+00:00,0.01804,0.01835,0.018,0.01817,321304.84494799,0.024239007891770026
2020-03-07 00:00:00+00:00,0.01833,0.01833,0.0164,0.01717,1134189.5644136,-0.055035773252614106
2020-03-08 00:00:00+00:00,0.01689,0.01689,0.01446,0.01458,2055051.62179229,-0.15084449621432738
2020-03-09 00:00:00+00:00,0.01484,0.01515,0.01407,0.015,1548722.96203554,0.028806584362139898
2020-03-10 00:00:00+00:00,0.015,0.01532,0.01466,0.01512,194714.00753162,0.008000000000000007
2020-03-11 00:00:00+00:00,0.01516,0.01522,0.01414,0.01495,1251219.56327212,-0.011243386243386277
2020-03-12 00:00:00+00:00,0.01475,0.0185,0.00836,0.00845,19004216.81621275,-0.4347826086956522
2020-03-13 00:00:00+00:00,0.00858,0.011,0.00694,0.01029,17812299.30864632,0.2177514792899411
2020-03-14 00:00:00+00:00,0.01032,0.01079,0.00961,0.00966,1371411.72351039,-0.061224489795918435
2020-03-15 00:00:00+00:00,0.00972,0.01107,0.00963,0.01025,2420798.08160046,0.06107660455486541
2020-03-16 00:00:00+00:00,0.01001,0.01026,0.0085,0.00966,4559550.75531612,-0.05756097560975615
2020-03-17 00:00:00+00:00,0.0096,0.0107,0.0096,0.01024,2664698.93433886,0.0600414078674949
2020-03-18 00:00:00+00:00,0.01004,0.01025,0.00971,0.01025,1177230.93191044,0.0009765625
2020-03-19 00:00:00+00:00,0.01028,0.01212,0.01021,0.01164,13950981.79028791,0.13560975609756087
2020-03-20 00:00:00+00:00,0.01177,0.01275,0.01043,0.01118,4205268.34752332,-0.03951890034364247
2020-03-21 00:00:00+00:00,0.01125,0.01158,0.0108,0.01122,2009055.92862574,0.003577817531305927
2020-03-22 00:00:00+00:00,0.01117,0.01154,0.01039,0.01054,743792.43720863,-0.06060606060606055
2020-03-23 00:00:00+00:00,0.01014,0.01155,0.01014,0.01145,3769036.0525809,0.0863377609108158
2020-03-24 00:00:00+00:00,0.01146,0.0116,0.0113,0.01157,548162.23544094,0.010480349344978102
2020-03-25 00:00:00+00:00,0.01155,0.0118,0.01122,0.01139,2358360.45759799,-0.015557476231633505
2020-03-26 00:00:00+00:00,0.01142,0.012,0.01132,0.01191,528591.32091365,0.04565408252853387
2020-03-27 00:00:00+00:00,0.01201,0.01211,0.011,0.01123,827756.59683033,-0.057094878253568404
2020-03-28 00:00:00+00:00,0.01101,0.01147,0.01088,0.01141,1166812.5743914,0.01602849510240434
2020-03-29 00:00:00+00:00,0.01141,0.01141,0.01069,0.0107,2227237.74402817,-0.06222611744084139
2020-03-30 00:00:00+00:00,0.01069,0.0119,0.01069,0.01146,1125584.32292479,0.07102803738317753
2020-03-31 00:00:00+00:00,0.01158,0.01177,0.01142,0.01164,572846.57801886,0.015706806282722585
2020-04-01 00:00:00+00:00,0.01154,0.01166,0.01114,0.01166,1148149.66765595,0.0017182130584192379
2020-04-02 00:00:00+00:00,0.01169,0.01256,0.01154,0.012,1887074.14053971,0.029159519725557415
2020-04-03 00:00:00+00:00,0.01199,0.01216,0.01183,0.01191,1977060.28249296,-0.007499999999999951
2020-04-04 00:00:00+00:00,0.012,0.01215,0.01176,0.01197,423153.89211889,0.005037783375314797
2020-04-05 00:00:00+00:00,0.012,0.01273,0.01,0.01255,2727305.68511411,0.048454469507101194
2020-04-06 00:00:00+00:00,0.0126,0.01382,0.0126,0.01382,2137577.13224253,0.10119521912350593
2020-04-07 00:00:00+00:00,0.01392,0.01407,0.01323,0.01327,4572410.35406197,-0.03979739507959479
2020-04-08 00:00:00+00:00,0.01324,0.01383,0.01324,0.0138,1498424.3105979,0.03993971363978899
2020-04-09 00:00:00+00:00,0.01372,0.01382,0.01323,0.01348,765770.47982247,-0.023188405797101352
2020-04-10 00:00:00+00:00,0.0135,0.0135,0.01214,0.01231,945830.87763147,-0.08679525222551931
2020-04-11 00:00:00+00:00,0.01269,0.01281,0.01235,0.01235,206771.68769429,0.0032493907392363575
2020-04-12 00:00:00+00:00,0.01257,0.01328,0.01241,0.01279,631242.59588103,0.035627530364372495
2020-04-13 00:00:00+00:00,0.01259,0.01269,0.01217,0.0126,1875890.59580593,-0.014855355746677068
2020-04-14 00:00:00+00:00,0.01261,0.01273,0.01244,0.01253,236649.9070234,-0.005555555555555647
2020-04-15 00:00:00+00:00,0.01244,0.01259,0.0122,0.0122,2483114.48103687,-0.026336791699920092
2020-04-16 00:00:00+00:00,0.01216,0.01321,0.01185,0.01321,8998505.8180266,0.0827868852459015
2020-04-17 00:00:00+00:00,0.01304,0.01317,0.01279,0.013,976797.11032373,-0.015897047691143085
2020-04-18 00:00:00+00:00,0.01301,0.0135,0.01293,0.01333,1605671.10261776,0.02538461538461534
2020-04-19 00:00:00+00:00,0.01342,0.01344,0.01283,0.01295,994413.42603633,-0.028507126781695424
2020-04-20 00:00:00+00:00,0.01309,0.01321,0.0121,0.01243,5562855.26997857,-0.04015444015444014
2020-04-21 00:00:00+00:00,0.01243,0.01271,0.01235,0.01254,579419.14695546,0.008849557522123908
2020-04-22 00:00:00+00:00,0.01255,0.01316,0.01246,0.01291,631153.44555159,0.029505582137161035
2020-04-23 00:00:00+00:00,0.01302,0.0139,0.01285,0.01367,3452674.09603453,0.058869093725794075
2020-04-24 00:00:00+00:00,0.01367,0.01435,0.01367,0.01396,1999730.31575164,0.02121433796634964
2020-04-25 00:00:00+00:00,0.01396,0.01429,0.01346,0.01395,3514027.37022904,-0.0007163323782234388
2020-04-26 00:00:00+00:00,0.01396,0.01426,0.01389,0.01415,1182825.47112238,0.014336917562723928
2020-04-27 00:00:00+00:00,0.01436,0.01463,0.01424,0.01453,2064067.30228662,0.02685512367491172
2020-04-28 00:00:00+00:00,0.01449,0.0154,0.01431,0.01537,2886553.89770606,0.05781142463867872
2020-04-29 00:00:00+00:00,0.01531,0.0165,0.01513,0.01616,5624249.9209867,0.05139882888744318
2020-04-30 00:00:00+00:00,0.01628,0.01672,0.01475,0.0153,2861820.60134044,-0.053217821782178265
2020-05-01 00:00:00+00:00,0.01535,0.01633,0.01534,0.01588,904927.04893255,0.03790849673202601
2020-05-02 00:00:00+00:00,0.01576,0.0164,0.0157,0.01638,1044903.75601977,0.03148614609571787
2020-05-03 00:00:00+00:00,0.01643,0.01656,0.01565,0.01604,3228051.93286872,-0.020757020757020794
2020-05-04 00:00:00+00:00,0.01578,0.01643,0.01514,0.01617,3030183.35706029,0.008104738154613544
2020-05-05 00:00:00+00:00,0.01634,0.01661,0.01573,0.01593,893452.07321803,-0.014842300556586308
2020-05-06 00:00:00+00:00,0.01585,0.0162,0.0155,0.01554,1387993.10511179,-0.024482109227871973
2020-05-07 00:00:00+00:00,0.0155,0.01624,0.01543,0.01623,1664792.1695947,0.044401544401544424
2020-05-08 00:00:00+00:00,0.01611,0.01655,0.01591,0.01632,1326396.69177458,0.005545286506469571
2020-05-09 00:00:00+00:00,0.0162,0.01659,0.0161,0.0161,1865831.63142541,-0.013480392156862808
2020-05-10 00:00:00+00:00,0.01605,0.01605,0.01254,0.01441,2477185.42729905,-0.10496894409937896
2020-05-11 00:00:00+00:00,0.01427,0.01449,0.01336,0.01397,1340249.49189189,-0.030534351145038108
2020-05-12 00:00:00+00:00,0.01401,0.01495,0.01401,0.01455,2052746.61911569,0.04151753758052967
2020-05-13 00:00:00+00:00,0.01458,0.01538,0.01458,0.015,1461997.83487896,0.030927835051546282
2020-05-14 00:00:00+00:00,0.01511,0.01542,0.01482,0.01534,2062301.57565354,0.022666666666666613
2020-05-15 00:00:00+00:00,0.01526,0.01533,0.0148,0.01489,356444.48494769,-0.02933507170795302
2020-05-16 00:00:00+00:00,0.0148,0.01515,0.01476,0.01515,387373.8891391,0.01746138347884485
2020-05-17 00:00:00+00:00,0.01497,0.01521,0.0149,0.01504,961794.03211521,-0.007260726072607304
2020-05-18 00:00:00+00:00,0.01512,0.01555,0.01501,0.0154,834416.02483844,0.02393617021276606
2020-05-19 00:00:00+00:00,0.01532,0.01557,0.01505,0.01555,532330.29911981,0.009740259740259605
2020-05-20 00:00:00+00:00,0.01536,0.01546,0.0146,0.01502,1295545.50054947,-0.034083601286173604
2020-05-21 00:00:00+00:00,0.01507,0.01507,0.01392,0.01425,2531654.29022803,-0.05126498002663116
2020-05-22 00:00:00+00:00,0.01415,0.01542,0.0141,0.01499,794634.88529662,0.05192982456140349
2020-05-23 00:00:00+00:00,0.01495,0.01566,0.01486,0.0151,1546186.75582567,0.007338225483655814
2020-05-24 00:00:00+00:00,0.01498,0.01529,0.0142,0.0142,437946.52852255,-0.05960264900662249
2020-05-25 00:00:00+00:00,0.01413,0.01473,0.01412,0.01473,447225.77102211,0.03732394366197167
2020-05-26 00:00:00+00:00,0.01462,0.01468,0.01428,0.01461,840134.9223649,-0.008146639511201648
2020-05-27 00:00:00+00:00,0.0146,0.01499,0.01452,0.0148,752275.48765033,0.013004791238877544
2020-05-28 00:00:00+00:00,0.0147,0.0151,0.01461,0.0151,725847.3584217,0.020270270270270174
2020-05-29 00:00:00+00:00,0.01518,0.01528,0.01489,0.01504,1573426.81937698,-0.003973509933774877
2020-05-30 00:00:00+00:00,0.01497,0.01639,0.01497,0.01637,4020552.02554203,0.08843085106382986
2020-05-31 00:00:00+00:00,0.01633,0.0172,0.0155,0.01578,6105520.59994107,-0.036041539401343914
2020-06-01 00:00:00+00:00,0.01577,0.01716,0.01577,0.01703,3725399.81770366,0.07921419518377704
2020-06-02 00:00:00+00:00,0.01704,0.01752,0.01558,0.01626,3242096.51965807,-0.04521432765707578
2020-06-03 00:00:00+00:00,0.01629,0.01691,0.01606,0.01677,2016357.92429615,0.03136531365313644
2020-06-04 00:00:00+00:00,0.01699,0.01733,0.01624,0.01673,2011731.77514599,-0.0023852116875373586
2020-06-05 00:00:00+00:00,0.01696,0.01728,0.01679,0.01698,1265950.03823433,0.014943215780035768
2020-06-06 00:00:00+00:00,0.01673,0.01711,0.01654,0.017,271728.9521407,0.0011778563015314436
2020-06-07 00:00:00+00:00,0.01712,0.01823,0.01681,0.01806,1887993.26734137,0.0623529411764705
2020-06-08 00:00:00+00:00,0.01808,0.01858,0.01778,0.01796,1320811.19001086,-0.0055370985603543366
2020-06-09 00:00:00+00:00,0.01795,0.01804,0.01735,0.0176,1124694.24395501,-0.020044543429844075
2020-06-10 00:00:00+00:00,0.01753,0.0177,0.01717,0.0177,604690.19054236,0.005681818181818121
2020-06-11 00:00:00+00:00,0.01757,0.018,0.01515,0.01572,3733816.7927043,-0.11186440677966092
2020-06-12 00:00:00+00:00,0.0156,0.0166,0.0156,0.01641,2980600.15975177,0.043893129770992356
2020-06-13 00:00:00+00:00,0.01644,0.01669,0.01617,0.01669,1649234.08029823,0.01706276660572814
2020-06-14 00:00:00+00:00,0.01669,0.01669,0.01603,0.01622,562647.51491375,-0.028160575194727477
2020-06-15 00:00:00+00:00,0.016,0.01616,0.01484,0.01614,2087731.78322557,-0.004932182490752002
2020-06-16 00:00:00+00:00,0.01605,0.01869,0.016,0.01615,3863496.10258613,0.0006195786864930941
2020-06-17 00:00:00+00:00,0.01607,0.01643,0.01597,0.01615,277431.3421211,0.0
2020-06-18 00:00:00+00:00,0.0162,0.01646,0.01582,0.01605,538296.19655853,-0.006191950464396467
2020-06-19 00:00:00+00:00,0.01596,0.01612,0.01574,0.016,829445.70389966,-0.0031152647975076775
2020-06-20 00:00:00+00:00,0.0159,0.01601,0.01565,0.016,365297.36799307,0.0
2020-06-21 00:00:00+00:00,0.01593,0.01601,0.01584,0.01585,31303.04012904,-0.009375000000000022
2020-06-22 00:00:00+00:00,0.01585,0.01644,0.01585,0.01638,450871.91184925,0.03343848580441633
2020-06-23 00:00:00+00:00,0.0163,0.017,0.01626,0.01645,1333252.64023674,0.004273504273504258
2020-06-24 00:00:00+00:00,0.01653,0.01683,0.01571,0.01599,363227.18970284,-0.027963525835866143
2020-06-25 00:00:00+00:00,0.01595,0.01602,0.01539,0.01602,417238.6442141,0.0018761726078797558
2020-06-26 00:00:00+00:00,0.01599,0.01599,0.01565,0.01586,171443.1889742,-0.009987515605493158
2020-06-27 00:00:00+00:00,0.01579,0.016,0.01489,0.01551,996392.35684692,-0.022068095838587598
2020-06-28 00:00:00+00:00,0.0153,0.01598,0.01528,0.01572,281802.54116347,0.013539651837524369
2020-06-29 00:00:00+00:00,0.01589,0.01633,0.01581,0.01618,420239.75962081,0.029262086513994756
2020-06-30 00:00:00+00:00,0.0162,0.01653,0.01619,0.01646,628214.82064168,0.017305315203955507
2020-07-01 00:00:00+00:00,0.01628,0.017,0.01616,0.01687,536060.6689213,0.02490886998784947
2020-07-02 00:00:00+00:00,0.01688,0.01721,0.01624,0.01665,1549494.57515649,-0.01304090100770583
2020-07-03 00:00:00+00:00,0.01675,0.01685,0.01658,0.01668,207122.93836142,0.0018018018018017834
2020-07-04 00:00:00+00:00,0.01672,0.01687,0.01665,0.01681,170068.45517683,0.007793764988009544
2020-07-05 00:00:00+00:00,0.01681,0.01694,0.01639,0.01694,298393.76287604,0.007733491969066142
2020-07-06 00:00:00+00:00,0.017,0.01812,0.017,0.0181,1710601.24265619,0.06847697756788684
2020-07-07 00:00:00+00:00,0.01802,0.01802,0.0171,0.01719,1158732.3381534,-0.05027624309392276
2020-07-08 00:00:00+00:00,0.0172,0.0182,0.0169,0.01798,2246283.42670803,0.045956951716114025
2020-07-09 00:00:00+00:00,0.01789,0.01914,0.01765,0.01849,4148005.16327338,0.02836484983314791
2020-07-10 00:00:00+00:00,0.01847,0.01868,0.01785,0.01806,629367.51482624,-0.023255813953488413
2020-07-11 00:00:00+00:00,0.0183,0.01882,0.0183,0.01844,1150185.35122417,0.021040974529346723
2020-07-12 00:00:00+00:00,0.01847,0.01852,0.01796,0.01811,1550916.09799551,-0.017895878524945785
2020-07-13 00:00:00+00:00,0.01823,0.01839,0.01721,0.01746,1732568.46153245,-0.03589177250138054
2020-07-14 00:00:00+00:00,0.01746,0.01775,0.01711,0.01769,798744.19269072,0.013172966781214157
2020-07-15 00:00:00+00:00,0.01774,0.01775,0.01752,0.01755,356318.82562911,-0.007914075749010818
2020-07-16 00:00:00+00:00,0.01756,0.0177,0.01675,0.01717,651014.40150626,-0.02165242165242154
2020-07-17 00:00:00+00:00,0.01712,0.01732,0.017,0.01729,342543.341928,0.006988934187536211
2020-07-18 00:00:00+00:00,0.01724,0.01748,0.01703,0.01745,188373.33611719,0.009253903990746215
2020-07-19 00:00:00+00:00,0.01739,0.01749,0.01732,0.01747,63754.42787967,0.0011461318051575464
2020-07-20 00:00:00+00:00,0.01751,0.01751,0.017,0.01711,179393.134244,-0.02060675443617621
2020-07-21 00:00:00+00:00,0.01724,0.01773,0.0172,0.01757,218599.46516588,0.02688486265341905
2020-07-22 00:00:00+00:00,0.01761,0.0184,0.01743,0.018,1364886.9134814,0.02447353443369371
2020-07-23 00:00:00+00:00,0.018,0.01816,0.01778,0.01792,692757.57923325,-0.004444444444444473
2020-07-24 00:00:00+00:00,0.0179,0.01825,0.01758,0.01794,1106034.21248973,0.001116071428571619
2020-07-25 00:00:00+00:00,0.01802,0.01871,0.01802,0.01871,1577405.66930243,0.04292084726867329
2020-07-26 00:00:00+00:00,0.01863,0.01916,0.01844,0.01849,404228.00764019,-0.011758417958311118
2020-07-27 00:00:00+00:00,0.01849,0.01902,0.01774,0.019,1071309.23254338,0.02758247701460248
2020-07-28 00:00:00+00:00,0.01887,0.0195,0.01826,0.01916,823180.78143809,0.008421052631578885
2020-07-29 00:00:00+00:00,0.0192,0.01995,0.0192,0.01927,985750.88874917,0.00574112734864296
2020-07-30 00:00:00+00:00,0.01915,0.01942,0.01875,0.01923,221514.57958843,-0.002075765438505406
2020-07-31 00:00:00+00:00,0.01929,0.01979,0.019,0.01973,214198.70334859,0.026001040041601753
2020-08-01 00:00:00+00:00,0.01966,0.02085,0.01954,0.02053,772023.8204411,0.04054738976178407
2020-08-02 00:00:00+00:00,0.02053,0.02124,0.01825,0.01932,1920175.09477072,-0.05893813930832925
2020-08-03 00:00:00+00:00,0.01939,0.02018,0.01934,0.01984,808816.81972242,0.0269151138716357
2020-08-04 00:00:00+00:00,0.02013,0.0207,0.01993,0.02032,599729.30564034,0.024193548387096753
2020-08-05 00:00:00+00:00,0.02043,0.02071,0.02023,0.02023,508710.60862545,-0.004429133858267709
2020-08-06 00:00:00+00:00,0.02031,0.02051,0.01901,0.02039,2237409.4026338,0.007909045971329576
2020-08-07 00:00:00+00:00,0.02043,0.02106,0.01919,0.01999,650355.02350224,-0.019617459538989634
2020-08-08 00:00:00+00:00,0.01991,0.02045,0.01984,0.02045,242467.72044735,0.02301150575287636
2020-08-09 00:00:00+00:00,0.02059,0.02095,0.02025,0.02038,927572.91388182,-0.0034229828850855792
2020-08-10 00:00:00+00:00,0.02076,0.02185,0.02074,0.02167,2063166.72336175,0.06329735034347395
2020-08-11 00:00:00+00:00,0.0215,0.0215,0.01969,0.01986,673234.89882489,-0.08352561144439319
2020-08-12 00:00:00+00:00,0.01999,0.02044,0.0192,0.02017,803723.8085612,0.015609264853977844
2020-08-13 00:00:00+00:00,0.0202,0.02296,0.01964,0.02234,1877495.48797378,0.10758552305404057
2020-08-14 00:00:00+00:00,0.02252,0.02555,0.0224,0.02476,3447533.5940105,0.10832587287376905
2020-08-15 00:00:00+00:00,0.02432,0.02554,0.02376,0.02485,923550.95525854,0.003634894991922488
2020-08-16 00:00:00+00:00,0.02497,0.041,0.02417,0.02797,5170681.5461923,0.1255533199195169
2020-08-17 00:00:00+00:00,0.02775,0.03124,0.02685,0.03022,3992806.43052555,0.08044333214158028
2020-08-18 00:00:00+00:00,0.03099,0.03248,0.0283,0.02905,5743484.36460665,-0.03871608206485777
2020-08-19 00:00:00+00:00,0.02839,0.02894,0.02551,0.02646,2985170.85718801,-0.08915662650602407
2020-08-20 00:00:00+00:00,0.0268,0.02779,0.02657,0.02737,575109.53111938,0.034391534391534195
2020-08-21 00:00:00+00:00,0.02769,0.02769,0.02408,0.02419,2269023.70170319,-0.11618560467665329
2020-08-22 00:00:00+00:00,0.02383,0.02533,0.02332,0.02519,3014131.23522039,0.04133939644481188
2020-08-23 00:00:00+00:00,0.02467,0.02486,0.02393,0.02442,311884.00307078,-0.03056768558951961
2020-08-24 00:00:00+00:00,0.02414,0.02538,0.02404,0.02515,704687.51587965,0.02989352989352989
2020-08-25 00:00:00+00:00,0.02501,0.02504,0.02225,0.02303,697468.34218439,-0.08429423459244534
2020-08-26 00:00:00+00:00,0.0232,0.02389,0.02302,0.02365,353411.88431684,0.026921406860616726
2020-08-27 00:00:00+00:00,0.02415,0.0244,0.02219,0.02306,580059.25270583,-0.02494714587737845
2020-08-28 00:00:00+00:00,0.02295,0.02424,0.02276,0.0239,789804.39382671,0.03642671292281019
2020-08-29 00:00:00+00:00,0.02393,0.02525,0.0234,0.02507,4575904.07404868,0.04895397489539732
2020-08-30 00:00:00+00:00,0.02535,0.02818,0.02535,0.02696,2119596.56742769,0.07538891104906265
2020-08-31 00:00:00+00:00,0.02705,0.02969,0.02579,0.02931,7497371.34404647,0.08716617210682487
2020-09-01 00:00:00+00:00,0.02928,0.036,0.02816,0.03465,11705760.57379363,0.18219037871033783
2020-09-02 00:00:00+00:00,0.03503,0.03892,0.0315,0.03445,19119506.84035015,-0.005772005772005762
2020-09-03 00:00:00+00:00,0.03459,0.04934,0.03459,0.04055,32430228.06081376,0.17706821480406387
2020-09-04 00:00:00+00:00,0.04012,0.0445,0.03144,0.03576,18129465.96021128,-0.11812577065351426
2020-09-05 00:00:00+00:00,0.0354,0.03663,0.0275,0.02973,8971073.26841349,-0.1686241610738255
2020-09-06 00:00:00+00:00,0.02964,0.03246,0.02844,0.03164,3863403.07760138,0.06424487050117733
2020-09-07 00:00:00+00:00,0.03183,0.0325,0.0285,0.03217,1687055.51608988,0.016750948166877278
2020-09-08 00:00:00+00:00,0.03244,0.03544,0.03175,0.03489,6437520.45014975,0.08455082374883438
2020-09-09 00:00:00+00:00,0.03517,0.03954,0.03361,0.03401,3436447.02017715,-0.025222126683863588
2020-09-10 00:00:00+00:00,0.03396,0.0352,0.0302,0.03302,7770660.51790659,-0.02910908556306957
2020-09-11 00:00:00+00:00,0.03371,0.03441,0.03163,0.03337,2867596.85004786,0.010599636583888516
2020-09-12 00:00:00+00:00,0.03341,0.03341,0.03215,0.03276,3560926.38732443,-0.018279892118669427
2020-09-13 00:00:00+00:00,0.03257,0.03274,0.02957,0.0305,3366049.30341869,-0.06898656898656896
2020-09-14 00:00:00+00:00,0.03039,0.03149,0.03005,0.03032,1656638.0249446,-0.005901639344262244
2020-09-15 00:00:00+00:00,0.03031,0.03044,0.02768,0.02794,5089867.24037698,-0.07849604221635886
2020-09-16 00:00:00+00:00,0.02762,0.0297,0.02621,0.02645,7333822.95146278,-0.053328561202576896
2020-09-17 00:00:00+00:00,0.02645,0.02836,0.0264,0.02813,3393733.75891945,0.06351606805292986
2020-09-18 00:00:00+00:00,0.02819,0.02984,0.0279,0.02883,2415823.90242531,0.024884464984002985
2020-09-19 00:00:00+00:00,0.02919,0.02927,0.02762,0.0277,1194271.78525855,-0.03919528269164074
2020-09-20 00:00:00+00:00,0.02739,0.02767,0.0265,0.02694,1086252.95192873,-0.027436823104693198
2020-09-21 00:00:00+00:00,0.02726,0.02758,0.02465,0.02513,1959673.56302353,-0.0671863400148478
2020-09-22 00:00:00+00:00,0.02477,0.02546,0.02461,0.02495,3551215.21343951,-0.007162753680859502
2020-09-23 00:00:00+00:00,0.02528,0.02612,0.02483,0.02483,1695166.79725565,-0.004809619238476892
2020-09-24 00:00:00+00:00,0.02483,0.02637,0.02451,0.02637,1209343.48132685,0.0620217478856222
2020-09-25 00:00:00+00:00,0.02621,0.02744,0.02558,0.02715,2152667.57091116,0.029579067121729308
2020-09-26 00:00:00+00:00,0.0275,0.02889,0.02702,0.02704,7559428.81105233,-0.004051565377532151
2020-09-27 00:00:00+00:00,0.02714,0.02755,0.026,0.02655,5366419.48548992,-0.018121301775147924
2020-09-28 00:00:00+00:00,0.0267,0.02711,0.02619,0.02619,2435665.17982788,-0.013559322033898313
2020-09-29 00:00:00+00:00,0.02626,0.02639,0.02551,0.02637,981725.87194704,0.0068728522336769515
2020-09-30 00:00:00+00:00,0.02621,0.02647,0.0258,0.02616,2112268.77312609,-0.007963594994311762
2020-10-01 00:00:00+00:00,0.02622,0.02669,0.02512,0.02582,2166976.69075771,-0.012996941896024516
2020-10-02 00:00:00+00:00,0.02576,0.02609,0.02402,0.02605,2703080.22260691,0.008907823392718894
2020-10-03 00:00:00+00:00,0.02591,0.02846,0.02591,0.02713,3064011.20579905,0.04145873320537441
2020-10-04 00:00:00+00:00,0.02733,0.02736,0.026,0.02643,1074025.37339944,-0.025801695539992675
2020-10-05 00:00:00+00:00,0.02674,0.02685,0.02606,0.02639,654631.47886479,-0.001513431706394175
2020-10-06 00:00:00+00:00,0.02639,0.02657,0.02539,0.0256,1699441.14786542,-0.029935581659719546
2020-10-07 00:00:00+00:00,0.02557,0.02562,0.02507,0.0255,830226.36391733,-0.003906250000000111
2020-10-08 00:00:00+00:00,0.02556,0.02599,0.02502,0.02573,2102654.82930474,0.009019607843137267
2020-10-09 00:00:00+00:00,0.02579,0.02649,0.02566,0.0264,1571451.76843997,0.02603964244073076
2020-10-10 00:00:00+00:00,0.02634,0.02738,0.02634,0.02657,4218387.00017649,0.006439393939393856
2020-10-11 00:00:00+00:00,0.02655,0.0268,0.02621,0.02657,5863954.14136188,0.0
2020-10-12 00:00:00+00:00,0.02655,0.0277,0.02591,0.02718,1362972.47008275,0.022958223560406443
2020-10-13 00:00:00+00:00,0.02705,0.02726,0.02657,0.02679,1122178.1280927,-0.014348785871964642
2020-10-14 00:00:00+00:00,0.02679,0.02714,0.02643,0.02681,1203861.18221039,0.000746547219111493
2020-10-15 00:00:00+00:00,0.02676,0.02677,0.0264,0.02645,2261566.33070506,-0.013427825438269259
2020-10-16 00:00:00+00:00,0.0265,0.02665,0.02556,0.02581,1004946.09559364,-0.024196597353497218
2020-10-17 00:00:00+00:00,0.02561,0.02604,0.02557,0.02566,1095302.96167961,-0.00581170089112748
2020-10-18 00:00:00+00:00,0.02572,0.02597,0.02571,0.02595,1640603.8931823,0.011301636788776381
2020-10-19 00:00:00+00:00,0.02598,0.02628,0.02567,0.02589,3354810.71768975,-0.0023121387283236983
2020-10-20 00:00:00+00:00,0.02592,0.029,0.0255,0.02597,6162555.56850696,0.0030899961375048246
2020-10-21 00:00:00+00:00,0.02605,0.0275,0.02578,0.0267,7406365.90500215,0.028109356950327458
2020-10-22 00:00:00+00:00,0.0268,0.02749,0.02672,0.02713,3346898.87040824,0.01610486891385765
2020-10-23 00:00:00+00:00,0.027,0.02715,0.02628,0.02663,1621237.42127721,-0.018429782528566196
2020-10-24 00:00:00+00:00,0.0267,0.0273,0.02662,0.02714,997072.59907943,0.019151333082989108
2020-10-25 00:00:00+00:00,0.02708,0.02724,0.0267,0.02702,605547.02268513,-0.00442151805453217
2020-10-26 00:00:00+00:00,0.0271,0.02757,0.02626,0.02679,8769966.37419064,-0.008512213175425498
2020-10-27 00:00:00+00:00,0.02684,0.02719,0.02667,0.0269,2362667.75360205,0.004106009705113767
2020-10-28 00:00:00+00:00,0.02705,0.0273,0.02662,0.02691,2707418.02109062,0.00037174721189581206
2020-10-29 00:00:00+00:00,0.027,0.02729,0.02636,0.0266,751883.06567628,-0.011519881085098493
2020-10-30 00:00:00+00:00,0.0265,0.02658,0.02526,0.02567,2764131.53354393,-0.03496240601503764
2020-10-31 00:00:00+00:00,0.02559,0.0265,0.02547,0.02572,413315.9770223,0.0019477989871445889
2020-11-01 00:00:00+00:00,0.02594,0.02594,0.02553,0.02573,169657.49937652,0.00038880248833583764
2020-11-02 00:00:00+00:00,0.02576,0.02576,0.02443,0.02443,896048.44160505,-0.050524679362611735
2020-11-03 00:00:00+00:00,0.0244,0.02452,0.02314,0.0244,4227990.15940761,-0.0012279983626688473
2020-11-04 00:00:00+00:00,0.02433,0.02441,0.02374,0.02426,1248742.28890472,-0.0057377049180328266
2020-11-05 00:00:00+00:00,0.02427,0.02539,0.02406,0.02489,5178668.32508235,0.025968672712283647
2020-11-06 00:00:00+00:00,0.02499,0.0262,0.02497,0.0262,4171497.87306769,0.052631578947368585
2020-11-07 00:00:00+00:00,0.02619,0.02674,0.02442,0.02453,4385673.37935005,-0.06374045801526718
2020-11-08 00:00:00+00:00,0.02505,0.02595,0.02497,0.02557,1896511.85731885,0.0423970648185894
2020-11-09 00:00:00+00:00,0.02552,0.02564,0.02468,0.02492,2915001.9592494,-0.025420414548298687
2020-11-10 00:00:00+00:00,0.02482,0.02565,0.02471,0.02486,911380.3341842,-0.0024077046548957037
2020-11-11 00:00:00+00:00,0.02509,0.02535,0.025,0.025,1922079.45269007,0.005631536604987941
2020-11-12 00:00:00+00:00,0.02501,0.02519,0.02479,0.02498,1961798.2981009,-0.0008000000000001339
2020-11-13 00:00:00+00:00,0.02496,0.0255,0.02483,0.02533,1828522.48093657,0.014011208967173783
2020-11-14 00:00:00+00:00,0.0253,0.02542,0.02489,0.02521,2203331.98265179,-0.0047374654559809715
2020-11-15 00:00:00+00:00,0.02522,0.02581,0.02503,0.02531,1106115.40246521,0.003966679888932845
2020-11-16 00:00:00+00:00,0.02519,0.02583,0.02517,0.02548,939454.86901612,0.006716712761754229
2020-11-17 00:00:00+00:00,0.02568,0.02667,0.0256,0.02644,4001240.51744772,0.03767660910518056
2020-11-18 00:00:00+00:00,0.0267,0.02712,0.02496,0.02686,6079916.4330562,0.015885022692889494
2020-11-19 00:00:00+00:00,0.02681,0.02683,0.02521,0.02583,6036503.60651957,-0.03834698436336559
2020-11-20 00:00:00+00:00,0.02581,0.02656,0.02559,0.02621,4821466.90221116,0.014711575687185618
2020-11-21 00:00:00+00:00,0.0263,0.03065,0.02623,0.03056,16354495.65085867,0.1659671880961464
2020-11-22 00:00:00+00:00,0.03059,0.03074,0.02724,0.02871,12350557.83595573,-0.06053664921465973
2020-11-23 00:00:00+00:00,0.029,0.03188,0.02833,0.03172,19771567.08101802,0.1048415186346221
2020-11-24 00:00:00+00:00,0.03181,0.044,0.03153,0.03498,44688809.40478102,0.10277427490542235
2020-11-25 00:00:00+00:00,0.03549,0.036,0.03547,0.03572,70686.10552767,0.021154945683247606
2020-11-26 00:00:00+00:00,0.03304,0.03304,0.03292,0.03293,13329.46623209,-0.07810750279955214
2020-11-27 00:00:00+00:00,0.0295,0.02953,0.0295,0.02953,69165.95466849,-0.10324931673246285
2020-11-28 00:00:00+00:00,0.02943,0.0313,0.02872,0.03037,4641741.56353714,0.028445648493057973
2020-11-29 00:00:00+00:00,0.03045,0.03045,0.03045,0.03045,2090.97700853,0.0026341784655909972
2020-11-30 00:00:00+00:00,0.03075,0.031,0.03075,0.0309,306653.1300432,0.01477832512315258
2020-12-01 00:00:00+00:00,0.0324,0.03243,0.03219,0.03219,50158.67841296,0.041747572815534095
2020-12-02 00:00:00+00:00,0.0303,0.0303,0.02993,0.02993,37464.37970212,-0.07020813917365654
2020-12-03 00:00:00+00:00,0.03137,0.03137,0.03129,0.03129,23998.70948869,0.04543935850317404
2020-12-04 00:00:00+00:00,0.03157,0.03157,0.03157,0.03157,3967.17,0.008948545861297674
2020-12-05 00:00:00+00:00,0.0295,0.0295,0.02942,0.02943,35635.16586033,-0.06778587266392144
2020-12-06 00:00:00+00:00,0.03059,0.03076,0.03059,0.03076,25991.22183631,0.04519198097179733
2020-12-07 00:00:00+00:00,0.0309,0.0309,0.03086,0.03086,6211.8092501,0.0032509752925877766
2020-12-08 00:00:00+00:00,0.0303,0.0303,0.03011,0.03018,24923.4894141,-0.022034996759559333
2020-12-09 00:00:00+00:00,0.0278,0.0278,0.0278,0.0278,1072.1963454,-0.07886017229953612
2020-12-10 00:00:00+00:00,0.02868,0.02868,0.02866,0.02867,50916.89508549,0.031294964028777184
2020-12-11 00:00:00+00:00,0.02807,0.02807,0.02804,0.02804,2801.20314281,-0.021974189047785253
2020-12-12 00:00:00+00:00,0.02778,0.02833,0.02778,0.02833,345529.80212393,0.010342368045649142
2020-12-13 00:00:00+00:00,0.02867,0.02973,0.02854,0.02921,654423.30634071,0.031062477938580857
2020-12-14 00:00:00+00:00,0.02919,0.02921,0.02919,0.02921,25590.46016044,0.0
2020-12-15 00:00:00+00:00,0.02921,0.02949,0.0288,0.02927,1091996.9374803,0.002054091064704
2020-12-16 00:00:00+00:00,0.02914,0.02914,0.02901,0.02901,12994.247,-0.008882815169115155
2020-12-17 00:00:00+00:00,0.0315,0.0325,0.03045,0.03071,11599000.37745362,0.05860048259220951
2020-12-18 00:00:00+00:00,0.03046,0.03046,0.03029,0.03029,5192.69401694,-0.013676326929338956
2020-12-19 00:00:00+00:00,0.03117,0.03198,0.03092,0.03126,2012348.04317372,0.03202377022119518
2020-12-20 00:00:00+00:00,0.03123,0.0327,0.0306,0.03132,1683314.17862342,0.0019193857965449368
2020-12-21 00:00:00+00:00,0.03,0.03012,0.02935,0.02937,2949798.57326885,-0.0622605363984674
2020-12-22 00:00:00+00:00,0.02957,0.02957,0.0278,0.02893,7360753.43457887,-0.014981273408239626
2020-12-23 00:00:00+00:00,0.02892,0.02899,0.02385,0.02503,7782367.23680872,-0.13480815762184584
2020-12-24 00:00:00+00:00,0.02463,0.02774,0.02421,0.02774,5984575.81046698,0.10827007590890925
2020-12-25 00:00:00+00:00,0.02778,0.02946,0.02711,0.02852,10542846.81224861,0.02811824080749825
2020-12-26 00:00:00+00:00,0.02845,0.02846,0.02725,0.02776,9107015.57538713,-0.02664796633941091
2020-12-27 00:00:00+00:00,0.02776,0.03102,0.02661,0.02879,17931559.0585172,0.037103746397694426
2020-12-28 00:00:00+00:00,0.02886,0.03031,0.02856,0.02952,8976609.44080864,0.02535602639805501
2020-12-29 00:00:00+00:00,0.02959,0.03019,0.02644,0.02768,20970161.94327032,-0.06233062330623307
2020-12-30 00:00:00+00:00,0.02758,0.02778,0.02642,0.02684,10080530.352299,-0.030346820809248554
2020-12-31 00:00:00+00:00,0.02694,0.027,0.02603,0.02657,1624579.32465042,-0.010059612518628858
2021-01-01 00:00:00+00:00,0.02683,0.02737,0.02658,0.02694,1567008.40538834,0.01392547986450876
2021-01-02 00:00:00+00:00,0.02691,0.02698,0.02685,0.02685,37788.0,-0.0033407572383072903
2021-01-03 00:00:00+00:00,0.02672,0.02672,0.02596,0.02596,81334.235879,-0.03314711359404088
2021-01-04 00:00:00+00:00,0.02981,0.0305,0.02963,0.0305,776715.25357019,0.1748844375963019
2021-01-05 00:00:00+00:00,0.03099,0.03099,0.02702,0.02868,15990756.78782762,-0.059672131147541
2021-01-06 00:00:00+00:00,0.02863,0.02869,0.02779,0.02804,1773613.35616024,-0.02231520223152028
2021-01-07 00:00:00+00:00,0.03057,0.03057,0.03004,0.03004,86416.74891207,0.07132667617689026
2021-01-08 00:00:00+00:00,0.03078,0.031,0.03078,0.03099,683006.3391344,0.03162450066577893
2021-01-09 00:00:00+00:00,0.03055,0.03066,0.03055,0.03059,589301.32455619,-0.012907389480477649
2021-01-10 00:00:00+00:00,0.03422,0.03602,0.03416,0.03556,616868.00908547,0.1624713958810069
2021-01-11 00:00:00+00:00,0.03232,0.03241,0.0321,0.03241,72647.97405901,-0.08858267716535428
2021-01-12 00:00:00+00:00,0.02897,0.02897,0.02848,0.02848,48865.68941558,-0.12125887071891395
2021-01-13 00:00:00+00:00,0.02849,0.02849,0.02849,0.02849,1748.88067264,0.00035112359550582006
2021-01-14 00:00:00+00:00,0.03083,0.0314,0.0305,0.03073,1299927.33827893,0.07862407862407861
2021-01-15 00:00:00+00:00,0.03042,0.03049,0.03038,0.03038,10076.21366708,-0.011389521640091105
2021-01-16 00:00:00+00:00,0.02975,0.02998,0.02975,0.02995,5607746.03998929,-0.014154048716260692
2021-01-17 00:00:00+00:00,0.03,0.0304,0.0298,0.0304,115342.68135213,0.015025041736226985
2021-01-18 00:00:00+00:00,0.03019,0.03037,0.03019,0.03037,55574.45180855,-0.0009868421052631193
2021-01-19 00:00:00+00:00,0.03169,0.03174,0.03135,0.03136,1083770.53877325,0.03259795851168912
2021-01-20 00:00:00+00:00,0.03066,0.03106,0.03053,0.03106,25636.051303,-0.00956632653061218
2021-01-21 00:00:00+00:00,0.03051,0.03052,0.03037,0.03038,45779.9917635,-0.021893110109465597
2021-01-22 00:00:00+00:00,0.02763,0.02763,0.02736,0.02736,690332.42842699,-0.09940750493745887
2021-01-23 00:00:00+00:00,0.02849,0.0285,0.02849,0.0285,368795.36983872,0.04166666666666674
2021-01-24 00:00:00+00:00,0.02935,0.02942,0.02935,0.02936,63596.43502009,0.03017543859649119
2021-01-25 00:00:00+00:00,0.0301,0.0302,0.0301,0.0302,28010.40118288,0.028610354223433276
2021-01-26 00:00:00+00:00,0.02938,0.02939,0.0293,0.02939,19939.15755713,-0.02682119205298017
2021-01-27 00:00:00+00:00,0.02917,0.02917,0.02898,0.02898,45478.15568025,-0.013950323239196982
2021-01-28 00:00:00+00:00,0.02824,0.02824,0.02819,0.02819,205000.0,-0.027260179434092424
2021-01-29 00:00:00+00:00,0.02979,0.03015,0.02976,0.03011,81677.35097527,0.0681092586023413
2021-01-30 00:00:00+00:00,0.03327,0.03344,0.03301,0.03305,71564.1118733,0.09764197940883435
2021-01-31 00:00:00+00:00,0.03218,0.03218,0.03175,0.03175,97964.6188385,-0.039334341906202774
2021-02-01 00:00:00+00:00,0.03155,0.03484,0.03127,0.03311,20814430.12588332,0.042834645669291405
2021-02-02 00:00:00+00:00,0.03309,0.0335,0.03309,0.0335,885290.91043817,0.011778918755662948
2021-02-03 00:00:00+00:00,0.03336,0.03359,0.03333,0.03359,292082.37030326,0.0026865671641791433
2021-02-04 00:00:00+00:00,0.03455,0.03481,0.03432,0.03432,366652.8513627,0.021732658529324267
2021-02-05 00:00:00+00:00,0.03319,0.03348,0.0331,0.03348,315313.51529825,-0.02447552447552448
2021-02-06 00:00:00+00:00,0.03622,0.03622,0.0336,0.0351,17942648.19973085,0.048387096774193505
2021-02-07 00:00:00+00:00,0.03508,0.0373,0.03407,0.03608,28883330.49055551,0.02792022792022797
2021-02-08 00:00:00+00:00,0.03608,0.04179,0.03537,0.04035,32904937.98080355,0.11834811529933464
2021-02-09 00:00:00+00:00,0.0402,0.05084,0.0402,0.04616,60859025.23654063,0.1439900867410162
2021-02-10 00:00:00+00:00,0.04639,0.0498,0.04156,0.04629,28199498.65278403,0.0028162911611784303
2021-02-11 00:00:00+00:00,0.04628,0.0591,0.04452,0.05698,41939929.85886152,0.2309354072153813
2021-02-12 00:00:00+00:00,0.057,0.05781,0.05188,0.05534,29507493.92843936,-0.028782028782028846
2021-02-13 00:00:00+00:00,0.05555,0.06119,0.0519,0.06032,24506282.75498481,0.08998915793277917
2021-02-14 00:00:00+00:00,0.06032,0.06032,0.05255,0.05552,23990757.15682293,-0.07957559681697612
2021-02-15 00:00:00+00:00,0.05565,0.05625,0.04501,0.051,28953051.46639046,-0.08141210374639773
2021-02-16 00:00:00+00:00,0.05076,0.05507,0.0495,0.05214,12999791.64505546,0.022352941176470686
2021-02-17 00:00:00+00:00,0.05187,0.05375,0.04896,0.05257,14882609.8434694,0.008247027234369098
2021-02-18 00:00:00+00:00,0.05283,0.05561,0.05232,0.05484,16465408.65859874,0.043180521209815526
2021-02-19 00:00:00+00:00,0.05499,0.06435,0.05417,0.06084,30598467.75702386,0.10940919037199115
2021-02-20 00:00:00+00:00,0.06084,0.06354,0.05503,0.05787,46501621.87614456,-0.04881656804733725
2021-02-21 00:00:00+00:00,0.05785,0.06124,0.05652,0.05943,47166940.04825139,0.026956972524624145
2021-02-22 00:00:00+00:00,0.05955,0.05955,0.038,0.05439,52578512.54775417,-0.08480565371024729
2021-02-23 00:00:00+00:00,0.05455,0.05455,0.04004,0.04541,45593114.90616629,-0.1651038793895937
2021-02-24 00:00:00+00:00,0.04542,0.05063,0.04375,0.04831,14571817.6462184,0.06386258533362699
2021-02-25 00:00:00+00:00,0.04798,0.05,0.04494,0.04523,16156641.03408193,-0.06375491616642515
2021-02-26 00:00:00+00:00,0.04497,0.04686,0.04253,0.04512,7518435.45561502,-0.0024320141499004633
2021-02-27 00:00:00+00:00,0.04529,0.04839,0.04526,0.04669,13828279.94445144,0.03479609929078009
2021-02-28 00:00:00+00:00,0.0462,0.04682,0.0433,0.04562,8665745.89379514,-0.02291711287213538
2021-03-01 00:00:00+00:00,0.04575,0.04821,0.04511,0.04776,26647561.93336025,0.04690925032880311
2021-03-02 00:00:00+00:00,0.04795,0.04891,0.0455,0.04683,4428494.95348033,-0.019472361809045213
2021-03-03 00:00:00+00:00,0.047,0.04972,0.047,0.049,9443584.35160288,0.04633781763826628
2021-03-04 00:00:00+00:00,0.04873,0.05331,0.04856,0.05122,13320346.42894409,0.04530612244897969
2021-03-05 00:00:00+00:00,0.05118,0.05127,0.04843,0.05006,11881045.31168944,-0.022647403358063256
2021-03-06 00:00:00+00:00,0.05056,0.05075,0.049,0.05034,5635114.54089964,0.0055932880543347885
2021-03-07 00:00:00+00:00,0.05045,0.05184,0.05012,0.05176,4426924.3354204,0.02820818434644412
2021-03-08 00:00:00+00:00,0.05194,0.05325,0.05037,0.05284,7450841.67629845,0.02086553323029361
2021-03-09 00:00:00+00:00,0.053,0.0536,0.05215,0.05317,5608378.0649521,0.006245268735806331
2021-03-10 00:00:00+00:00,0.05319,0.0534,0.0505,0.05158,6991108.52362238,-0.0299040812488246
2021-03-11 00:00:00+00:00,0.05134,0.05183,0.04976,0.05144,3953444.44437512,-0.0027142303218301578
2021-03-12 00:00:00+00:00,0.05164,0.05164,0.04879,0.05,8708610.5603479,-0.027993779160186527
2021-03-13 00:00:00+00:00,0.04952,0.0538,0.04881,0.0529,13626533.34753327,0.05800000000000005
2021-03-14 00:00:00+00:00,0.0529,0.05374,0.051,0.05113,8110692.31992784,-0.03345935727788285
2021-03-15 00:00:00+00:00,0.05118,0.05204,0.0484,0.05071,7988657.05005543,-0.0082143555642481
2021-03-16 00:00:00+00:00,0.05067,0.05317,0.04915,0.05227,8369956.81696351,0.030763163084204237
2021-03-17 00:00:00+00:00,0.05249,0.05575,0.052,0.05481,9491671.12998651,0.04859383967859188
2021-03-18 00:00:00+00:00,0.05487,0.05516,0.05288,0.05339,6452948.26727055,-0.02590768108009478
2021-03-19 00:00:00+00:00,0.05331,0.0595,0.05219,0.05865,9895857.31638666,0.09852032215770734
2021-03-20 00:00:00+00:00,0.05902,0.06835,0.05902,0.06066,16288993.08132587,0.03427109974424547
