time,TUSD open,TUSD high,TUSD low,TUSD close,TUSD volume,TUSD daily_return
2019-03-20 00:00:00+00:00,1.0,1.001,0.998,0.999,32233.16840936,
2019-03-21 00:00:00+00:00,0.999,1.001,0.999,0.999,10749.33011474,0.0
2019-03-22 00:00:00+00:00,0.999,1.003,0.999,1.002,975.51304304,0.0030030030030030463
2019-03-23 00:00:00+00:00,1.001,1.002,0.999,1.001,2317.60207572,-0.0009980039920161055
2019-03-24 00:00:00+00:00,1.001,1.001,1.001,1.001,304.0,0.0
2019-03-25 00:00:00+00:00,0.999,0.999,0.999,0.999,925.41262494,-0.0019980019980019303
2019-03-26 00:00:00+00:00,1.001,1.003,0.998,0.998,18344.2475539,-0.0010010010010009784
2019-03-27 00:00:00+00:00,0.999,1.001,0.999,1.001,756.4612394,0.0030060120240480437
2019-03-28 00:00:00+00:00,1.001,1.001,0.999,0.999,4662.79785158,-0.0019980019980019303
2019-03-29 00:00:00+00:00,1.001,1.001,1.001,1.001,8117.36141824,0.002002002002001957
2019-03-30 00:00:00+00:00,1.001,1.001,0.999,1.001,1809.77286302,0.0
2019-03-31 00:00:00+00:00,0.999,1.001,0.998,1.001,36396.18684826,0.0
2019-04-01 00:00:00+00:00,0.999,1.001,0.998,1.001,12523.68249396,0.0
2019-04-02 00:00:00+00:00,1.001,1.01,0.998,1.003,123915.66434829,0.0019980019980019303
2019-04-03 00:00:00+00:00,1.002,1.004,0.998,1.002,141237.30459453,-0.0009970089730806375
2019-04-04 00:00:00+00:00,1.001,1.001,0.999,0.999,54558.48386794,-0.0029940119760478723
2019-04-05 00:00:00+00:00,0.999,1.0,0.998,0.999,9847.02800177,0.0
2019-04-06 00:00:00+00:00,0.999,1.001,0.998,1.0,13674.33359312,0.0010010010010010895
2019-04-07 00:00:00+00:00,0.999,1.002,0.999,1.001,160636.22356161,0.0009999999999998899
2019-04-08 00:00:00+00:00,0.999,1.005,0.998,0.999,393272.28306326,-0.0019980019980019303
2019-04-09 00:00:00+00:00,0.999,1.001,0.997,1.0,107933.66194968,0.0010010010010010895
2019-04-10 00:00:00+00:00,1.0,1.002,0.998,1.001,178360.20033242,0.0009999999999998899
2019-04-11 00:00:00+00:00,1.0,1.003,0.999,1.001,41940.20296004,0.0
2019-04-12 00:00:00+00:00,0.999,1.001,0.999,0.999,30495.92127806,-0.0019980019980019303
2019-04-13 00:00:00+00:00,1.001,1.001,1.001,1.001,185.48752036,0.002002002002001957
2019-04-14 00:00:00+00:00,1.001,1.002,0.999,0.999,55957.5390467,-0.0019980019980019303
2019-04-15 00:00:00+00:00,1.005,1.05,0.999,1.001,200155.20202264,0.002002002002001957
2019-04-16 00:00:00+00:00,1.001,1.001,0.999,1.001,6670.2801168,0.0
2019-04-17 00:00:00+00:00,1.001,1.002,0.999,0.999,79929.030772,-0.0019980019980019303
2019-04-18 00:00:00+00:00,0.999,1.0,0.999,1.0,3972.0312319,0.0010010010010010895
2019-04-19 00:00:00+00:00,1.0,1.001,0.999,0.999,20564.32135402,-0.0010000000000000009
2019-04-20 00:00:00+00:00,0.999,1.001,0.999,1.0,5784.5245258,0.0010010010010010895
2019-04-21 00:00:00+00:00,0.999,1.001,0.999,1.0,2210.22990408,0.0
2019-04-22 00:00:00+00:00,1.0,1.001,0.999,0.999,11133.32638354,-0.0010000000000000009
2019-04-23 00:00:00+00:00,1.001,1.001,0.999,0.999,10174.40439284,0.0
2019-04-24 00:00:00+00:00,1.001,1.002,0.999,1.0,59498.99995128,0.0010010010010010895
2019-04-25 00:00:00+00:00,1.0,1.01,0.999,1.008,104265.88651074,0.008000000000000007
2019-04-26 00:00:00+00:00,1.007,1.025,0.999,1.022,25426.99890252,0.01388888888888884
2019-04-27 00:00:00+00:00,1.021,1.022,1.004,1.004,1246.92966518,-0.017612524461839585
2019-04-28 00:00:00+00:00,1.004,1.004,1.0,1.0,11946.45653502,-0.003984063745019917
2019-04-29 00:00:00+00:00,0.999,1.0,0.999,1.0,21096.54536238,0.0
2019-04-30 00:00:00+00:00,1.002,1.002,0.999,1.001,8524.35868362,0.0009999999999998899
2019-05-01 00:00:00+00:00,1.002,1.002,0.999,1.002,58014.00232032,0.0009990009990010762
2019-05-02 00:00:00+00:00,1.001,1.001,1.001,1.001,621.04634248,-0.0009980039920161055
2019-05-03 00:00:00+00:00,1.001,1.002,1.001,1.002,22260.34666552,0.0009990009990010762
2019-05-04 00:00:00+00:00,1.001,1.004,0.999,1.002,19080.37180754,0.0
2019-05-05 00:00:00+00:00,1.00199,1.00298,1.00199,1.00298,1004.0,0.0009780439121755968
2019-05-06 00:00:00+00:00,1.00001,1.00298,1.00001,1.00001,6496.5835617,-0.0029611756964246227
2019-05-07 00:00:00+00:00,1.00199,1.00199,0.99901,1.00138,1384.5595083,0.0013699863001368495
2019-05-08 00:00:00+00:00,1.00199,1.002,0.999,1.00199,26054.16516442,0.0006091593600829892
2019-05-09 00:00:00+00:00,0.99901,1.067,0.999,1.06699,33132.18416042,0.06487090689527863
2019-05-10 00:00:00+00:00,1.002,1.006,1.0001,1.00292,23167.77945184,-0.06004742312486533
2019-05-11 00:00:00+00:00,1.0,1.0196,1.0,1.00599,59607.35619081,0.0030610616998363316
2019-05-12 00:00:00+00:00,1.009,1.04999,0.99935,1.00199,51608.76226463,-0.003976182665831662
2019-05-13 00:00:00+00:00,0.999,1.00999,0.99698,1.00898,274839.2113212,0.006976117526123149
2019-05-14 00:00:00+00:00,0.9995,1.003,0.998,1.0,102887.42107234,-0.008900077305794007
2019-05-15 00:00:00+00:00,1.0,1.00599,0.998,1.0,89461.29516999,0.0
2019-05-16 00:00:00+00:00,1.0,1.002,0.9975,1.0015,108896.97873464,0.0015000000000000568
2019-05-17 00:00:00+00:00,1.00149,1.00599,0.994,1.0005,86781.52105049,-0.0009985022466301174
2019-05-18 00:00:00+00:00,0.99801,1.0015,0.998,0.9985,40237.60418731,-0.001999000499749992
2019-05-19 00:00:00+00:00,1.00048,1.001,0.9985,1.001,98311.53745938,0.0025037556334499556
2019-05-20 00:00:00+00:00,0.9985,1.002,0.9985,1.002,152203.12505886,0.0009990009990010762
2019-05-21 00:00:00+00:00,1.0,1.0005,0.9985,1.0005,31981.43851809,-0.0014970059880240472
2019-05-22 00:00:00+00:00,0.99901,1.002,0.9985,1.002,68628.59466444,0.0014992503748125774
2019-05-23 00:00:00+00:00,0.9995,1.002,0.9985,1.002,48711.68316711,0.0
2019-05-24 00:00:00+00:00,1.001,1.002,0.9985,0.9985,28877.96275663,-0.003493013972055814
2019-05-25 00:00:00+00:00,0.999,1.0025,0.9985,0.999,52361.00433823,0.0005007511266899023
2019-05-26 00:00:00+00:00,0.999,1.0025,0.99701,1.0025,45726.59488208,0.003503503503503369
2019-05-27 00:00:00+00:00,0.998,1.0025,0.99705,1.002,23233.604164,-0.0004987531172069293
2019-05-28 00:00:00+00:00,1.002,1.002,0.998,0.999,57544.5759743,-0.0029940119760478723
2019-05-29 00:00:00+00:00,1.002,1.002,0.998,0.999,25760.42976752,0.0
2019-05-30 00:00:00+00:00,0.999,1.002,0.9975,1.002,136660.87138848,0.0030030030030030463
2019-05-31 00:00:00+00:00,0.999,1.002,0.999,1.0,139931.37713603,-0.001996007984031989
2019-06-01 00:00:00+00:00,1.0,1.002,0.999,0.999,11774.50820593,-0.0010000000000000009
2019-06-02 00:00:00+00:00,0.999,1.002,0.999,0.999,28938.08825763,0.0
2019-06-03 00:00:00+00:00,0.999,1.0005,0.999,1.0005,8650.54743614,0.0015015015015014122
2019-06-04 00:00:00+00:00,0.999,1.01,0.9985,1.01,58893.32968824,0.009495252373813212
2019-06-05 00:00:00+00:00,1.00959,1.0455,1.00001,1.002,19615.49068919,-0.007920792079207928
2019-06-06 00:00:00+00:00,1.00002,1.003,1.00002,1.003,15777.08708723,0.0009980039920158834
2019-06-07 00:00:00+00:00,1.003,1.003,0.9995,1.0,99114.442819,-0.0029910269192421346
2019-06-08 00:00:00+00:00,1.0005,1.001,1.0,1.0005,20861.42009566,0.0004999999999999449
2019-06-09 00:00:00+00:00,1.001,1.001,0.9995,1.0005,11373.34091319,0.0
2019-06-10 00:00:00+00:00,1.0005,1.001,0.9995,1.0,42011.34982285,-0.0004997501249375258
2019-06-11 00:00:00+00:00,1.00024,1.00025,0.99975,1.0,24869.90393932,0.0
2019-06-12 00:00:00+00:00,0.9997,1.00098,0.999,1.00098,96982.07888948,0.0009799999999999809
2019-06-13 00:00:00+00:00,1.0001,1.0005,0.99901,1.00009,24848.45253665,-0.0008891286539192134
2019-06-14 00:00:00+00:00,1.0001,1.0001,0.99926,1.0,27699.23991533,-8.999190072889185e-05
2019-06-15 00:00:00+00:00,1.0,1.0005,0.99901,1.00049,23838.22128778,0.0004900000000001015
2019-06-16 00:00:00+00:00,0.99905,1.00099,0.998,0.99999,198958.09429031,-0.0004997551199912298
2019-06-17 00:00:00+00:00,1.0,1.0,0.99893,1.0,104729.41518968,1.0000100000961964e-05
2019-06-18 00:00:00+00:00,0.99927,1.0,0.9985,0.9985,50442.83662784,-0.0014999999999999458
2019-06-19 00:00:00+00:00,0.9985,0.9999,0.9985,0.9999,5167.68105708,0.0014021031547319929
2019-06-20 00:00:00+00:00,0.99851,0.9999,0.9985,0.9999,11151.39296306,0.0
2019-06-21 00:00:00+00:00,0.9999,1.0,0.99851,1.0,23326.75806603,0.00010001000100001711
2019-06-22 00:00:00+00:00,1.0,1.0005,0.998,0.99802,80033.75919777,-0.0019799999999999818
2019-06-23 00:00:00+00:00,0.99802,0.9995,0.99402,0.99899,340351.02962517,0.0009719244103325586
2019-06-24 00:00:00+00:00,0.999,0.9995,0.992,0.9995,65076.71247784,0.0005105156207769745
2019-06-25 00:00:00+00:00,0.999,0.9995,0.99201,0.9995,32644.98613885,0.0
2019-06-26 00:00:00+00:00,0.9999,1.0,0.975,0.98898,193581.36749649,-0.010525262631315702
2019-06-27 00:00:00+00:00,0.99589,1.0,0.98,0.99988,83659.44793692,0.011021456450079903
2019-06-28 00:00:00+00:00,0.9998,0.99988,0.99452,0.99987,14052.48872018,-1.0001200143938682e-05
2019-06-29 00:00:00+00:00,0.99988,0.99988,0.99711,0.99988,7668.57498842,1.0001300168926974e-05
2019-06-30 00:00:00+00:00,0.99988,0.99988,0.99701,0.99988,2767.23755061,0.0
2019-07-01 00:00:00+00:00,0.99988,0.99988,0.995,0.99988,33497.95710715,0.0
2019-07-02 00:00:00+00:00,1.0,1.002,0.99553,0.99721,72290.72062192,-0.0026703204384526114
2019-07-03 00:00:00+00:00,1.00199,1.002,0.9972,1.002,13178.4793239,0.004803401490157455
2019-07-04 00:00:00+00:00,1.002,1.0022,1.0,1.00099,3504.47847409,-0.0010079840319361377
2019-07-05 00:00:00+00:00,0.99759,1.00099,0.99552,1.0,65808.53001434,-0.0009890208693393854
2019-07-06 00:00:00+00:00,1.00098,1.00098,0.99202,1.0,27669.0021531,0.0
2019-07-07 00:00:00+00:00,0.99501,1.0,0.99203,0.998,19910.75565522,-0.0020000000000000018
2019-07-08 00:00:00+00:00,0.99701,1.0,0.996,1.0,11545.30572016,0.002004008016031955
2019-07-09 00:00:00+00:00,1.0,1.00098,0.996,0.99701,78134.20873828,-0.002990000000000048
2019-07-10 00:00:00+00:00,0.999,1.002,0.998,0.998,24776.22510079,0.0009929689772421035
2019-07-11 00:00:00+00:00,0.999,1.0022,0.998,1.0,17732.26934931,0.002004008016031955
2019-07-12 00:00:00+00:00,0.998,1.002,0.998,1.0,1193.47132903,0.0
2019-07-13 00:00:00+00:00,1.0,1.0,0.999,1.0,12126.06696585,0.0
2019-07-14 00:00:00+00:00,0.999,1.001,0.998,0.99801,12820.98690473,-0.0019900000000000473
2019-07-15 00:00:00+00:00,0.998,1.00219,0.998,1.002,7144.18199468,0.0039979559323053415
2019-07-16 00:00:00+00:00,1.0,1.002,0.998,1.0,14726.63800269,-0.001996007984031989
2019-07-17 00:00:00+00:00,0.998,1.00099,0.998,1.00099,19668.97367154,0.0009900000000000464
2019-07-18 00:00:00+00:00,1.001,1.01211,1.0,1.00189,81916.11137464,0.0008991098812174414
2019-07-19 00:00:00+00:00,1.0,1.0023,1.0,1.002,65034.74527214,0.00010979249218978637
2019-07-20 00:00:00+00:00,1.002,1.002,1.0,1.0,36133.31671958,-0.001996007984031989
2019-07-21 00:00:00+00:00,1.0,1.002,0.9985,1.0,22297.2200042,0.0
2019-07-22 00:00:00+00:00,1.001,1.002,1.0,1.0,10011.11804926,0.0
2019-07-23 00:00:00+00:00,1.001,1.002,1.0,1.0,47791.1214637,0.0
2019-07-24 00:00:00+00:00,0.9985,1.001,0.9985,1.001,6042.37498853,0.0009999999999998899
2019-07-25 00:00:00+00:00,1.0,1.002,1.0,1.001,8579.09991757,0.0
2019-07-26 00:00:00+00:00,1.0,1.001,1.0,1.0,7904.98356078,-0.0009990009990008542
2019-07-27 00:00:00+00:00,1.00129,1.00249,0.9995,1.0,56584.84261368,0.0
2019-07-28 00:00:00+00:00,1.0,1.002,1.0,1.001,1066.92249354,0.0009999999999998899
2019-07-29 00:00:00+00:00,1.002,1.002,1.0,1.0019,1485.81449382,0.0008991008991010574
2019-07-30 00:00:00+00:00,1.0,1.00199,1.0,1.00199,17668.56963795,8.982932428369672e-05
2019-07-31 00:00:00+00:00,1.00199,1.0024,1.0,1.0,12221.84154032,-0.001986047764947707
2019-08-01 00:00:00+00:00,1.0,1.0024,0.999,1.002,23654.51391367,0.0020000000000000018
2019-08-02 00:00:00+00:00,1.001,1.0015,1.0,1.0015,5348.84721054,-0.0004990019960079417
2019-08-03 00:00:00+00:00,1.0015,1.0015,1.0,1.0,315.38022158,-0.0014977533699451762
2019-08-04 00:00:00+00:00,0.999,1.0,0.9985,0.999,7198.03690851,-0.0010000000000000009
2019-08-05 00:00:00+00:00,1.0,1.0015,0.9985,1.001,8850.43478566,0.002002002002001957
2019-08-06 00:00:00+00:00,1.0,1.0024,1.0,1.0005,13968.49888009,-0.0004995004995004271
2019-08-07 00:00:00+00:00,1.0,1.0005,0.9985,1.0005,20486.84116113,0.0
2019-08-08 00:00:00+00:00,1.0,1.0005,1.0,1.00001,2175.82136622,-0.0004897551224386509
2019-08-09 00:00:00+00:00,1.0,1.00299,1.0,1.0,19973.91572545,-9.999900001056439e-06
2019-08-10 00:00:00+00:00,1.0,1.00199,0.99751,1.00199,17014.81134625,0.0019899999999999363
2019-08-11 00:00:00+00:00,1.00008,1.0001,0.99363,0.99799,2379.463812,-0.0039920558089401315
2019-08-12 00:00:00+00:00,0.998,1.00009,0.99732,1.00009,1186.22,0.0021042295012974055
2019-08-13 00:00:00+00:00,1.0001,1.0025,1.0001,1.00249,2377.24957409,0.0023997840194385223
2019-08-14 00:00:00+00:00,1.002,1.00249,0.99914,0.99952,4334.6967768,-0.0029626230685594335
2019-08-15 00:00:00+00:00,1.0,1.001,0.998,0.99802,44636.68269792,-0.0015007203457658713
2019-08-16 00:00:00+00:00,0.99899,1.0,0.995,0.999,34860.15472919,0.000981944249614175
2019-08-17 00:00:00+00:00,0.999,0.999,0.99601,0.999,27973.07817277,0.0
2019-08-18 00:00:00+00:00,1.0,1.0,0.997,0.999,3276.93240892,0.0
2019-08-19 00:00:00+00:00,0.999,1.0,0.99751,1.0,5076.72338256,0.0010010010010010895
2019-08-20 00:00:00+00:00,0.99999,0.99999,0.9985,0.9985,1082.68824758,-0.0014999999999999458
2019-08-21 00:00:00+00:00,0.99999,1.001,0.99851,1.0,27865.91795226,0.001502253380070151
2019-08-22 00:00:00+00:00,1.00099,1.00099,1.0,1.00099,1691.03802148,0.0009900000000000464
2019-08-23 00:00:00+00:00,1.0,1.00249,1.0,1.00122,16249.30213237,0.00022977252520006708
2019-08-24 00:00:00+00:00,1.00122,1.002,1.00001,1.00185,18761.2945941,0.0006292323365493235
2019-08-25 00:00:00+00:00,1.0,1.002,1.0,1.002,6462.00932183,0.00014972301242699437
2019-08-26 00:00:00+00:00,1.002,1.00799,1.0,1.00799,74095.08112906,0.00597804391217549
2019-08-27 00:00:00+00:00,1.008,1.01099,1.0,1.003,30119.46023852,-0.004950445936963699
2019-08-28 00:00:00+00:00,1.005,1.011,1.0,1.0,24390.15795812,-0.0029910269192421346
2019-08-29 00:00:00+00:00,1.00128,1.011,1.00001,1.00001,12935.22862832,1.0000000000065512e-05
2019-08-30 00:00:00+00:00,1.00001,1.00001,1.00001,1.00001,17097.34524,0.0
2019-09-01 00:00:00+00:00,1.00001,1.00002,1.00001,1.00002,9010.923168,9.999900000945416e-06
2019-09-02 00:00:00+00:00,1.00001,1.00198,1.0,1.0,5538.0787262,-1.999960000786949e-05
2019-09-03 00:00:00+00:00,1.00049,1.286,1.0,1.00399,53867.72668759,0.003989999999999938
2019-09-04 00:00:00+00:00,1.00397,1.01,1.0,1.003,8649.67565152,-0.0009860655982629751
2019-09-05 00:00:00+00:00,1.00398,1.00398,1.0,1.0,2646.33064824,-0.0029910269192421346
2019-09-06 00:00:00+00:00,1.0,1.003,0.99,0.997,171563.41287397,-0.0030000000000000027
2019-09-07 00:00:00+00:00,1.00133,1.0015,0.99853,0.99862,10726.9944642,0.0016248746238716194
2019-09-08 00:00:00+00:00,0.99852,0.99853,0.99851,0.99851,2499.79473317,-0.0001101520097733788
2019-09-09 00:00:00+00:00,0.99851,1.001,0.9985,1.00001,3496.79224099,0.0015022383351193103
2019-09-10 00:00:00+00:00,1.00001,1.00099,1.0,1.0,1060.2779816,-9.999900001056439e-06
2019-09-11 00:00:00+00:00,1.0,1.0,0.99997,0.99997,47.35842371,-2.999999999997449e-05
2019-09-12 00:00:00+00:00,0.99999,0.99999,0.999,0.99999,9673.4236802,2.0000600017944237e-05
2019-09-13 00:00:00+00:00,1.0,1.0,0.999,0.999,1245.33006832,-0.0009900099000990092
2019-09-14 00:00:00+00:00,0.99901,1.0,0.9985,0.99902,3882.6192822,2.0020020019995144e-05
2019-09-16 00:00:00+00:00,0.99999,1.00699,0.99998,1.001,7238.2554183,0.0019819423034572736
2019-09-17 00:00:00+00:00,1.00199,1.00299,1.0,1.0,9100.40067211,-0.0009990009990008542
2019-09-18 00:00:00+00:00,1.0,1.00399,1.0,1.0,20404.19697978,0.0
2019-09-19 00:00:00+00:00,1.004,1.00898,0.99951,0.99952,11064.05733278,-0.00048000000000003595
2019-09-20 00:00:00+00:00,1.00092,1.004,0.9995,0.99951,1147.53751,-1.000480230506362e-05
2019-09-21 00:00:00+00:00,0.9995,0.99951,0.9995,0.99951,5393.49463682,0.0
2019-09-22 00:00:00+00:00,0.99951,1.002,0.99951,1.002,5277.6928323,0.002491220698142005
2019-09-23 00:00:00+00:00,1.00001,1.004,1.0,1.00001,3082.49440122,-0.0019860279441117346
2019-09-24 00:00:00+00:00,1.00299,1.00798,0.997,0.99901,65324.96184073,-0.0009999900001000928
2019-09-25 00:00:00+00:00,1.00249,1.00389,0.999,0.99901,28192.11721816,0.0
2019-09-26 00:00:00+00:00,0.999,1.006,0.999,1.0035,19912.93790226,0.004494449505010101
2019-09-27 00:00:00+00:00,0.99984,0.99984,0.999,0.999,4799.17156543,-0.004484304932735439
2019-09-28 00:00:00+00:00,0.99998,0.99999,0.99901,0.99998,4305.27169035,0.0009809809809808723
2019-09-29 00:00:00+00:00,0.99901,0.99901,0.999,0.999,3282.35650859,-0.000980019600391957
2019-09-30 00:00:00+00:00,0.999,0.99999,0.999,0.99999,10762.47001783,0.0009909909909910919
2019-10-01 00:00:00+00:00,0.99902,0.99999,0.99901,0.9995,3663.73981513,-0.0004900049000490236
2019-10-02 00:00:00+00:00,0.9995,0.99999,0.9995,0.9995,3652.88301965,0.0
2019-10-03 00:00:00+00:00,0.99998,0.99999,0.99998,0.99999,22077.4722857,0.0004902451225612392
2019-10-04 00:00:00+00:00,0.99999,0.99999,0.99998,0.99999,16409.67135245,0.0
2019-10-05 00:00:00+00:00,0.99999,1.003,0.99998,1.003,2747.32904292,0.0030100301003008756
2019-10-06 00:00:00+00:00,0.99999,1.00298,0.99998,0.99998,19200.25361055,-0.003010967098703854
2019-10-07 00:00:00+00:00,0.99998,1.0025,0.99998,0.99998,8135.59471533,0.0
2019-10-08 00:00:00+00:00,1.00295,1.00295,0.99998,1.00053,999.52528095,0.0005500110002198966
2019-10-09 00:00:00+00:00,1.00053,1.009,0.99001,1.001,54851.19114656,0.00046975103195312506
2019-10-10 00:00:00+00:00,1.001,1.00202,1.00001,1.00001,2918.70567538,-0.00098901098901083
2019-10-11 00:00:00+00:00,1.00299,1.005,1.00001,1.00001,9181.0026344,0.0
2019-10-12 00:00:00+00:00,1.00001,1.00001,0.99998,0.99998,4749.18350178,-2.9999700003058294e-05
2019-10-13 00:00:00+00:00,0.99998,0.99998,0.99998,0.99998,12898.02907373,0.0
2019-10-14 00:00:00+00:00,0.99998,1.00198,0.99998,0.99999,32.31462907,1.0000200004078863e-05
2019-10-15 00:00:00+00:00,0.99999,1.00199,0.99998,1.00199,2291.95040424,0.0020000200001999424
2019-10-16 00:00:00+00:00,0.99999,1.00499,0.99998,0.99998,5474.64283566,-0.0020060080439924244
2019-10-17 00:00:00+00:00,0.99999,0.99999,0.99998,0.99998,8953.15418481,0.0
2019-10-18 00:00:00+00:00,0.99998,1.0025,0.999,1.0025,18379.02501312,0.0025200504010078895
2019-10-19 00:00:00+00:00,1.0025,1.0025,0.999,0.999,12462.47264422,-0.003491271820448838
2019-10-20 00:00:00+00:00,1.00199,1.00199,0.9971,0.9971,11223.33933506,-0.0019019019019018701
2019-10-21 00:00:00+00:00,0.9985,1.0025,0.9985,1.0025,3682.068062,0.005415705546083505
2019-10-22 00:00:00+00:00,0.99853,1.0025,0.9985,1.00198,13752.95753981,-0.0005187032418950688
2019-10-23 00:00:00+00:00,1.00198,1.00593,0.9971,1.00195,20005.97038798,-2.9940717379828286e-05
2019-10-24 00:00:00+00:00,0.99905,1.00195,0.9975,1.00195,6137.57640058,0.0
2019-10-25 00:00:00+00:00,1.00187,1.008,0.9985,1.005,20347.4393782,0.003044064075053532
2019-10-26 00:00:00+00:00,1.00699,1.041,0.99853,1.005,103796.34688744,0.0
2019-10-27 00:00:00+00:00,0.99933,0.99933,0.99853,0.99853,790.90537116,-0.006437810945273514
2019-10-28 00:00:00+00:00,0.99854,1.0025,0.99853,1.00149,18930.29557386,0.0029643576056803678
2019-10-29 00:00:00+00:00,1.00149,1.00151,0.9978,1.0015,22918.26018615,9.98512216798808e-06
2019-10-30 00:00:00+00:00,0.99782,1.0015,0.99782,0.99782,2769.05558177,-0.0036744882675986412
2019-10-31 00:00:00+00:00,1.0015,1.0015,1.0,1.0015,5979.91854724,0.0036880399270409203
2019-11-01 00:00:00+00:00,1.0,1.0015,0.999,1.0015,3395.94160979,0.0
2019-11-02 00:00:00+00:00,1.0015,1.0015,1.0015,1.0015,24.43396459,0.0
2019-11-04 00:00:00+00:00,1.00001,1.03,0.99901,0.99901,2005.50988245,-0.002486270594108886
2019-11-05 00:00:00+00:00,1.00289,1.00498,0.99901,0.99901,4694.78866182,0.0
2019-11-06 00:00:00+00:00,0.99901,0.99901,0.999,0.999,3221.17942674,-1.0009909810704265e-05
2019-11-07 00:00:00+00:00,1.0,1.00501,0.999,0.999,21150.7631218,0.0
2019-11-08 00:00:00+00:00,1.00199,1.00199,0.99901,1.00002,674.70436207,0.0010210210210208626
2019-11-09 00:00:00+00:00,1.00099,1.0035,1.0,1.001,23167.18351104,0.0009799804003920443
2019-11-10 00:00:00+00:00,1.001,1.00246,1.00098,1.00127,4690.4858288,0.00026973026973053926
2019-11-11 00:00:00+00:00,1.00126,1.004,1.00125,1.00126,10788.2721367,-9.987316108572841e-06
2019-11-12 00:00:00+00:00,1.0039,1.004,1.00126,1.00127,4162.38727979,9.9874158561164e-06
2019-11-13 00:00:00+00:00,1.00126,1.00701,0.9995,1.00499,9932.46680631,0.0037152815923775506
2019-11-14 00:00:00+00:00,1.00496,1.00499,1.00199,1.00201,2513.27126881,-0.0029652036338669863
2019-11-15 00:00:00+00:00,1.00201,1.00301,0.9995,0.9995,6263.88780628,-0.002504965020309169
2019-11-16 00:00:00+00:00,0.99951,0.99951,0.99951,0.99951,250.0,1.0005002501145555e-05
2019-11-17 00:00:00+00:00,0.99952,1.003,0.9995,1.00299,2922.11254932,0.0034817060359577656
2019-11-18 00:00:00+00:00,1.00299,1.004,0.9995,0.9995,4200.86109498,-0.0034795960079362365
2019-11-19 00:00:00+00:00,1.0,1.00199,0.9995,0.9995,1417.98726561,0.0
2019-11-20 00:00:00+00:00,0.9995,1.00248,0.9995,1.00248,1472.4411518,0.0029814907453726835
2019-11-21 00:00:00+00:00,1.00248,1.00249,0.9995,1.00249,18160.65056154,9.975261351824471e-06
2019-11-22 00:00:00+00:00,0.9995,1.00298,0.999,1.00298,30350.16247535,0.0004887829305029179
2019-11-23 00:00:00+00:00,0.99951,1.00092,0.9995,0.9995,767.97561262,-0.003469660411972275
2019-11-24 00:00:00+00:00,0.99952,1.00297,0.9995,0.9995,146.58833543,0.0
2019-11-25 00:00:00+00:00,0.99951,1.04,0.9995,0.9996,49824.12825176,0.00010005002501256577
2019-11-26 00:00:00+00:00,1.004,1.04,1.00199,1.002,2986.24180218,0.0024009603841537164
2019-11-27 00:00:00+00:00,1.002,1.004,0.9996,0.99961,2307.70937624,-0.0023852295409181323
2019-11-28 00:00:00+00:00,1.00029,1.004,0.9996,0.9996,329.72321574,-1.0003901521504766e-05
2019-11-29 00:00:00+00:00,0.99997,1.00099,0.99961,1.00099,75.79490122,0.001390556222488959
2019-11-30 00:00:00+00:00,0.99961,0.99961,0.99961,0.99961,112.55238192,-0.0013786351512004025
2019-12-01 00:00:00+00:00,0.99961,0.99961,0.99961,0.99961,252.81376102,0.0
2019-12-02 00:00:00+00:00,0.99951,1.00299,0.9995,0.9995,991.64024023,-0.0001100429167374406
2019-12-03 00:00:00+00:00,1.00289,1.0029,0.9995,1.0029,4696.1978169,0.0034017008504250157
2019-12-04 00:00:00+00:00,0.9995,1.004,0.9995,0.99951,1680.01500098,-0.0033801974274602076
2019-12-05 00:00:00+00:00,1.002,1.002,0.9995,0.9995,8096.43077015,-1.0004902402105387e-05
2019-12-06 00:00:00+00:00,1.002,1.004,1.002,1.004,4094.70254637,0.004502251125562795
2019-12-07 00:00:00+00:00,1.002,1.002,1.002,1.002,342.16641218,-0.0019920318725099584
2019-12-08 00:00:00+00:00,1.002,1.003,0.9995,0.9995,1537.28402622,-0.0024950099800398196
2019-12-09 00:00:00+00:00,1.004,1.006,1.0,1.006,10085.25456088,0.006503251625812778
2019-12-10 00:00:00+00:00,1.00968,1.01,1.0,1.00998,1502.2969221,0.003956262425447443
2019-12-11 00:00:00+00:00,0.99951,0.99951,0.9995,0.9995,1154.64673969,-0.010376443097883215
2019-12-13 00:00:00+00:00,1.00299,1.003,1.0,1.0,827.80878303,0.0005002501250623848
2019-12-14 00:00:00+00:00,1.003,1.003,1.0,1.003,2760.70162545,0.0029999999999998916
2019-12-15 00:00:00+00:00,1.00001,1.00001,1.00001,1.00001,28.10595862,-0.0029810568295113304
2019-12-16 00:00:00+00:00,1.0,1.00499,1.0,1.0,1289.90123871,-9.999900001056439e-06
2019-12-17 00:00:00+00:00,1.0,1.00001,1.0,1.00001,73.94018596,1.0000000000065512e-05
2019-12-18 00:00:00+00:00,1.00299,1.004,1.0,1.0,10399.06706781,-9.999900001056439e-06
2019-12-19 00:00:00+00:00,1.0,1.0,1.0,1.0,4992.14078572,0.0
2019-12-21 00:00:00+00:00,1.003,1.004,0.9995,0.9995,13533.61688946,-0.0004999999999999449
2019-12-22 00:00:00+00:00,1.00199,1.00199,0.9995,0.9995,3063.8848404,0.0
2019-12-23 00:00:00+00:00,0.9995,1.005,0.9995,1.005,1377.71364184,0.005502751375687787
2019-12-25 00:00:00+00:00,1.00001,1.00001,1.0,1.0,3000.0,-0.004975124378109319
2019-12-26 00:00:00+00:00,1.0,1.04,1.0,1.004,5063.12357861,0.0040000000000000036
2019-12-27 00:00:00+00:00,1.00699,1.007,0.9995,1.007,1014.60699055,0.0029880478087649376
2019-12-28 00:00:00+00:00,1.003,1.003,1.0,1.0,517.48389161,-0.006951340615690027
2019-12-30 00:00:00+00:00,0.9995,1.0,0.9995,0.9995,938.11084009,-0.0004999999999999449
2019-12-31 00:00:00+00:00,1.00128,1.00131,1.00128,1.00131,1968.58780855,0.0018109054527262192
2020-01-01 00:00:00+00:00,1.00132,1.00132,0.999,1.00131,2051.85003896,0.0
2020-01-02 00:00:00+00:00,1.00132,1.00132,0.99901,0.99901,1276.9150841,-0.002296990941866084
2020-01-03 00:00:00+00:00,1.0013,1.0013,0.999,0.999,2748.11599556,-1.0009909810704265e-05
2020-01-04 00:00:00+00:00,0.999,1.0013,0.999,0.999,4737.67710015,0.0
2020-01-05 00:00:00+00:00,0.999,1.0013,0.999,0.999,1070.94929512,0.0
2020-01-06 00:00:00+00:00,1.0009,1.00449,0.9975,1.00449,20187.54741063,0.00549549549549555
2020-01-07 00:00:00+00:00,0.99751,1.00449,0.9975,1.00449,11707.38627431,0.0
2020-01-08 00:00:00+00:00,1.00449,1.04,0.99503,1.00199,39316.1736667,-0.002488825174964626
2020-01-09 00:00:00+00:00,1.00399,1.00399,1.00398,1.00398,132.34398391,0.001986047764947818
2020-01-10 00:00:00+00:00,0.99505,1.003,0.99505,1.0,527.34094007,-0.0039642223948684885
2020-01-11 00:00:00+00:00,1.0,1.0,0.99652,0.99652,153.52740484,-0.0034800000000000386
2020-01-12 00:00:00+00:00,0.9975,0.9975,0.9975,0.9975,1141.92195344,0.0009834223096376604
2020-01-13 00:00:00+00:00,0.9975,1.003,0.9975,1.003,44.78750882,0.005513784461152804
2020-01-14 00:00:00+00:00,0.9975,1.004,0.99501,1.0,41693.08246747,-0.0029910269192421346
2020-01-15 00:00:00+00:00,1.0,1.005,0.99401,1.00396,39349.65165341,0.0039599999999999635
2020-01-16 00:00:00+00:00,1.00249,1.00499,1.00249,1.00499,3977.83969586,0.00102593728833833
2020-01-17 00:00:00+00:00,1.0039,1.005,0.99501,1.005,6484.99119402,9.950347764409173e-06
2020-01-18 00:00:00+00:00,0.99751,0.99751,0.9975,0.9975,687.00836767,-0.007462686567163979
2020-01-19 00:00:00+00:00,0.9975,1.0025,0.992,1.0025,12670.03519987,0.005012531328320691
2020-01-20 00:00:00+00:00,0.995,1.0,0.99101,1.0,2140.05390357,-0.0024937655860348684
2020-01-21 00:00:00+00:00,0.999,1.00299,0.999,1.00299,57.24346741,0.002990000000000048
2020-01-22 00:00:00+00:00,1.001,1.02,0.999,1.02,4642.45875626,0.01695929171776389
2020-01-23 00:00:00+00:00,0.999,1.004,0.99707,1.0,2300.46420885,-0.019607843137254943
2020-01-24 00:00:00+00:00,0.999,1.0,0.999,1.0,3813.70776855,0.0
2020-01-25 00:00:00+00:00,0.99501,0.99501,0.995,0.995,2621.85600668,-0.0050000000000000044
2020-01-26 00:00:00+00:00,0.9975,1.0,0.9975,0.999,4431.42714012,0.004020100502512669
2020-01-27 00:00:00+00:00,0.999,0.999,0.9975,0.998,33071.60176152,-0.0010010010010009784
2020-01-28 00:00:00+00:00,0.9975,1.00398,0.9975,1.0,24700.8881923,0.002004008016031955
2020-01-29 00:00:00+00:00,1.0,1.003,0.999,0.9995,44406.5300179,-0.0004999999999999449
2020-01-30 00:00:00+00:00,0.9995,1.003,0.9975,1.00099,63381.71959783,0.0014907453726862308
2020-01-31 00:00:00+00:00,1.00099,1.003,0.99502,1.0025,27098.41551241,0.0015085065784872231
2020-02-01 00:00:00+00:00,1.0015,1.0025,0.9975,1.0025,10143.1290797,0.0
2020-02-02 00:00:00+00:00,0.999,1.00249,0.999,0.999,24804.60772822,-0.003491271820448838
2020-02-03 00:00:00+00:00,0.999,1.0025,0.9985,1.001,48235.75958227,0.002002002002001957
2020-02-04 00:00:00+00:00,1.0,1.002,0.9975,0.9975,14674.37185407,-0.0034965034965033226
2020-02-05 00:00:00+00:00,1.0,1.0025,0.999,0.9995,41785.61849201,0.002005012531328232
2020-02-06 00:00:00+00:00,0.9995,1.0025,0.999,0.9995,69323.56745634,0.0
2020-02-07 00:00:00+00:00,0.9995,1.004,0.9995,0.9995,58296.34361032,0.0
2020-02-08 00:00:00+00:00,0.9995,1.004,0.999,1.0,81698.01082683,0.0005002501250623848
2020-02-09 00:00:00+00:00,0.999,1.0025,0.998,1.002,69179.00345765,0.0020000000000000018
2020-02-10 00:00:00+00:00,1.002,1.0025,0.9975,1.0,44390.27437065,-0.001996007984031989
2020-02-11 00:00:00+00:00,1.0,1.003,0.9975,1.0,40401.38948171,0.0
2020-02-12 00:00:00+00:00,1.0,1.003,0.9975,0.9996,66947.12089056,-0.00039999999999995595
2020-02-13 00:00:00+00:00,0.99999,1.01998,0.9975,0.99755,14546.89945722,-0.0020508203281311976
2020-02-14 00:00:00+00:00,1.004,1.004,0.9975,0.998,17765.20515209,0.00045110520775892837
2020-02-15 00:00:00+00:00,1.0,1.01995,0.9975,1.002,34644.54138776,0.004008016032064132
2020-02-16 00:00:00+00:00,1.003,1.00997,0.99751,0.998,29467.40157746,-0.003992015968063867
2020-02-17 00:00:00+00:00,0.998,1.005,0.99751,0.9995,54724.79201996,0.0015030060120240218
2020-02-18 00:00:00+00:00,0.9995,1.033,0.999,1.0,77579.64584756,0.0005002501250623848
2020-02-19 00:00:00+00:00,1.00198,1.003,0.999,0.9995,113722.99975182,-0.0004999999999999449
2020-02-20 00:00:00+00:00,0.9995,1.002,0.9995,0.9995,79109.59661594,0.0
2020-02-21 00:00:00+00:00,1.0,1.003,0.9995,0.9995,81157.5961922,0.0
2020-02-22 00:00:00+00:00,0.9995,1.002,0.9995,0.9995,5001.21874527,0.0
2020-02-23 00:00:00+00:00,0.9995,1.002,0.999,0.9995,95729.88710885,0.0
2020-02-24 00:00:00+00:00,0.9995,1.005,0.9995,1.0,24393.11617915,0.0005002501250623848
2020-02-25 00:00:00+00:00,1.002,1.003,1.0,1.003,941.15797447,0.0029999999999998916
2020-02-26 00:00:00+00:00,1.002,1.006,0.9995,1.005,14218.62052381,0.001994017946161497
2020-02-27 00:00:00+00:00,1.002,1.01,0.9995,0.9995,36791.81268025,-0.005472636815920251
2020-02-28 00:00:00+00:00,0.9995,1.003,0.9995,0.9995,66030.90458885,0.0
2020-02-29 00:00:00+00:00,1.00199,1.003,0.9995,0.9995,20444.48788709,0.0
2020-03-01 00:00:00+00:00,1.002,1.002,0.9995,0.9995,34860.79330493,0.0
2020-03-02 00:00:00+00:00,1.0,1.004,0.99901,0.9995,55388.80327779,0.0
2020-03-03 00:00:00+00:00,0.9995,1.002,0.9995,0.99951,41184.99672074,1.0005002501145555e-05
2020-03-04 00:00:00+00:00,0.99951,1.003,0.9995,1.003,46857.85777174,0.003491710938359649
2020-03-05 00:00:00+00:00,0.9996,1.005,0.9995,1.005,43773.59471322,0.001994017946161497
2020-03-06 00:00:00+00:00,1.002,1.002,0.9996,0.9996,10925.851486,-0.005373134328358065
2020-03-07 00:00:00+00:00,0.9996,1.003,0.99951,1.002,31203.8607629,0.0024009603841537164
2020-03-08 00:00:00+00:00,0.9996,1.003,0.9996,0.99961,33842.0687843,-0.0023852295409181323
2020-03-09 00:00:00+00:00,0.99961,1.053,0.9995,0.9995,111088.56283502,-0.0001100429167374406
2020-03-10 00:00:00+00:00,1.0,1.005,0.9995,1.0,91159.8330255,0.0005002501250623848
2020-03-11 00:00:00+00:00,0.9999,1.005,0.9995,0.9999,95645.75417358,-9.999999999998899e-05
2020-03-12 00:00:00+00:00,0.9999,1.028,0.998,0.9995,273898.34363292,-0.0004000400040004015
2020-03-13 00:00:00+00:00,0.9995,1.077,0.9955,1.0,414120.97235482,0.0005002501250623848
2020-03-14 00:00:00+00:00,1.00001,1.015,0.99901,0.9999,178562.43174175,-9.999999999998899e-05
2020-03-15 00:00:00+00:00,0.9999,1.00699,0.99801,0.99801,97151.51061452,-0.0018901890189019221
2020-03-16 00:00:00+00:00,1.0005,1.004,0.98078,1.00199,195471.79196079,0.003987935992625369
2020-03-17 00:00:00+00:00,1.00199,1.00399,0.996,0.999,79632.94458962,-0.0029840617171827954
2020-03-18 00:00:00+00:00,0.999,1.0025,0.999,0.9995,96134.02669466,0.0005005005005005447
2020-03-19 00:00:00+00:00,0.9995,1.003,0.9985,1.002,263501.0648082,0.00250125062531259
2020-03-20 00:00:00+00:00,0.9992,1.005,0.998,0.99902,291162.85016091,-0.0029740518962075857
2020-03-21 00:00:00+00:00,0.99902,1.003,0.9985,0.9992,124425.88840956,0.00018017657304159052
2020-03-22 00:00:00+00:00,1.00149,1.011,0.999,1.00119,93625.30207402,0.0019915932746197296
2020-03-23 00:00:00+00:00,1.00119,1.0032,0.9985,1.00099,107380.08529079,-0.0001997622828833201
2020-03-24 00:00:00+00:00,1.00095,1.0012,0.9975,0.9992,78449.14927421,-0.0017882296526439134
2020-03-25 00:00:00+00:00,0.9992,1.002,0.9985,0.999,136227.68269516,-0.00020016012810242234
2020-03-26 00:00:00+00:00,0.9988,1.0006,0.997,1.0004,79312.73200653,0.0014014014014014364
2020-03-27 00:00:00+00:00,1.0004,1.001,0.998,0.9988,82042.28796986,-0.001599360255897575
2020-03-28 00:00:00+00:00,0.9988,1.0014,0.9985,0.9992,63015.9666035,0.0004004805766919528
2020-03-29 00:00:00+00:00,0.9992,1.00119,0.9988,0.9994,37747.98494843,0.00020016012810253336
2020-03-30 00:00:00+00:00,0.9994,1.0015,0.9988,0.9992,64903.06017401,-0.00020012007204317506
2020-03-31 00:00:00+00:00,0.9992,1.0012,0.998,0.9984,67846.0014413,-0.0008006405124099114
2020-04-01 00:00:00+00:00,0.9984,1.0012,0.98401,1.0008,344449.42492261,0.0024038461538460343
2020-04-02 00:00:00+00:00,1.0008,1.0015,0.998,0.9982,61271.95555296,-0.002597921662669811
2020-04-03 00:00:00+00:00,1.00019,1.0006,0.9984,1.0004,35888.38000097,0.00220396714085358
2020-04-04 00:00:00+00:00,1.00039,1.001,0.999,0.9992,20877.49461397,-0.0011995201919232645
2020-04-05 00:00:00+00:00,1.00099,1.001,0.999,1.00059,39239.32553231,0.0013911128903123515
2020-04-06 00:00:00+00:00,0.9992,1.0015,0.9985,1.0,171447.23593662,-0.0005896521052579651
2020-04-07 00:00:00+00:00,0.9986,1.0014,0.99851,0.9994,171549.81850787,-0.0006000000000000449
2020-04-08 00:00:00+00:00,1.001,1.0016,0.99851,1.00049,49571.5719806,0.0010906543926356704
2020-04-09 00:00:00+00:00,0.999,1.002,0.9985,1.0,47069.35704107,-0.0004897600175914896
2020-04-10 00:00:00+00:00,1.00095,1.0013,0.999,1.00099,72760.29217084,0.0009900000000000464
2020-04-11 00:00:00+00:00,1.00099,1.00147,0.9999,1.0,25155.97473742,-0.0009890208693393854
2020-04-12 00:00:00+00:00,0.9999,1.00164,0.9999,0.9999,32300.48165402,-9.999999999998899e-05
2020-04-13 00:00:00+00:00,0.9999,1.00147,0.9999,1.0,74190.63786297,0.00010001000100001711
2020-04-14 00:00:00+00:00,1.0,1.00146,1.0,1.0,45763.3003709,0.0
2020-04-15 00:00:00+00:00,1.00146,1.00164,0.99991,0.99991,61077.00211526,-9.00000000000345e-05
2020-04-16 00:00:00+00:00,0.99991,1.00215,0.99926,1.00078,83540.61288387,0.0008700783070476614
2020-04-17 00:00:00+00:00,0.9998,1.00096,0.9995,0.9995,28018.83248812,-0.0012790023781450444
2020-04-18 00:00:00+00:00,0.9998,1.00113,0.9992,0.9992,48816.5871354,-0.0003001500750375863
2020-04-19 00:00:00+00:00,0.9992,1.00062,0.9992,0.9995,10514.87634954,0.00030024019215391107
2020-04-20 00:00:00+00:00,0.9995,1.00198,0.9995,0.99994,35867.64857625,0.00044022011005506734
2020-04-21 00:00:00+00:00,1.00055,1.00095,0.99841,1.00045,57237.94627691,0.0005100306018361866
2020-04-22 00:00:00+00:00,0.99909,1.00044,0.99909,0.9995,35653.64510541,-0.0009495726922884584
2020-04-23 00:00:00+00:00,0.9995,1.00164,0.99901,0.9995,75180.22677938,0.0
2020-04-24 00:00:00+00:00,0.9995,1.00147,0.9992,0.9995,28731.67744137,0.0
2020-04-25 00:00:00+00:00,0.9995,1.00113,0.99901,0.99977,53422.63073781,0.00027013506753381655
2020-04-26 00:00:00+00:00,0.99977,1.0013,0.9995,0.9995,26569.37449535,-0.0002700621142862625
2020-04-27 00:00:00+00:00,1.00096,1.005,0.9995,1.002,82766.48893385,0.00250125062531259
2020-04-28 00:00:00+00:00,1.00113,1.00181,0.9995,1.00181,30910.56116238,-0.00018962075848294457
2020-04-29 00:00:00+00:00,1.00181,1.01,0.99901,1.00096,249321.94567515,-0.0008484642796537933
2020-04-30 00:00:00+00:00,1.00096,1.00198,0.98757,0.99943,113795.57257532,-0.0015285326086956763
2020-05-01 00:00:00+00:00,0.99943,1.00062,0.99892,0.99999,49603.77148904,0.0005603193820478136
2020-05-02 00:00:00+00:00,1.00009,1.00113,0.9991,0.9995,49080.75909725,-0.0004900049000490236
2020-05-03 00:00:00+00:00,0.99951,1.00096,0.999,0.99961,45729.03019139,0.00011005502751371132
2020-05-04 00:00:00+00:00,1.00095,1.00147,0.9995,0.99994,87493.68370498,0.00033012875021265486
2020-05-05 00:00:00+00:00,0.99995,1.00129,0.998,1.0,80794.91598585,6.000360021585216e-05
2020-05-06 00:00:00+00:00,1.0,1.00078,0.99858,0.99858,77278.81667345,-0.0014199999999999768
2020-05-07 00:00:00+00:00,0.99858,1.00045,0.98755,0.99901,80113.42639208,0.000430611468284825
2020-05-08 00:00:00+00:00,0.99876,1.00096,0.99876,1.0,73351.41544607,0.0009909810712604994
2020-05-09 00:00:00+00:00,1.0,1.003,0.99909,1.00011,85200.64189761,0.0001100000000000545
2020-05-10 00:00:00+00:00,1.00011,1.02,0.99601,1.00045,175191.11144721,0.00033996260411361945
2020-05-11 00:00:00+00:00,1.00028,1.00499,0.997,1.0002,117492.37126804,-0.0002498875506022902
2020-05-12 00:00:00+00:00,0.9995,1.0013,0.99841,0.99943,97668.07503143,-0.0007698460307937749
2020-05-13 00:00:00+00:00,0.99926,1.00062,0.99858,0.9999,36656.45625785,0.00047026805279015704
2020-05-14 00:00:00+00:00,0.9999,1.0015,0.999,0.99999,77467.4430477,9.000900090017083e-05
2020-05-15 00:00:00+00:00,1.00001,1.0015,0.99892,1.00045,45727.46239477,0.0004600046000460267
2020-05-16 00:00:00+00:00,1.00028,1.005,0.999,0.99994,107319.45339372,-0.0005097706032285432
2020-05-17 00:00:00+00:00,0.99995,1.00147,0.9995,0.9995,40065.64351233,-0.0004400264015841371
2020-05-18 00:00:00+00:00,0.9995,1.00147,0.999,0.99998,69159.23139767,0.0004802401200598716
2020-05-19 00:00:00+00:00,0.99998,1.00099,0.999,1.0006,68409.12658066,0.0006200124002480045
2020-05-20 00:00:00+00:00,1.00061,1.00061,0.99892,1.0004,36552.85273085,-0.000199880071956815
2020-05-21 00:00:00+00:00,1.0006,1.001,0.99875,0.9996,63519.50768707,-0.000799680127948732
2020-05-22 00:00:00+00:00,0.99961,1.00215,0.99926,1.00215,24478.10073755,0.0025510204081633514
2020-05-23 00:00:00+00:00,1.00214,1.0025,0.9995,0.9998,51719.84375269,-0.002344958339570047
2020-05-24 00:00:00+00:00,0.9998,1.00112,0.9995,0.99951,25641.87713836,-0.00029005801160231215
2020-05-25 00:00:00+00:00,0.99951,1.00061,0.999,1.00061,51902.34784252,0.001100539264239364
2020-05-26 00:00:00+00:00,0.9995,1.005,0.9995,0.9995,84057.86818506,-0.0011093233127791313
2020-05-27 00:00:00+00:00,0.99951,1.00096,0.999,1.00029,54607.49830581,0.0007903951975987145
2020-05-28 00:00:00+00:00,1.00029,1.001,0.9986,1.00043,66909.20341927,0.0001399594117705849
2020-05-29 00:00:00+00:00,0.99893,1.00026,0.99859,1.00009,9767.12951377,-0.000339853862838968
2020-05-30 00:00:00+00:00,0.99901,1.00028,0.99876,1.00027,17680.00852623,0.00017998380145800574
2020-05-31 00:00:00+00:00,0.99893,1.00062,0.99892,0.99892,8137.08979939,-0.00134963559838841
2020-06-01 00:00:00+00:00,1.00044,1.0016,0.999,1.0,59302.74921974,0.0010811676610740228
2020-06-02 00:00:00+00:00,0.999,1.00164,0.99751,1.001,139986.28894088,0.0009999999999998899
2020-06-03 00:00:00+00:00,1.00099,1.00112,0.99144,0.99926,50582.05678415,-0.0017382617382616372
2020-06-04 00:00:00+00:00,1.00078,1.001,0.99909,0.99926,17496.67669789,0.0
2020-06-05 00:00:00+00:00,1.00061,1.00232,0.99909,0.99996,49514.6266936,0.0007005183836037432
2020-06-06 00:00:00+00:00,0.99961,1.00096,0.99926,0.99927,12549.07325611,-0.0006900276011040374
2020-06-07 00:00:00+00:00,1.00049,1.001,0.999,1.00099,14920.35700932,0.001721256517257741
2020-06-08 00:00:00+00:00,0.99961,1.00146,0.9996,1.00146,19837.85023905,0.0004695351601913256
2020-06-09 00:00:00+00:00,1.00146,1.0016,0.9995,1.00095,8755.15919919,-0.0005092564855311288
2020-06-10 00:00:00+00:00,0.99961,1.00112,0.99926,0.9995,33896.69577039,-0.001448623807382976
2020-06-11 00:00:00+00:00,1.00078,1.00181,0.999,0.999,108115.39990296,-0.0005002501250626068
2020-06-12 00:00:00+00:00,0.999,1.00096,0.99876,0.99944,21142.48291568,0.00044044044044033726
2020-06-13 00:00:00+00:00,1.0,1.001,0.99893,1.00044,18278.08637036,0.0010005603137757113
2020-06-14 00:00:00+00:00,0.99921,1.00096,0.9992,1.00096,11459.97675464,0.0005197713006277471
2020-06-15 00:00:00+00:00,1.00096,1.02,0.99943,1.00045,143495.99515361,-0.0005095108695651884
2020-06-16 00:00:00+00:00,1.00028,1.02,0.99994,0.99994,37965.56828926,-0.0005097706032285432
2020-06-17 00:00:00+00:00,0.99995,1.00113,0.9995,0.9995,39698.72980463,-0.0004400264015841371
2020-06-18 00:00:00+00:00,0.99951,1.00266,0.9995,1.001,51118.40847784,0.0015007503751873763
2020-06-19 00:00:00+00:00,1.0016,1.00283,0.9995,0.99978,52635.81372683,-0.001218781218781162
2020-06-20 00:00:00+00:00,1.00129,1.0016,0.9992,0.99951,37858.47825944,-0.0002700594130709
2020-06-21 00:00:00+00:00,0.99951,1.00062,0.9992,0.99951,27580.95989544,0.0
2020-06-22 00:00:00+00:00,1.00061,1.00129,0.999,1.00129,62115.11348025,0.0017808726275874154
2020-06-23 00:00:00+00:00,0.99978,1.0013,0.99909,1.00045,35181.23373566,-0.0008389177960430594
2020-06-24 00:00:00+00:00,1.00061,1.00283,0.9995,1.00011,77958.66921164,-0.0003398470688190658
2020-06-25 00:00:00+00:00,1.00147,1.00999,0.9995,1.00646,101541.67427169,0.006349301576826338
2020-06-26 00:00:00+00:00,1.00147,1.00283,0.99893,0.99943,49493.11924617,-0.0069848776901216825
2020-06-27 00:00:00+00:00,0.99927,1.002,0.99927,1.00028,34199.514291,0.0008504847763224355
2020-06-28 00:00:00+00:00,1.0016,1.0016,0.99841,0.9995,52738.05140715,-0.000779781661134904
2020-06-29 00:00:00+00:00,1.00095,1.00111,0.9995,1.00096,8415.2720662,0.001460730365182572
2020-06-30 00:00:00+00:00,0.99961,1.00062,0.99876,1.00062,50865.6087442,-0.00033967391304345895
2020-07-01 00:00:00+00:00,1.00062,1.00128,0.98843,1.0,68846.61195735,-0.0006196158381803762
2020-07-02 00:00:00+00:00,1.00112,1.00113,0.9995,0.9996,26767.77062714,-0.00039999999999995595
2020-07-03 00:00:00+00:00,0.99961,1.00096,0.999,0.99909,51758.34712457,-0.0005102040816327147
2020-07-04 00:00:00+00:00,1.00044,1.001,0.9992,1.00079,27248.42682636,0.0017015484090523447
2020-07-05 00:00:00+00:00,0.9995,1.00079,0.9992,0.99927,16678.05118705,-0.0015188001478833035
2020-07-06 00:00:00+00:00,1.00078,1.00113,0.9992,1.00079,15121.73889123,0.0015211104105998796
2020-07-07 00:00:00+00:00,0.99944,1.00045,0.999,1.00045,9330.94933679,-0.0003397316120264948
2020-07-08 00:00:00+00:00,1.00044,1.00045,0.999,1.00044,26220.60963525,-9.995502024184866e-06
2020-07-09 00:00:00+00:00,1.00044,1.00045,0.999,1.0,19098.78921517,-0.0004398064851465211
2020-07-10 00:00:00+00:00,0.9995,1.00113,0.999,1.00113,28335.97070193,0.0011300000000000754
2020-07-11 00:00:00+00:00,1.0,1.0,0.99909,0.99909,5646.705768,-0.002037697401935823
2020-07-12 00:00:00+00:00,0.99951,1.00095,0.9995,1.00095,6156.72336396,0.0018616941416689237
2020-07-13 00:00:00+00:00,0.99951,1.00095,0.9995,0.9995,8634.3022383,-0.001448623807382976
2020-07-14 00:00:00+00:00,0.99951,1.00096,0.99909,0.99944,7252.40933432,-6.003001500753946e-05
2020-07-15 00:00:00+00:00,0.99943,1.00096,0.999,0.9996,22384.57917454,0.00016008965020408716
2020-07-16 00:00:00+00:00,0.9995,1.00128,0.9995,1.00128,22458.72901866,0.001680672268907557
2020-07-17 00:00:00+00:00,0.99977,0.99977,0.9995,0.9995,8120.96491438,-0.0017777245126237018
2020-07-18 00:00:00+00:00,1.00096,1.001,0.9995,1.001,6360.68199981,0.0015007503751873763
2020-07-19 00:00:00+00:00,1.00099,1.00113,0.9996,1.00096,1211.54738939,-3.9960039959874294e-05
2020-07-20 00:00:00+00:00,0.9995,1.0001,0.9995,1.0001,21158.19003649,-0.0008591751918158863
2020-07-21 00:00:00+00:00,1.0001,1.00096,0.9996,0.9996,3566.07635303,-0.0004999500049994721
2020-07-22 00:00:00+00:00,0.9996,1.00096,0.9995,1.00095,3647.11532275,0.0013505402160864932
2020-07-23 00:00:00+00:00,1.00095,1.002,0.99909,0.99909,90543.48442747,-0.0018582346770568137
2020-07-24 00:00:00+00:00,0.999,1.00079,0.999,0.99951,5695.05047962,0.00042038254811882503
2020-07-25 00:00:00+00:00,0.9995,1.0,0.9992,0.9992,2026.16863371,-0.00031015197446748743
2020-07-26 00:00:00+00:00,0.99951,1.00033,0.9995,0.9995,6954.97622588,0.00030024019215391107
2020-07-27 00:00:00+00:00,0.9995,1.0,0.9995,1.0,28740.26068357,0.0005002501250623848
2020-07-28 00:00:00+00:00,0.99977,1.00111,0.99977,1.00097,5780.40724018,0.0009699999999999154
2020-07-29 00:00:00+00:00,0.99977,1.00076,0.99977,1.0006,1129.66128674,-0.00036964144779561003
2020-07-30 00:00:00+00:00,0.9998,1.00112,0.9995,0.9995,10327.94608449,-0.001099340395762427
2020-07-31 00:00:00+00:00,0.9995,1.00083,0.9995,1.00019,14857.2117842,0.0006903451725861487
2020-08-01 00:00:00+00:00,0.9995,1.00052,0.99923,1.00024,36877.25494832,4.9990501804764165e-05
2020-08-02 00:00:00+00:00,1.00049,1.00079,0.99876,1.00079,36964.78888084,0.0005498680316724514
2020-08-03 00:00:00+00:00,0.99944,1.00129,0.99909,1.001,47817.40028101,0.00020983423095732867
2020-08-04 00:00:00+00:00,1.001,1.001,0.999,0.99962,16897.91823333,-0.0013786213786213253
2020-08-05 00:00:00+00:00,1.00078,1.00078,0.9965,0.998,45915.45255132,-0.0016206158340168475
2020-08-06 00:00:00+00:00,0.99992,1.0001,0.99893,0.99893,9268.37019007,0.0009318637274549069
2020-08-07 00:00:00+00:00,1.0,1.0005,0.99893,1.00044,5180.80843888,0.001511617430650869
2020-08-08 00:00:00+00:00,1.00033,1.00061,0.9992,0.9995,6578.27127758,-0.0009395865819038507
2020-08-09 00:00:00+00:00,1.00061,1.00061,0.9995,0.9995,1652.13055944,0.0
2020-08-10 00:00:00+00:00,0.9995,1.00147,0.99909,0.9995,34980.80309613,0.0
2020-08-11 00:00:00+00:00,0.9995,1.00078,0.999,0.9996,32323.55573599,0.00010005002501256577
2020-08-12 00:00:00+00:00,0.9995,1.00095,0.9992,1.00061,7934.56740884,0.0010104041616645354
2020-08-13 00:00:00+00:00,1.00062,1.00129,0.9995,0.9998,16546.3905633,-0.0008095062012172249
2020-08-14 00:00:00+00:00,0.9995,1.00095,0.9995,0.9995,9127.69240462,-0.00030006001200233445
2020-08-15 00:00:00+00:00,0.9995,1.00061,0.9992,0.9992,23230.10966732,-0.0003001500750375863
2020-08-16 00:00:00+00:00,0.9992,1.00061,0.9992,0.9995,848.20607571,0.00030024019215391107
2020-08-17 00:00:00+00:00,0.9995,1.00147,0.99926,0.9998,49100.75250017,0.00030015007503747526
2020-08-18 00:00:00+00:00,0.9998,1.00158,0.9995,0.9995,56469.28634288,-0.00030006001200233445
2020-08-19 00:00:00+00:00,0.9995,1.0013,0.9992,0.99977,29680.40933332,0.00027013506753381655
2020-08-20 00:00:00+00:00,0.9995,1.0013,0.9995,1.00095,22708.25396458,0.0011802714624362665
2020-08-21 00:00:00+00:00,0.9995,1.00094,0.9995,0.9995,9499.49639907,-0.001448623807382976
2020-08-22 00:00:00+00:00,0.9995,0.99951,0.99926,0.9995,26136.19448622,0.0
2020-08-23 00:00:00+00:00,0.9995,1.0,0.9992,0.9995,3936.34885034,0.0
2020-08-24 00:00:00+00:00,0.9995,1.00113,0.9995,1.00112,14605.11971968,0.0016208104052024552
2020-08-25 00:00:00+00:00,0.99961,1.00112,0.9992,1.00099,84947.2148991,-0.0001298545628894976
2020-08-26 00:00:00+00:00,1.00099,1.002,0.999,1.00045,48467.08606456,-0.0005394659287305537
2020-08-27 00:00:00+00:00,0.99909,1.00011,0.998,1.00011,53999.74871933,-0.0003398470688190658
2020-08-28 00:00:00+00:00,0.9992,1.00129,0.9992,0.9995,14431.23240522,-0.0006099329073802062
2020-08-29 00:00:00+00:00,1.00096,1.00096,0.999,0.9992,18905.61228045,-0.0003001500750375863
2020-08-30 00:00:00+00:00,1.00045,1.00079,0.9992,0.9997,22076.61524399,0.0005004003202562224
2020-08-31 00:00:00+00:00,0.9997,1.00096,0.99949,0.9995,33519.96503529,-0.00020006001800543238
2020-09-01 00:00:00+00:00,1.00095,1.00129,0.999,1.0,56430.31001246,0.0005002501250623848
2020-09-02 00:00:00+00:00,1.0,1.00079,0.999,1.00079,28179.90179957,0.0007900000000000684
2020-09-03 00:00:00+00:00,1.00078,1.002,0.99858,1.00099,244043.42528312,0.00019984212472135
2020-09-04 00:00:00+00:00,1.00099,1.002,0.999,0.9995,159503.3353992,-0.0014885263589047293
2020-09-05 00:00:00+00:00,0.9995,1.00283,0.9995,1.00129,116658.79101789,0.001790895447723928
2020-09-06 00:00:00+00:00,1.00129,1.002,0.99893,0.9995,32438.21090397,-0.0017876938749012972
2020-09-07 00:00:00+00:00,0.99951,1.001,0.9992,0.9995,45372.04657449,0.0
2020-09-08 00:00:00+00:00,0.9995,1.001,0.99943,0.9995,92928.73336427,0.0
2020-09-09 00:00:00+00:00,0.9995,1.00099,0.9995,1.00099,26645.50348929,0.0014907453726862308
2020-09-10 00:00:00+00:00,1.0005,1.00113,0.9996,1.001,39723.39377158,9.990109791191415e-06
2020-09-11 00:00:00+00:00,1.001,1.001,0.9997,0.9997,25245.45083226,-0.0012987012987011326
2020-09-12 00:00:00+00:00,0.9997,1.001,0.9997,0.99971,11683.10946415,1.0003000900260517e-05
2020-09-13 00:00:00+00:00,0.9998,1.00198,0.9997,1.0016,25899.74302888,0.0018905482589952616
2020-09-14 00:00:00+00:00,1.00062,1.0025,0.99994,0.99994,25009.46793123,-0.001657348242811496
2020-09-15 00:00:00+00:00,1.00113,1.00147,0.9997,0.9997,48570.82839471,-0.00024001440086407477
2020-09-16 00:00:00+00:00,0.9997,1.0013,0.9997,0.9997,19736.33183251,0.0
2020-09-17 00:00:00+00:00,0.9997,1.00112,0.9997,1.00111,17181.76024591,0.0014104231269380652
2020-09-18 00:00:00+00:00,0.9997,1.00112,0.9997,1.00112,4093.54396895,9.98891230730159e-06
2020-09-19 00:00:00+00:00,0.9997,1.00113,0.9997,1.0,28724.14360366,-0.0011187470033562352
2020-09-20 00:00:00+00:00,0.99978,1.00111,0.9995,1.00111,30215.88016579,0.0011099999999999444
2020-09-21 00:00:00+00:00,1.00111,1.00113,0.999,0.99971,54370.88034365,-0.0013984477230274406
2020-09-22 00:00:00+00:00,0.99971,1.00096,0.9995,0.9997,34594.51939286,-1.0002900841188378e-05
2020-09-23 00:00:00+00:00,0.9997,1.00113,0.9997,1.00045,26070.5279588,0.0007502250675202049
2020-09-24 00:00:00+00:00,1.00045,1.001,0.9992,1.001,77377.67073206,0.0005497526113247275
2020-09-25 00:00:00+00:00,0.9997,1.00095,0.9992,0.9997,55304.5526515,-0.0012987012987011326
2020-09-26 00:00:00+00:00,1.00095,1.001,0.9995,0.9995,50942.60525483,-0.00020006001800543238
2020-09-27 00:00:00+00:00,1.00059,1.001,0.9995,0.9997,22045.39222974,0.0002001000500249095
2020-09-28 00:00:00+00:00,1.00099,1.00113,0.9992,1.00079,63576.14887822,0.0010903270981295066
2020-09-29 00:00:00+00:00,1.0,1.00146,0.99926,1.00146,10607.73513182,0.0006694711178167889
2020-09-30 00:00:00+00:00,0.99994,1.00112,0.9996,1.00111,4946.21002701,-0.0003494897449723977
2020-10-01 00:00:00+00:00,0.99961,1.002,0.9992,1.00062,56318.39936996,-0.0004894567030594432
2020-10-02 00:00:00+00:00,1.00061,1.0013,0.9996,0.99961,37101.93349602,-0.001009374188003509
2020-10-03 00:00:00+00:00,1.001,1.00181,0.99977,1.001,39315.3559159,0.0013905423115014859
2020-10-04 00:00:00+00:00,0.9997,1.001,0.9995,1.00099,20500.88147556,-9.99000998980204e-06
2020-10-05 00:00:00+00:00,1.00099,1.001,0.9995,1.001,21303.70955267,9.990109791191415e-06
2020-10-06 00:00:00+00:00,1.001,1.00181,0.9992,1.00095,52612.64726299,-4.995004994989838e-05
2020-10-07 00:00:00+00:00,1.00095,1.002,0.99994,1.00028,48930.55257586,-0.0006693641041010112
2020-10-08 00:00:00+00:00,0.99995,1.00181,0.99994,1.00099,83455.50215177,0.0007098012556483457
2020-10-09 00:00:00+00:00,1.00146,1.0016,0.9996,1.0013,17749.2392132,0.0003096934035304866
2020-10-10 00:00:00+00:00,1.0016,1.00215,0.999,0.9992,190376.02642465,-0.002097273544392375
2020-10-11 00:00:00+00:00,1.0013,1.00164,0.9992,0.9995,71731.6501517,0.00030024019215391107
2020-10-12 00:00:00+00:00,0.9995,1.00164,0.9992,0.9996,63056.27553083,0.00010005002501256577
2020-10-13 00:00:00+00:00,0.9996,1.00079,0.9992,0.9995,45164.10543574,-0.00010004001600638635
2020-10-14 00:00:00+00:00,0.9995,1.00095,0.9992,0.9995,33981.53764458,0.0
2020-10-15 00:00:00+00:00,1.00031,1.00078,0.999,0.9992,114762.61683335,-0.0003001500750375863
2020-10-16 00:00:00+00:00,0.99921,1.00045,0.999,0.9992,31015.05171832,0.0
2020-10-17 00:00:00+00:00,1.0,1.0,1.0,1.0,1901.86820998,0.0008006405124099114
2020-10-18 00:00:00+00:00,1.00062,1.00181,0.9996,0.9996,37051.03851732,-0.00039999999999995595
2020-10-19 00:00:00+00:00,1.00095,1.0013,0.99926,1.0,42027.35875199,0.0004001600640255454
2020-10-20 00:00:00+00:00,0.9992,1.001,0.9992,1.00099,22836.32685803,0.0009900000000000464
2020-10-21 00:00:00+00:00,0.99943,1.00164,0.999,1.00025,132879.24929344,-0.0007392681245566024
2020-10-22 00:00:00+00:00,1.00095,1.001,0.9992,0.9992,59035.53938131,-0.001049737565608666
2020-10-23 00:00:00+00:00,1.0,1.00147,0.99978,1.00145,19026.18692236,0.0022518014411530007
2020-10-24 00:00:00+00:00,1.00099,1.00147,0.9992,0.99977,40407.61716153,-0.0016775675270855883
2020-10-25 00:00:00+00:00,1.001,1.00146,0.99909,1.00078,138729.24605944,0.0010102323534413316
2020-10-26 00:00:00+00:00,0.9995,1.00129,0.99945,1.001,44268.66481897,0.00021982853374358235
2020-10-27 00:00:00+00:00,0.9996,1.00181,0.99943,1.00099,23985.43904579,-9.99000998980204e-06
2020-10-28 00:00:00+00:00,1.00099,1.002,0.9995,0.9995,32738.95256164,-0.0014885263589047293
2020-10-29 00:00:00+00:00,0.9995,1.00198,0.9995,1.001,59604.63159223,0.0015007503751873763
2020-10-30 00:00:00+00:00,1.0011,1.002,0.9995,0.9995,26100.49993894,-0.0014985014985012812
2020-10-31 00:00:00+00:00,1.00096,1.00181,0.9995,0.99994,22469.44025526,0.00044022011005506734
2020-11-01 00:00:00+00:00,1.00129,1.00181,1.00045,1.00045,6839.49863641,0.0005100306018361866
2020-11-02 00:00:00+00:00,1.00159,1.0025,0.99994,0.99994,43376.53815667,-0.0005097706032285432
2020-11-03 00:00:00+00:00,0.99977,1.0025,0.99977,1.0,23581.87030177,6.000360021585216e-05
2020-11-04 00:00:00+00:00,0.99995,1.002,0.99951,1.0,50816.79122129,0.0
2020-11-05 00:00:00+00:00,0.99995,1.0013,0.9994,1.00112,120971.49802693,0.0011200000000000099
2020-11-06 00:00:00+00:00,1.00099,1.002,0.999,1.0,100454.53891239,-0.0011187470033562352
2020-11-07 00:00:00+00:00,0.99994,1.002,0.9995,1.00181,46520.7902774,0.0018100000000000893
2020-11-08 00:00:00+00:00,1.00028,1.00249,0.99977,1.0,118205.96782824,-0.0018067298190276304
2020-11-09 00:00:00+00:00,1.0,1.002,1.0,1.0,45374.14931809,0.0
2020-11-10 00:00:00+00:00,1.0,1.00232,1.0,1.0,48324.54329546,0.0
2020-11-11 00:00:00+00:00,1.0,1.00129,0.9995,0.99978,30221.32173187,-0.00021999999999999797
2020-11-12 00:00:00+00:00,1.00094,1.001,0.99943,0.99951,77718.21081009,-0.0002700594130709
2020-11-13 00:00:00+00:00,1.00095,1.00113,0.9996,0.9996,16428.86495357,9.004412161961461e-05
2020-11-14 00:00:00+00:00,1.00113,1.002,1.0,1.0,24385.63171444,0.0004001600640255454
2020-11-15 00:00:00+00:00,0.99994,1.00164,0.99994,1.00164,4502.09143189,0.0016400000000000858
2020-11-16 00:00:00+00:00,1.001,1.00198,0.99977,1.00109,44299.53609054,-0.0005490994768579949
2020-11-17 00:00:00+00:00,1.00062,1.0013,0.99926,0.9995,105515.57898296,-0.001588268787022118
2020-11-18 00:00:00+00:00,0.9995,1.001,0.99801,1.00062,167343.36203015,0.0011205602801400705
2020-11-19 00:00:00+00:00,0.99921,1.00062,0.999,1.00007,21449.59723705,-0.000549659211289022
2020-11-20 00:00:00+00:00,1.0006,1.00096,0.99858,0.99943,39125.92597787,-0.0006399552031357558
2020-11-21 00:00:00+00:00,0.99926,1.0013,0.99892,1.00043,39008.0076041,0.0010005703250852704
2020-11-22 00:00:00+00:00,1.00043,1.00129,0.99909,1.0,33398.88305489,-0.0004298151794727145
2020-11-23 00:00:00+00:00,1.0,1.00096,0.998,0.99977,72046.87386639,-0.00022999999999995246
2020-11-24 00:00:00+00:00,1.0,1.0025,0.9889,0.99875,547491.92664503,-0.0010202346539703866
2020-11-25 00:00:00+00:00,1.00045,1.00045,1.00045,1.00045,103.67,0.0017021276595745594
2020-11-26 00:00:00+00:00,1.00062,1.00215,1.00011,1.00011,8102.34667669,-0.0003398470688190658
2020-11-27 00:00:00+00:00,0.99875,0.99875,0.99875,0.99875,195.20550964,-0.0013598504164542558
2020-11-28 00:00:00+00:00,0.9992,0.9992,0.9992,0.9992,2.99850075,0.00045056320400505
2020-11-29 00:00:00+00:00,0.9992,1.001,0.99909,1.00043,32278.32590856,0.001230984787830236
2020-11-30 00:00:00+00:00,1.00061,1.001,0.993,0.99977,149411.76986571,-0.0006597163219814739
2020-12-01 00:00:00+00:00,0.99977,1.00011,0.99977,1.00006,4296.60433566,0.0002900667153444836
2020-12-02 00:00:00+00:00,0.9986,1.00011,0.9986,0.99892,4064.65059429,-0.001139931604103639
2020-12-03 00:00:00+00:00,0.99875,0.99875,0.99875,0.99875,24.86698828,-0.00017018379850242127
2020-12-04 00:00:00+00:00,1.00028,1.00232,0.99858,0.99994,332756.63479956,0.0011914893617022138
2020-12-05 00:00:00+00:00,0.99994,0.99994,0.99977,0.9998,1896.7532,-0.00014000840050409913
2020-12-06 00:00:00+00:00,0.9998,0.9998,0.99977,0.99977,14186.00336415,-3.0006001200177934e-05
2020-12-07 00:00:00+00:00,0.9995,0.9995,0.9995,0.9995,504.75635799,-0.0002700621142862625
2020-12-08 00:00:00+00:00,0.9996,1.0015,0.9995,0.99994,22511.38422216,0.00044022011005506734
2020-12-09 00:00:00+00:00,1.00129,1.0013,1.00129,1.0013,808.31,0.0013600816048964237
2020-12-10 00:00:00+00:00,0.9995,1.00146,0.999,1.00095,128337.86826588,-0.000349545590732081
2020-12-11 00:00:00+00:00,0.9995,1.0013,0.9995,0.9995,44290.7922767,-0.001448623807382976
2020-12-12 00:00:00+00:00,0.9995,0.9995,0.9995,0.9995,918.49151256,0.0
2020-12-13 00:00:00+00:00,1.00095,1.0013,0.99977,0.99977,27434.23267606,0.00027013506753381655
2020-12-14 00:00:00+00:00,0.99977,1.00062,0.9992,0.9995,65081.70290331,-0.0002700621142862625
2020-12-15 00:00:00+00:00,0.9995,0.9995,0.9995,0.9995,51.75675675,0.0
2020-12-16 00:00:00+00:00,1.00078,1.00079,0.99713,0.99875,133146.77153729,-0.0007503751875937992
2020-12-17 00:00:00+00:00,1.00027,1.00044,0.995,1.00028,119287.18854479,0.0015319148936170368
2020-12-18 00:00:00+00:00,0.9991,0.9991,0.9991,0.9991,8.90001698,-0.0011796696924861738
2020-12-19 00:00:00+00:00,0.99841,1.00079,0.996,0.99977,81670.35734891,0.0006706035431889301
2020-12-20 00:00:00+00:00,0.99994,1.001,0.99604,0.999,126481.55770363,-0.0007701771407424562
2020-12-21 00:00:00+00:00,1.0001,1.0013,0.99858,0.99858,72411.56314032,-0.0004204204204203421
2020-12-22 00:00:00+00:00,1.0001,1.00045,0.998,0.99992,57833.40475511,0.0013419055058183638
2020-12-23 00:00:00+00:00,0.99992,1.00164,0.998,0.99994,170014.29961175,2.0001600127939057e-05
2020-12-24 00:00:00+00:00,0.99994,1.001,0.99892,1.001,109313.86410584,0.0010600636038160527
2020-12-25 00:00:00+00:00,1.001,1.001,0.998,0.99841,120128.64889447,-0.002587412587412463
2020-12-26 00:00:00+00:00,0.9984,1.00079,0.9927,0.99994,74808.51260795,0.0015324365741529178
2020-12-27 00:00:00+00:00,0.99858,1.0013,0.99,1.00113,220227.72402845,0.0011900714042842875
2020-12-28 00:00:00+00:00,1.00113,1.00129,0.9909,0.99977,72259.18782322,-0.001358464934623882
2020-12-29 00:00:00+00:00,0.99977,1.00062,0.997,1.00045,80789.9907681,0.0006801564359801837
2020-12-30 00:00:00+00:00,0.99892,1.00146,0.99,1.0,161994.91223074,-0.0004497975910841001
2020-12-31 00:00:00+00:00,1.00028,1.00096,0.99,1.00028,80678.68121672,0.000280000000000058
2021-01-01 00:00:00+00:00,1.00062,1.00062,0.997,0.998,51536.20630618,-0.002279361778702027
2021-01-02 00:00:00+00:00,0.99977,0.99993,0.99977,0.99993,1377.93512529,0.0019338677354709954
2021-01-03 00:00:00+00:00,0.999,1.001,0.97503,0.999,243389.88698028,-0.0009300651045572872
2021-01-04 00:00:00+00:00,0.999,0.999,0.99888,0.9989,4166.52764727,-0.00010010010010008674
2021-01-05 00:00:00+00:00,0.999,1.00011,0.99858,0.99858,5026.99765938,-0.00032035238762639917
2021-01-06 00:00:00+00:00,0.99977,1.0001,0.99858,1.0001,3571.55523583,0.0015221614692864094
2021-01-07 00:00:00+00:00,0.998,1.0,0.91001,0.99406,33526.9119196,-0.006039396060393942
2021-01-08 00:00:00+00:00,0.99501,1.001,0.9,0.9995,263068.2127534,0.005472506689736978
2021-01-09 00:00:00+00:00,0.9995,1.001,0.9995,1.001,21361.2354929,0.0015007503751873763
2021-01-10 00:00:00+00:00,0.99893,0.99895,0.99892,0.99895,19629.87065042,-0.0020479520479519397
2021-01-11 00:00:00+00:00,0.99994,1.00181,0.99994,1.00181,3267.43096943,0.0028630061564642872
2021-01-12 00:00:00+00:00,0.9996,1.00232,0.99876,1.002,21925.06292742,0.0001896567213341971
2021-01-13 00:00:00+00:00,1.00079,1.00129,0.99977,0.99977,2755.4082415,-0.0022255489021956176
2021-01-14 00:00:00+00:00,0.997,0.997,0.995,0.997,2359.46907782,-0.0027706372465667872
2021-01-15 00:00:00+00:00,0.99926,0.99994,0.99858,0.99994,4594.93270441,0.002948846539619021
2021-01-16 00:00:00+00:00,0.99926,1.00062,0.9992,1.00062,8422.79690088,0.0006800408024481008
2021-01-17 00:00:00+00:00,1.00096,1.00096,0.997,1.00011,10767.19710213,-0.0005096839959225496
2021-01-18 00:00:00+00:00,0.99858,0.99858,0.99841,0.99841,1730.19952009,-0.0016998130205677642
2021-01-19 00:00:00+00:00,0.9996,0.9996,0.9992,0.9992,8959.19210994,0.0007912581003794994
2021-01-20 00:00:00+00:00,1.00062,1.00099,0.99943,0.99943,13130.06581997,0.0002301841473180133
2021-01-21 00:00:00+00:00,0.9995,1.002,0.9985,0.9998,703813.37008425,0.00037021102028145236
2021-01-22 00:00:00+00:00,0.9998,1.002,0.9998,1.00062,50057.01885198,0.0008201640328067139
2021-01-23 00:00:00+00:00,0.999,1.0001,0.999,0.999,18062.77170506,-0.0016189962223421839
2021-01-24 00:00:00+00:00,0.9996,1.00113,0.999,1.00044,88468.01211576,0.0014414414414414267
2021-01-25 00:00:00+00:00,0.999,0.999,0.999,0.999,7561.51390082,-0.0014393666786614023
2021-01-26 00:00:00+00:00,0.99977,1.0015,0.99977,1.0,259384.71931197,0.0010010010010010895
2021-01-27 00:00:00+00:00,1.0,1.0,1.0,1.0,12099.34004479,0.0
2021-01-28 00:00:00+00:00,1.00146,1.00147,1.0,1.0,1135.61759157,0.0
2021-01-29 00:00:00+00:00,0.9995,1.00095,0.9995,1.00095,21478.4206476,0.0009500000000000064
2021-01-30 00:00:00+00:00,0.99975,1.00096,0.99926,0.99926,38537.16752183,-0.0016883960237773499
2021-01-31 00:00:00+00:00,0.9998,0.9998,0.9998,0.9998,4859.35984146,0.0005403998959230272
2021-02-01 00:00:00+00:00,1.0016,1.003,0.999,1.00062,256294.73396931,0.0008201640328067139
2021-02-02 00:00:00+00:00,1.00062,1.00062,0.999,0.999,1261.41824562,-0.0016189962223421839
2021-02-03 00:00:00+00:00,0.99909,1.00044,0.99875,0.99875,7759.54131404,-0.00025025025025027237
2021-02-04 00:00:00+00:00,1.00099,1.001,0.9996,0.9996,10895.869,0.0008510638297871687
2021-02-05 00:00:00+00:00,1.00044,1.001,1.00044,1.001,4086.76285576,0.0014005602240894088
2021-02-06 00:00:00+00:00,1.00045,1.001,0.99701,0.99943,109989.15937257,-0.0015684315684314498
2021-02-07 00:00:00+00:00,0.99943,1.00181,0.996,1.00011,304182.06501513,0.0006803878210579484
2021-02-08 00:00:00+00:00,0.99858,1.002,0.97016,0.99841,492610.99022335,-0.0016998130205677642
2021-02-09 00:00:00+00:00,0.99977,1.00062,0.9875,1.0,792790.96974095,0.0015925321260803482
2021-02-10 00:00:00+00:00,1.0,1.001,0.99,1.0,469831.14453298,0.0
2021-02-11 00:00:00+00:00,1.0,1.00113,0.99509,0.999,628795.69664063,-0.0010000000000000009
2021-02-12 00:00:00+00:00,1.0,1.00181,0.996,0.99702,610231.5631962,-0.0019819819819819617
2021-02-13 00:00:00+00:00,0.99977,1.00147,0.996,1.0,241534.68670654,0.0029889069426891623
2021-02-14 00:00:00+00:00,1.0,1.0013,0.9996,1.00038,209238.74169289,0.00038000000000004697
2021-02-15 00:00:00+00:00,0.99994,1.00147,0.99984,1.00015,1158075.21387778,-0.0002299126331993806
2021-02-16 00:00:00+00:00,1.00011,1.00198,0.99841,1.0001,606687.21700863,-4.999250112491804e-05
2021-02-17 00:00:00+00:00,1.0,1.0013,0.99977,1.00005,349213.07574506,-4.9995000499847286e-05
2021-02-18 00:00:00+00:00,1.00005,1.00067,0.9995,1.00066,491218.07913797,0.0006099695015249207
2021-02-19 00:00:00+00:00,0.99994,1.00147,0.9995,1.0,707722.3756681,-0.0006595646873064354
2021-02-20 00:00:00+00:00,1.0,1.0015,0.99926,0.99984,426531.24669961,-0.000160000000000049
2021-02-21 00:00:00+00:00,1.00017,1.001,0.99949,1.00015,288992.11138327,0.00031004960793734604
2021-02-22 00:00:00+00:00,1.00015,1.004,0.9995,1.0,929132.06562038,-0.0001499775033746431
2021-02-23 00:00:00+00:00,1.00005,1.0927,0.99926,0.9998,1168849.4301758,-0.00019999999999997797
2021-02-24 00:00:00+00:00,0.9998,1.0013,0.9993,1.00026,612660.70877576,0.0004600920184036905
2021-02-25 00:00:00+00:00,1.00062,1.00129,0.9998,0.9999,413680.54464495,-0.0003599064243295924
2021-02-26 00:00:00+00:00,0.9999,1.00101,0.9993,1.0001,592763.84383978,0.00020002000200025627
2021-02-27 00:00:00+00:00,1.00017,1.0008,0.99926,1.00069,285254.87559681,0.0005899410058995969
2021-02-28 00:00:00+00:00,1.00018,1.001,1.0,1.00012,470068.01817829,-0.0005696069711900176
2021-03-01 00:00:00+00:00,1.00018,1.001,1.0,1.00046,482375.00881273,0.00033995920489537923
2021-03-02 00:00:00+00:00,1.00052,1.001,0.99875,1.00017,425363.58874591,-0.0002898666613356804
2021-03-03 00:00:00+00:00,1.00025,1.0005,0.99841,1.0005,511267.5315948,0.0003299439095352241
2021-03-04 00:00:00+00:00,1.0005,1.00096,0.99948,1.00003,391075.23900766,-0.0004697651174412343
2021-03-05 00:00:00+00:00,1.00063,1.002,0.999,1.00064,550511.48094621,0.0006099817005489339
2021-03-06 00:00:00+00:00,1.00026,1.0013,1.0,1.00087,204390.46456099,0.0002298528941477862
2021-03-07 00:00:00+00:00,1.00087,1.00089,0.9998,1.00006,470959.39394682,-0.0008092959125560739
2021-03-08 00:00:00+00:00,0.9998,1.00098,0.9998,0.9998,167242.26724084,-0.0002599844009358865
2021-03-09 00:00:00+00:00,1.00043,1.00045,0.999,0.9999,251833.17504457,0.00010002000400088917
2021-03-10 00:00:00+00:00,0.9999,1.0005,0.99945,0.9999,270928.13777295,0.0
2021-03-11 00:00:00+00:00,0.9999,1.0005,0.99945,0.9998,195867.54583387,-0.00010001000100012813
2021-03-12 00:00:00+00:00,1.0001,1.0015,0.9996,1.0,277774.97983755,0.0002000400080015563
2021-03-13 00:00:00+00:00,1.0,1.0013,0.99939,1.00054,442595.50259366,0.0005399999999999849
2021-03-14 00:00:00+00:00,0.99998,1.0006,0.99958,0.99973,322351.96218724,-0.0008095628360684781
2021-03-15 00:00:00+00:00,0.99973,1.0013,0.999,0.9998,369373.83281724,7.001890510438535e-05
2021-03-16 00:00:00+00:00,1.00043,1.0008,0.99959,1.00036,243992.46879892,0.0005601120224043576
2021-03-17 00:00:00+00:00,1.00002,1.00096,0.99981,1.0,394602.80939152,-0.00035987044663909895
2021-03-18 00:00:00+00:00,1.0,1.00048,0.999,0.9999,279288.05852458,-9.999999999998899e-05
2021-03-19 00:00:00+00:00,0.9999,1.00045,0.99909,0.99954,162021.55068321,-0.00036003600360035026
2021-03-20 00:00:00+00:00,0.99999,1.0002,0.999,1.0002,201920.84062895,0.0006603037397203693
